# Published progress; '-' means no value was recorded.
# began	2026-07-16
# current	2026-10-03	verified	verified
date	tbs_done	tbs_executable	tbs_percent	tla_done	tla_executable	tla_percent	models	overhaul
2026-07-16	-	-	1.0	-	-	-	Sol 5.6=56	-
2026-07-16T14	-	-	0.0	-	-	-	-	-
2026-07-16T15	-	-	1.0	-	-	-	-	-
2026-07-16T16	-	-	1.0	-	-	-	-	-
2026-07-16T17	-	-	1.0	-	-	-	-	-
2026-07-16T18	-	-	1.0	-	-	-	-	-
2026-07-16T19	-	-	1.0	-	-	-	-	-
2026-07-16T20	-	-	1.0	-	-	-	-	-
2026-07-16T23	-	-	1.0	-	-	-	-	-
2026-07-17	-	-	1.0	-	-	-	Fable 5=44;Sol 5.6=12	-
2026-07-17T00	-	-	1.0	-	-	-	-	-
2026-07-17T01	-	-	1.0	-	-	-	-	-
2026-07-17T07	-	-	1.0	-	-	-	-	-
2026-07-17T08	-	-	1.0	-	-	-	-	-
2026-07-17T09	-	-	1.0	-	-	-	-	-
2026-07-17T13	-	-	1.0	-	-	-	-	-
2026-07-17T14	-	-	1.0	-	-	-	-	-
2026-07-17T15	-	-	1.0	-	-	-	-	-
2026-07-17T16	-	-	1.0	-	-	-	-	-
2026-07-17T17	-	-	1.0	-	-	-	-	-
2026-07-17T18	-	-	1.0	-	-	-	-	-
2026-07-17T19	-	-	1.0	-	-	-	-	-
2026-07-17T20	-	-	1.0	-	-	-	-	-
2026-07-17T21	-	-	1.0	-	-	-	-	-
2026-07-17T22	-	-	1.0	-	-	-	-	-
2026-07-17T23	-	-	1.0	-	-	-	-	-
2026-07-18	-	-	2.0	-	-	-	Fable 5=13;Sol 5.6=53	-
2026-07-18T00	-	-	1.0	-	-	-	-	-
2026-07-18T01	-	-	1.0	-	-	-	-	-
2026-07-18T02	-	-	1.0	-	-	-	-	-
2026-07-18T08	-	-	1.0	-	-	-	-	-
2026-07-18T09	-	-	1.0	-	-	-	-	-
2026-07-18T10	-	-	1.0	-	-	-	-	-
2026-07-18T14	-	-	1.0	-	-	-	-	-
2026-07-18T15	-	-	1.0	-	-	-	-	-
2026-07-18T16	-	-	1.0	-	-	-	-	-
2026-07-18T17	-	-	2.0	-	-	-	-	-
2026-07-18T18	-	-	2.0	-	-	-	-	-
2026-07-18T19	-	-	2.0	-	-	-	-	-
2026-07-18T20	-	-	2.0	-	-	-	-	-
2026-07-18T21	-	-	2.0	-	-	-	-	-
2026-07-18T22	-	-	2.0	-	-	-	-	-
2026-07-18T23	-	-	2.0	-	-	-	-	-
2026-07-19	-	-	2.0	-	-	-	Fable 5=12;Sol 5.6=75	-
2026-07-19T00	-	-	2.0	-	-	-	-	-
2026-07-19T01	-	-	2.0	-	-	-	-	-
2026-07-19T02	-	-	2.0	-	-	-	-	-
2026-07-19T03	-	-	2.0	-	-	-	-	-
2026-07-19T04	-	-	2.0	-	-	-	-	-
2026-07-19T05	-	-	2.0	-	-	-	-	-
2026-07-19T06	-	-	2.0	-	-	-	-	-
2026-07-19T07	-	-	2.0	-	-	-	-	-
2026-07-19T08	-	-	2.0	-	-	-	-	-
2026-07-19T09	-	-	2.0	-	-	-	-	-
2026-07-19T10	-	-	2.0	-	-	-	-	-
2026-07-19T11	-	-	2.0	-	-	-	-	-
2026-07-19T12	-	-	2.0	-	-	-	-	-
2026-07-19T13	-	-	2.0	-	-	-	-	-
2026-07-19T14	-	-	2.0	-	-	-	-	-
2026-07-19T18	-	-	2.0	-	-	-	-	-
2026-07-19T19	-	-	2.0	-	-	-	-	-
2026-07-19T21	-	-	2.0	-	-	-	-	-
2026-07-19T22	-	-	2.0	-	-	-	-	-
2026-07-19T23	-	-	2.0	-	-	-	-	-
2026-07-20	-	-	3.0	-	-	-	Fable 5=22;Sol 5.6=1	-
2026-07-20T00	-	-	2.0	-	-	-	-	-
2026-07-20T06	-	-	2.0	-	-	-	-	-
2026-07-20T07	-	-	2.0	-	-	-	-	-
2026-07-20T08	-	-	3.0	-	-	-	-	-
2026-07-20T09	-	-	3.0	-	-	-	-	-
2026-07-20T10	-	-	3.0	-	-	-	-	-
2026-07-20T14	-	-	3.0	-	-	-	-	-
2026-07-20T15	-	-	3.0	-	-	-	-	-
2026-07-20T16	-	-	3.0	-	-	-	-	-
2026-07-20T20	-	-	3.0	-	-	-	-	-
2026-07-20T21	-	-	3.0	-	-	-	-	-
2026-07-21	-	-	3.0	-	-	-	Fable 5=14;Sol 5.6=8;Terra 5.6=2	-
2026-07-21T08	-	-	3.0	-	-	-	-	-
2026-07-21T09	-	-	3.0	-	-	-	-	-
2026-07-21T15	-	-	3.0	-	-	-	-	-
2026-07-21T16	-	-	3.0	-	-	-	-	-
2026-07-21T21	-	-	3.0	-	-	-	-	-
2026-07-21T22	-	-	3.0	-	-	-	-	-
2026-07-21T23	-	-	3.0	-	-	-	-	-
2026-07-22	-	-	4.0	-	-	-	Fable 5=41;Sol 5.6=42;Terra 5.6=4	-
2026-07-22T00	-	-	3.0	-	-	-	-	-
2026-07-22T04	-	-	3.0	-	-	-	-	-
2026-07-22T05	-	-	3.0	-	-	-	-	-
2026-07-22T06	-	-	3.0	-	-	-	-	-
2026-07-22T07	-	-	3.0	-	-	-	-	-
2026-07-22T08	-	-	3.0	-	-	-	-	-
2026-07-22T09	-	-	3.0	-	-	-	-	-
2026-07-22T10	-	-	3.0	-	-	-	-	-
2026-07-22T11	-	-	3.0	-	-	-	-	-
2026-07-22T12	-	-	3.0	-	-	-	-	-
2026-07-22T13	-	-	3.0	-	-	-	-	-
2026-07-22T14	-	-	3.0	-	-	-	-	-
2026-07-22T15	-	-	3.0	-	-	-	-	-
2026-07-22T16	-	-	3.0	-	-	-	-	-
2026-07-22T17	-	-	3.0	-	-	-	-	-
2026-07-22T19	-	-	4.0	-	-	-	-	-
2026-07-22T20	-	-	4.0	-	-	-	-	-
2026-07-22T21	-	-	4.0	-	-	-	-	-
2026-07-22T22	-	-	4.0	-	-	-	-	-
2026-07-22T23	-	-	4.0	-	-	-	-	-
2026-07-23	-	-	5.0	-	-	-	Fable 5=22;Sol 5.6=41;Sonnet 5=1	-
2026-07-23T00	-	-	4.0	-	-	-	-	-
2026-07-23T01	-	-	4.0	-	-	-	-	-
2026-07-23T02	-	-	4.0	-	-	-	-	-
2026-07-23T03	-	-	4.0	-	-	-	-	-
2026-07-23T04	-	-	4.0	-	-	-	-	-
2026-07-23T05	-	-	4.0	-	-	-	-	-
2026-07-23T06	-	-	4.0	-	-	-	-	-
2026-07-23T07	-	-	5.0	-	-	-	-	-
2026-07-23T08	-	-	5.0	-	-	-	-	-
2026-07-23T09	-	-	5.0	-	-	-	-	-
2026-07-23T10	-	-	5.0	-	-	-	-	-
2026-07-23T11	-	-	5.0	-	-	-	-	-
2026-07-23T12	-	-	5.0	-	-	-	-	-
2026-07-23T16	-	-	5.0	-	-	-	-	-
2026-07-23T17	-	-	5.0	-	-	-	-	-
2026-07-23T18	-	-	5.0	-	-	-	-	-
2026-07-23T22	-	-	5.0	-	-	-	-	-
2026-07-24	-	-	6.0	-	-	-	Sonnet 5=53	-
2026-07-24T08	-	-	5.0	-	-	-	-	-
2026-07-24T09	-	-	5.0	-	-	-	-	-
2026-07-24T10	-	-	5.0	-	-	-	-	-
2026-07-24T11	-	-	5.0	-	-	-	-	-
2026-07-24T13	-	-	5.0	-	-	-	-	-
2026-07-24T15	-	-	6.0	-	-	-	-	-
2026-07-24T17	-	-	6.0	-	-	-	-	-
2026-07-24T18	-	-	6.0	-	-	-	-	-
2026-07-24T19	-	-	6.0	-	-	-	-	-
2026-07-24T20	-	-	6.0	-	-	-	-	-
2026-07-24T21	-	-	6.0	-	-	-	-	-
2026-07-24T22	-	-	6.0	-	-	-	-	-
2026-07-24T23	-	-	6.0	-	-	-	-	-
2026-07-25	-	-	7.0	-	-	-	Fable 5=71;Opus 5=2;Sol 5.6=1	-
2026-07-25T00	-	-	6.0	-	-	-	-	-
2026-07-25T01	-	-	6.0	-	-	-	-	-
2026-07-25T02	-	-	6.0	-	-	-	-	-
2026-07-25T03	-	-	6.0	-	-	-	-	-
2026-07-25T09	-	-	6.0	-	-	-	-	-
2026-07-25T14	-	-	6.0	-	-	-	-	-
2026-07-25T15	-	-	7.0	-	-	-	-	-
2026-07-25T16	-	-	7.0	-	-	-	-	-
2026-07-25T17	-	-	7.0	-	-	-	-	-
2026-07-25T18	-	-	7.0	-	-	-	-	-
2026-07-25T19	-	-	7.0	-	-	-	-	-
2026-07-25T22	-	-	7.0	-	-	-	-	-
2026-07-25T23	-	-	7.0	-	-	-	-	-
2026-07-26	-	-	7.0	-	-	-	Opus 5=44;Sol 5.6=8	-
2026-07-26T01	-	-	7.0	-	-	-	-	-
2026-07-26T10	-	-	7.0	-	-	-	-	-
2026-07-26T11	-	-	7.0	-	-	-	-	-
2026-07-26T12	-	-	7.0	-	-	-	-	-
2026-07-26T13	-	-	7.0	-	-	-	-	-
2026-07-26T17	-	-	7.0	-	-	-	-	-
2026-07-26T18	-	-	7.0	-	-	-	-	-
2026-07-26T19	-	-	7.0	-	-	-	-	-
2026-07-26T20	-	-	7.0	-	-	-	-	-
2026-07-26T21	-	-	7.0	-	-	-	-	-
2026-07-26T23	-	-	7.0	-	-	-	-	-
2026-07-27	-	-	8.0	-	-	-	Sol 5.6=10	-
2026-07-27T00	-	-	7.0	-	-	-	-	-
2026-07-27T01	-	-	8.0	-	-	-	-	-
2026-07-27T02	-	-	8.0	-	-	-	-	-
2026-07-27T10	-	-	8.0	-	-	-	-	-
2026-07-27T11	-	-	8.0	-	-	-	-	-
2026-07-27T12	-	-	8.0	-	-	-	-	-
2026-07-27T13	-	-	8.0	-	-	-	-	-
2026-07-27T19	-	-	8.0	-	-	-	-	-
2026-07-28	-	-	9.0	-	-	-	Fable 5=3;Sol 5.6=52	-
2026-07-28T09	-	-	8.0	-	-	-	-	-
2026-07-28T10	-	-	8.0	-	-	-	-	-
2026-07-28T11	-	-	8.0	-	-	-	-	-
2026-07-28T12	-	-	8.0	-	-	-	-	-
2026-07-28T13	-	-	8.0	-	-	-	-	-
2026-07-28T14	-	-	8.0	-	-	-	-	-
2026-07-28T15	-	-	8.0	-	-	-	-	-
2026-07-28T16	-	-	8.0	-	-	-	-	-
2026-07-28T17	-	-	8.0	-	-	-	-	-
2026-07-28T18	-	-	8.0	-	-	-	-	-
2026-07-28T19	-	-	9.0	-	-	-	-	-
2026-07-28T20	-	-	9.0	-	-	-	-	-
2026-07-28T21	-	-	9.0	-	-	-	-	-
2026-07-28T22	-	-	9.0	-	-	-	-	-
2026-07-29	-	-	11.0	-	-	-	Fable 5=42;Sol 5.6=147	-
2026-07-29T00	-	-	10.0	-	-	-	-	-
2026-07-29T01	-	-	10.0	-	-	-	-	-
2026-07-29T02	-	-	10.0	-	-	-	-	-
2026-07-29T03	-	-	10.0	-	-	-	-	-
2026-07-29T04	-	-	10.0	-	-	-	-	-
2026-07-29T06	-	-	10.0	-	-	-	-	-
2026-07-29T10	-	-	10.0	-	-	-	-	-
2026-07-29T11	-	-	10.0	-	-	-	-	-
2026-07-29T12	-	-	10.0	-	-	-	-	-
2026-07-29T13	-	-	10.0	-	-	-	-	-
2026-07-29T14	-	-	10.0	-	-	-	-	-
2026-07-29T15	-	-	11.0	-	-	-	-	-
2026-07-29T16	-	-	11.0	-	-	-	-	-
2026-07-29T17	-	-	11.0	-	-	-	-	-
2026-07-29T18	-	-	11.0	-	-	-	-	-
2026-07-29T19	-	-	11.0	-	-	-	-	-
2026-07-29T20	-	-	11.0	-	-	-	-	-
2026-07-29T21	-	-	11.0	-	-	-	-	-
2026-07-30	-	-	16.0	-	-	-	Opus 5=101;Sol 5.6=49;Sonnet 5=128	-
2026-07-30T09	-	-	13.0	-	-	-	-	-
2026-07-30T10	-	-	13.0	-	-	-	-	-
2026-07-30T11	-	-	13.0	-	-	-	-	-
2026-07-30T12	-	-	14.0	-	-	-	-	-
2026-07-30T13	-	-	14.0	-	-	-	-	-
2026-07-30T14	-	-	14.0	-	-	-	-	-
2026-07-30T15	-	-	14.0	-	-	-	-	-
2026-07-30T16	-	-	14.0	-	-	-	-	-
2026-07-30T17	-	-	15.0	-	-	-	-	-
2026-07-30T18	-	-	15.0	-	-	-	-	-
2026-07-30T21	-	-	16.0	-	-	-	-	-
2026-07-30T22	-	-	16.0	-	-	-	-	-
2026-07-30T23	-	-	16.0	-	-	-	-	-
2026-07-31	-	-	17.0	-	-	-	Fable 5=130;Opus 5=121;Sol 5.6=15;Sonnet 5=318	-
2026-07-31T00	-	-	16.0	-	-	-	-	-
2026-07-31T01	-	-	16.0	-	-	-	-	-
2026-07-31T02	-	-	16.0	-	-	-	-	-
2026-07-31T03	-	-	16.0	-	-	-	-	-
2026-07-31T04	-	-	17.0	-	-	-	-	-
2026-07-31T05	-	-	17.0	-	-	-	-	-
2026-07-31T06	-	-	17.0	-	-	-	-	-
2026-07-31T11	-	-	17.0	-	-	-	-	-
2026-07-31T12	-	-	17.0	-	-	-	-	-
2026-07-31T14	-	-	17.0	-	-	-	-	-
2026-07-31T15	-	-	17.0	-	-	-	-	-
2026-07-31T16	-	-	17.0	-	-	-	-	-
2026-07-31T17	-	-	17.0	-	-	-	-	-
2026-07-31T18	-	-	17.0	-	-	-	-	-
2026-07-31T19	-	-	17.0	-	-	-	-	-
2026-07-31T20	-	-	17.0	-	-	-	-	-
2026-07-31T21	-	-	17.0	-	-	-	-	-
2026-07-31T22	-	-	17.0	-	-	-	-	-
2026-07-31T23	-	-	17.0	-	-	-	-	-
2026-08-01	-	-	20.0	-	-	-	Fable 5=89;Opus 5=285;Sol 5.6=63	-
2026-08-01T00	-	-	17.0	-	-	-	-	-
2026-08-01T01	-	-	17.0	-	-	-	-	-
2026-08-01T02	-	-	17.0	-	-	-	-	-
2026-08-01T03	-	-	17.0	-	-	-	-	-
2026-08-01T04	-	-	17.0	-	-	-	-	-
2026-08-01T05	-	-	17.0	-	-	-	-	-
2026-08-01T06	-	-	17.0	-	-	-	-	-
2026-08-01T07	-	-	17.0	-	-	-	-	-
2026-08-01T08	-	-	18.0	-	-	-	-	-
2026-08-01T09	-	-	18.0	-	-	-	-	-
2026-08-01T10	-	-	18.0	-	-	-	-	-
2026-08-01T11	-	-	18.0	-	-	-	-	-
2026-08-01T12	-	-	18.0	-	-	-	-	-
2026-08-01T13	-	-	18.0	-	-	-	-	-
2026-08-01T14	-	-	18.0	-	-	-	-	-
2026-08-01T15	-	-	18.0	-	-	-	-	-
2026-08-01T16	-	-	19.0	-	-	-	-	-
2026-08-01T18	-	-	19.0	-	-	-	-	-
2026-08-01T20	-	-	19.0	-	-	-	-	-
2026-08-01T21	-	-	19.0	-	-	-	-	-
2026-08-01T22	-	-	20.0	-	-	-	-	-
2026-08-01T23	-	-	20.0	-	-	-	-	-
2026-08-02	-	-	20.0	-	-	-	Luna 5.6=3;Sol 5.6=46	-
2026-08-02T00	-	-	20.0	-	-	-	-	-
2026-08-02T01	-	-	20.0	-	-	-	-	-
2026-08-02T02	-	-	20.0	-	-	-	-	-
2026-08-02T03	-	-	20.0	-	-	-	-	-
2026-08-02T04	-	-	20.0	-	-	-	-	-
2026-08-02T05	-	-	20.0	-	-	-	-	-
2026-08-02T06	-	-	20.0	-	-	-	-	-
2026-08-02T07	-	-	20.0	-	-	-	-	-
2026-08-02T08	-	-	20.0	-	-	-	-	-
2026-08-02T09	-	-	20.0	-	-	-	-	-
2026-08-02T10	-	-	20.0	-	-	-	-	-
2026-08-02T11	-	-	20.0	-	-	-	-	-
2026-08-02T12	-	-	20.0	-	-	-	-	-
2026-08-02T13	-	-	20.0	-	-	-	-	-
2026-08-02T19	-	-	20.0	-	-	-	-	-
2026-08-02T20	-	-	20.0	-	-	-	-	-
2026-08-02T22	-	-	20.0	-	-	-	-	-
2026-08-02T23	-	-	20.0	-	-	-	-	-
2026-08-03	-	-	20.0	-	-	-	Sol 5.6=13	-
2026-08-03T00	-	-	20.0	-	-	-	-	-
2026-08-03T01	-	-	20.0	-	-	-	-	-
2026-08-03T10	-	-	20.0	-	-	-	-	-
2026-08-03T11	-	-	20.0	-	-	-	-	-
2026-08-03T12	-	-	20.0	-	-	-	-	-
2026-08-04	-	-	21.0	-	-	-	Fable 5=1;Sol 5.6=1;Sonnet 5=42	-
2026-08-04T11	-	-	20.0	-	-	-	-	-
2026-08-04T14	-	-	20.0	-	-	-	-	-
2026-08-04T15	-	-	20.0	-	-	-	-	-
2026-08-04T16	-	-	20.0	-	-	-	-	-
2026-08-04T17	-	-	21.0	-	-	-	-	-
2026-08-04T18	-	-	21.0	-	-	-	-	-
2026-08-04T19	-	-	21.0	-	-	-	-	-
2026-08-04T20	-	-	21.0	-	-	-	-	-
2026-08-04T21	-	-	21.0	-	-	-	-	-
2026-08-04T22	-	-	21.0	-	-	-	-	-
2026-08-04T23	-	-	21.0	-	-	-	-	-
2026-08-05	-	-	22.0	-	-	-	Fable 5=11;Opus 5=19;Sonnet 5=95	-
2026-08-05T00	-	-	21.0	-	-	-	-	-
2026-08-05T01	-	-	21.0	-	-	-	-	-
2026-08-05T02	-	-	21.0	-	-	-	-	-
2026-08-05T03	-	-	21.0	-	-	-	-	-
2026-08-05T04	-	-	21.0	-	-	-	-	-
2026-08-05T05	-	-	21.0	-	-	-	-	-
2026-08-05T06	-	-	21.0	-	-	-	-	-
2026-08-05T07	-	-	21.0	-	-	-	-	-
2026-08-05T08	-	-	21.0	-	-	-	-	-
2026-08-05T16	-	-	21.0	-	-	-	-	-
2026-08-05T17	-	-	21.0	-	-	-	-	-
2026-08-05T19	-	-	22.0	-	-	-	-	-
2026-08-05T21	-	-	22.0	-	-	-	-	-
2026-08-05T22	-	-	22.0	-	-	-	-	-
2026-08-06	-	-	22.0	-	-	-	Fable 5=3;Opus 5=26;Sonnet 5=3	-
2026-08-06T09	-	-	22.0	-	-	-	-	-
2026-08-06T10	-	-	22.0	-	-	-	-	-
2026-08-06T12	-	-	22.0	-	-	-	-	-
2026-08-07	-	-	24.0	-	-	-	Opus 5=141	-
2026-08-07T00	-	-	23.0	-	-	-	-	-
2026-08-07T02	-	-	22.0	-	-	-	-	-
2026-08-07T08	-	-	22.0	-	-	-	-	-
2026-08-07T09	-	-	23.0	-	-	-	-	-
2026-08-07T10	-	-	23.0	-	-	-	-	-
2026-08-07T11	-	-	23.0	-	-	-	-	-
2026-08-07T12	-	-	23.0	-	-	-	-	-
2026-08-07T13	-	-	23.0	-	-	-	-	-
2026-08-07T14	-	-	23.0	-	-	-	-	-
2026-08-07T15	-	-	23.0	-	-	-	-	-
2026-08-07T16	-	-	24.0	-	-	-	-	-
2026-08-07T17	-	-	24.0	-	-	-	-	-
2026-08-08	-	-	24.0	-	-	-	Sol 5.6=26;Sonnet 5=15	-
2026-08-08T01	-	-	24.0	-	-	-	-	-
2026-08-08T02	-	-	24.0	-	-	-	-	-
2026-08-08T03	-	-	24.0	-	-	-	-	-
2026-08-08T04	-	-	24.0	-	-	-	-	-
2026-08-08T10	-	-	24.0	-	-	-	-	-
2026-08-08T11	-	-	24.0	-	-	-	-	-
2026-08-08T12	-	-	24.0	-	-	-	-	-
2026-08-08T15	-	-	24.0	-	-	-	-	-
2026-08-08T16	-	-	24.0	-	-	-	-	-
2026-08-08T18	-	-	24.0	-	-	-	-	-
2026-08-08T20	-	-	24.0	-	-	-	-	-
2026-08-08T21	-	-	24.0	-	-	-	-	-
2026-08-08T23	-	-	24.0	-	-	-	-	-
2026-08-09	-	-	26.0	-	-	-	Sol 5.6=12	-
2026-08-09T00	-	-	24.0	-	-	-	-	-
2026-08-09T01	-	-	24.0	-	-	-	-	-
2026-08-09T11	-	-	24.0	-	-	-	-	-
2026-08-09T15	-	-	24.0	-	-	-	-	-
2026-08-09T16	-	-	24.0	-	-	-	-	-
2026-08-09T17	-	-	25.0	-	-	-	-	-
2026-08-09T18	-	-	25.0	-	-	-	-	-
2026-08-09T19	-	-	26.0	-	-	-	-	-
2026-08-09T20	-	-	26.0	-	-	-	-	-
2026-08-10	-	-	26.0	-	-	-	Sol 5.6=3	-
2026-08-10T20	-	-	26.0	-	-	-	-	-
2026-08-10T22	-	-	26.0	-	-	-	-	-
2026-08-12	-	-	26.0	-	-	-	Sol 5.6=22;Terra 5.6=1	-
2026-08-12T17	-	-	26.0	-	-	-	-	-
2026-08-12T18	-	-	26.0	-	-	-	-	-
2026-08-12T19	-	-	26.0	-	-	-	-	-
2026-08-12T20	-	-	26.0	-	-	-	-	-
2026-08-12T21	-	-	26.0	-	-	-	-	-
2026-08-12T22	-	-	26.0	-	-	-	-	-
2026-08-13	-	-	28.0	-	-	-	Fable 5=5;Luna 5.6=2;Sol 5.6=9;Terra 5.6=1	-
2026-08-13T10	-	-	26.0	-	-	-	-	-
2026-08-13T11	-	-	27.0	-	-	-	-	-
2026-08-13T13	-	-	28.0	-	-	-	-	-
2026-08-13T14	-	-	28.0	-	-	-	-	-
2026-08-13T15	-	-	28.0	-	-	-	-	-
2026-08-13T16	-	-	28.0	-	-	-	-	-
2026-08-13T17	-	-	28.0	-	-	-	-	-
2026-08-13T18	-	-	28.0	-	-	-	-	-
2026-08-13T19	-	-	28.0	-	-	-	-	-
2026-08-13T20	-	-	28.0	-	-	-	-	-
2026-08-13T21	-	-	28.0	-	-	-	-	-
2026-08-13T22	-	-	28.0	-	-	-	-	-
2026-08-13T23	-	-	28.0	-	-	-	-	-
2026-08-14	-	-	28.0	-	-	-	Fable 5=1;Sol 5.6=4	-
2026-08-14T00	-	-	28.0	-	-	-	-	-
2026-08-14T11	-	-	28.0	-	-	-	-	-
2026-08-14T18	-	-	28.0	-	-	-	-	-
2026-08-14T22	-	-	28.0	-	-	-	-	-
2026-08-15	-	-	28.0	-	-	-	Fable 5=17;Luna 5.6=1;Sol 5.6=22	-
2026-08-15T05	-	-	28.0	-	-	-	-	-
2026-08-15T06	-	-	28.0	-	-	-	-	-
2026-08-15T07	-	-	28.0	-	-	-	-	-
2026-08-15T08	-	-	28.0	-	-	-	-	-
2026-08-15T12	-	-	28.0	-	-	-	-	-
2026-08-15T15	-	-	28.0	-	-	-	-	-
2026-08-15T17	-	-	28.0	-	-	-	-	-
2026-08-15T18	-	-	28.0	-	-	-	-	-
2026-08-15T19	-	-	28.0	-	-	-	-	-
2026-08-15T20	-	-	28.0	-	-	-	-	-
2026-08-15T21	-	-	28.0	-	-	-	-	-
2026-08-15T22	-	-	28.0	-	-	-	-	-
2026-08-15T23	-	-	28.0	-	-	-	-	-
2026-08-16	-	-	27.0	-	-	-	Fable 5=50;Opus 5=87	-
2026-08-16T00	-	-	28.0	-	-	-	-	-
2026-08-16T01	-	-	28.0	-	-	-	-	-
2026-08-16T02	-	-	28.0	-	-	-	-	-
2026-08-16T08	-	-	28.0	-	-	-	-	-
2026-08-16T09	-	-	28.0	-	-	-	-	-
2026-08-16T10	-	-	28.0	-	-	-	-	-
2026-08-16T11	-	-	27.0	-	-	-	-	-
2026-08-16T12	-	-	27.0	-	-	-	-	-
2026-08-16T13	-	-	27.0	-	-	-	-	-
2026-08-16T14	-	-	27.0	-	-	-	-	-
2026-08-16T15	-	-	27.0	-	-	-	-	-
2026-08-16T16	-	-	27.0	-	-	-	-	-
2026-08-16T17	-	-	27.0	-	-	-	-	-
2026-08-16T18	-	-	27.0	-	-	-	-	-
2026-08-16T19	-	-	27.0	-	-	-	-	-
2026-08-16T20	-	-	27.0	-	-	-	-	-
2026-08-16T21	-	-	27.0	-	-	-	-	-
2026-08-16T22	-	-	27.0	-	-	-	-	-
2026-08-16T23	-	-	27.0	-	-	-	-	-
2026-08-17	-	-	36.0	-	-	-	Opus 5=151	-
2026-08-17T00	-	-	27.0	-	-	-	-	-
2026-08-17T01	-	-	27.0	-	-	-	-	-
2026-08-17T05	-	-	20.0	-	-	-	-	-
2026-08-17T06	-	-	20.0	-	-	-	-	-
2026-08-17T07	-	-	20.0	-	-	-	-	-
2026-08-17T10	-	-	20.0	-	-	-	-	-
2026-08-17T11	-	-	20.0	-	-	-	-	-
2026-08-17T12	-	-	20.0	-	-	-	-	-
2026-08-17T13	-	-	20.0	-	-	-	-	-
2026-08-17T14	-	-	20.0	-	-	-	-	-
2026-08-17T15	-	-	20.0	-	-	-	-	-
2026-08-17T16	-	-	20.0	-	-	-	-	-
2026-08-17T17	-	-	20.0	-	-	-	-	-
2026-08-17T18	-	-	20.0	-	-	-	-	-
2026-08-17T19	-	-	36.0	-	-	-	-	-
2026-08-17T20	-	-	36.0	-	-	-	-	-
2026-08-17T21	-	-	36.0	-	-	-	-	-
2026-08-17T22	-	-	36.0	-	-	-	-	-
2026-08-17T23	-	-	36.0	-	-	-	-	-
2026-08-18	-	-	37.0	-	-	-	Opus 5=16;Sol 5.6=1	-
2026-08-18T00	-	-	36.0	-	-	-	-	-
2026-08-18T08	-	-	36.0	-	-	-	-	-
2026-08-18T09	-	-	36.0	-	-	-	-	-
2026-08-18T11	-	-	36.0	-	-	-	-	-
2026-08-18T13	-	-	36.0	-	-	-	-	-
2026-08-18T14	-	-	36.0	-	-	-	-	-
2026-08-18T15	-	-	37.0	-	-	-	-	-
2026-08-18T16	-	-	37.0	-	-	-	-	-
2026-08-18T17	-	-	37.0	-	-	-	-	-
2026-08-19	-	-	37.0	-	-	-	Opus 5=70;Sol 5.6=1	-
2026-08-19T04	-	-	37.0	-	-	-	-	-
2026-08-19T13	-	-	37.0	-	-	-	-	-
2026-08-19T14	-	-	37.0	-	-	-	-	-
2026-08-19T15	-	-	37.0	-	-	-	-	-
2026-08-19T16	-	-	37.0	-	-	-	-	-
2026-08-19T17	-	-	37.0	-	-	-	-	-
2026-08-19T18	-	-	37.0	-	-	-	-	-
2026-08-19T19	-	-	37.0	-	-	-	-	-
2026-08-19T20	-	-	37.0	-	-	-	-	-
2026-08-19T21	-	-	37.0	-	-	-	-	-
2026-08-19T22	-	-	37.0	-	-	-	-	-
2026-08-19T23	-	-	37.0	-	-	-	-	-
2026-08-20	-	-	37.0	-	-	-	Fable 5=7;Opus 5=48;Sol 5.6=6	-
2026-08-20T00	-	-	37.0	-	-	-	-	-
2026-08-20T01	-	-	37.0	-	-	-	-	-
2026-08-20T02	-	-	37.0	-	-	-	-	-
2026-08-20T03	-	-	37.0	-	-	-	-	-
2026-08-20T04	-	-	37.0	-	-	-	-	-
2026-08-20T05	-	-	37.0	-	-	-	-	-
2026-08-20T06	-	-	37.0	-	-	-	-	-
2026-08-20T07	-	-	37.0	-	-	-	-	-
2026-08-20T08	-	-	37.0	-	-	-	-	-
2026-08-20T09	-	-	37.0	-	-	-	-	-
2026-08-20T10	-	-	37.0	-	-	-	-	-
2026-08-20T11	-	-	37.0	-	-	-	-	-
2026-08-20T13	-	-	37.0	-	-	-	-	-
2026-08-20T14	-	-	37.0	-	-	-	-	-
2026-08-20T15	-	-	37.0	-	-	-	-	-
2026-08-20T16	-	-	37.0	-	-	-	-	-
2026-08-20T17	-	-	37.0	-	-	-	-	-
2026-08-20T18	-	-	37.0	-	-	-	-	-
2026-08-20T19	-	-	37.0	-	-	-	-	-
2026-08-20T22	-	-	37.0	-	-	-	-	-
2026-08-20T23	-	-	37.0	-	-	-	-	-
2026-08-21	-	-	37.0	-	-	-	Fable 5=54;Sol 5.6=11;Sonnet 5=2	-
2026-08-21T00	-	-	37.0	-	-	-	-	-
2026-08-21T09	-	-	37.0	-	-	-	-	-
2026-08-21T10	-	-	37.0	-	-	-	-	-
2026-08-21T11	-	-	37.0	-	-	-	-	-
2026-08-21T18	-	-	37.0	-	-	-	-	-
2026-08-21T20	-	-	37.0	-	-	-	-	-
2026-08-21T21	-	-	37.0	-	-	-	-	-
2026-08-21T22	-	-	37.0	-	-	-	-	-
2026-08-21T23	-	-	37.0	-	-	-	-	-
2026-08-22	-	-	40.0	-	-	-	Sol 5.6=22	-
2026-08-22T00	-	-	37.0	-	-	-	-	-
2026-08-22T12	-	-	37.0	-	-	-	-	-
2026-08-22T13	-	-	37.0	-	-	-	-	-
2026-08-22T14	-	-	37.0	-	-	-	-	-
2026-08-22T15	-	-	37.0	-	-	-	-	-
2026-08-22T16	-	-	37.0	-	-	-	-	-
2026-08-22T17	-	-	37.0	-	-	-	-	-
2026-08-22T18	-	-	37.0	-	-	-	-	-
2026-08-22T19	-	-	37.0	-	-	-	-	-
2026-08-22T20	-	-	37.0	-	-	-	-	-
2026-08-22T21	-	-	37.0	-	-	-	-	-
2026-08-22T22	-	-	40.0	-	-	-	-	-
2026-08-22T23	-	-	40.0	-	-	-	-	-
2026-08-23	-	-	50.0	-	-	-	Luna 5.6=1;Sol 5.6=34	-
2026-08-23T00	-	-	46.0	-	-	-	-	-
2026-08-23T02	-	-	42.0	-	-	-	-	-
2026-08-23T10	-	-	42.0	-	-	-	-	-
2026-08-23T11	-	-	42.0	-	-	-	-	-
2026-08-23T15	-	-	45.0	-	-	-	-	-
2026-08-23T18	-	-	45.0	-	-	-	-	-
2026-08-23T19	-	-	45.0	-	-	-	-	-
2026-08-23T20	-	-	45.0	-	-	-	-	-
2026-08-23T21	-	-	50.0	-	-	-	-	-
2026-08-23T22	-	-	50.0	-	-	-	-	-
2026-08-23T23	-	-	50.0	-	-	-	-	-
2026-08-24	-	-	51.0	-	-	-	Luna 5.6=1;Sol 5.6=120	-
2026-08-24T00	-	-	50.0	-	-	-	-	-
2026-08-24T01	-	-	50.0	-	-	-	-	-
2026-08-24T02	-	-	50.0	-	-	-	-	-
2026-08-24T03	-	-	50.0	-	-	-	-	-
2026-08-24T04	-	-	50.0	-	-	-	-	-
2026-08-24T05	-	-	50.0	-	-	-	-	-
2026-08-24T06	-	-	50.0	-	-	-	-	-
2026-08-24T07	-	-	50.0	-	-	-	-	-
2026-08-24T08	-	-	50.0	-	-	-	-	-
2026-08-24T09	-	-	50.0	-	-	-	-	-
2026-08-24T10	-	-	50.0	-	-	-	-	-
2026-08-24T12	-	-	50.0	-	-	-	-	-
2026-08-24T13	-	-	50.0	-	-	-	-	-
2026-08-24T14	-	-	50.0	-	-	-	-	-
2026-08-24T15	-	-	50.0	-	-	-	-	-
2026-08-24T17	-	-	51.0	-	-	-	-	-
2026-08-24T18	-	-	51.0	-	-	-	-	-
2026-08-24T19	-	-	51.0	-	-	-	-	-
2026-08-24T20	-	-	51.0	-	-	-	-	-
2026-08-24T21	-	-	51.0	-	-	-	-	-
2026-08-24T22	-	-	51.0	-	-	-	-	-
2026-08-24T23	-	-	51.0	-	-	-	-	-
2026-08-25	-	-	52.0	-	-	-	Sol 5.6=20	-
2026-08-25T00	-	-	51.0	-	-	-	-	-
2026-08-25T03	-	-	52.0	-	-	-	-	-
2026-08-25T04	-	-	52.0	-	-	-	-	-
2026-08-25T05	-	-	52.0	-	-	-	-	-
2026-08-25T06	-	-	52.0	-	-	-	-	-
2026-08-25T07	-	-	52.0	-	-	-	-	-
2026-08-25T08	-	-	52.0	-	-	-	-	-
2026-08-25T09	-	-	52.0	-	-	-	-	-
2026-08-25T13	-	-	52.0	-	-	-	-	-
2026-08-25T14	-	-	52.0	-	-	-	-	-
2026-08-25T17	-	-	52.0	-	-	-	-	-
2026-08-25T20	-	-	52.0	-	-	-	-	-
2026-08-25T23	-	-	52.0	-	-	-	-	-
2026-08-26	-	-	52.0	-	-	-	Fable 5=17;Sol 5.6=19;Sonnet 5=6	-
2026-08-26T01	-	-	52.0	-	-	-	-	-
2026-08-26T02	-	-	52.0	-	-	-	-	-
2026-08-26T03	-	-	52.0	-	-	-	-	-
2026-08-26T04	-	-	52.0	-	-	-	-	-
2026-08-26T05	-	-	52.0	-	-	-	-	-
2026-08-26T06	-	-	52.0	-	-	-	-	-
2026-08-26T07	-	-	52.0	-	-	-	-	-
2026-08-26T08	-	-	52.0	-	-	-	-	-
2026-08-26T09	-	-	52.0	-	-	-	-	-
2026-08-26T10	-	-	52.0	-	-	-	-	-
2026-08-26T15	-	-	52.0	-	-	-	-	-
2026-08-26T16	-	-	52.0	-	-	-	-	-
2026-08-26T17	-	-	52.0	-	-	-	-	-
2026-08-26T18	-	-	52.0	-	-	-	-	-
2026-08-26T19	-	-	52.0	-	-	-	-	-
2026-08-26T20	-	-	52.0	-	-	-	-	-
2026-08-26T21	-	-	52.0	-	-	-	-	-
2026-08-26T22	-	-	52.0	-	-	-	-	-
2026-08-26T23	-	-	52.0	-	-	-	-	-
2026-08-27	-	-	52.0	-	-	-	Opus 5=1;Sonnet 5=126	-
2026-08-27T00	-	-	52.0	-	-	-	-	-
2026-08-27T01	-	-	52.0	-	-	-	-	-
2026-08-27T03	-	-	52.0	-	-	-	-	-
2026-08-27T06	-	-	52.0	-	-	-	-	-
2026-08-27T09	-	-	52.0	-	-	-	-	-
2026-08-27T10	-	-	52.0	-	-	-	-	-
2026-08-27T12	-	-	52.0	-	-	-	-	-
2026-08-27T13	-	-	52.0	-	-	-	-	-
2026-08-27T14	-	-	52.0	-	-	-	-	-
2026-08-27T15	-	-	52.0	-	-	-	-	-
2026-08-27T16	-	-	52.0	-	-	-	-	-
2026-08-27T17	-	-	52.0	-	-	-	-	-
2026-08-27T18	-	-	52.0	-	-	-	-	-
2026-08-27T20	-	-	52.0	-	-	-	-	-
2026-08-27T21	-	-	52.0	-	-	-	-	-
2026-08-27T22	-	-	52.0	-	-	-	-	-
2026-08-27T23	-	-	52.0	-	-	-	-	-
2026-08-28	-	-	53.0	-	-	-	Sol 5.6=6;Sonnet 5=14	-
2026-08-28T00	-	-	52.0	-	-	-	-	-
2026-08-28T11	-	-	52.0	-	-	-	-	-
2026-08-28T13	-	-	52.0	-	-	-	-	-
2026-08-28T15	-	-	52.0	-	-	-	-	-
2026-08-28T16	-	-	52.0	-	-	-	-	-
2026-08-28T18	-	-	52.0	-	-	-	-	-
2026-08-28T19	-	-	52.0	-	-	-	-	-
2026-08-28T20	-	-	52.0	-	-	-	-	-
2026-08-28T21	-	-	52.0	-	-	-	-	-
2026-08-28T22	-	-	52.0	-	-	-	-	-
2026-08-28T23	-	-	53.0	-	-	-	-	-
2026-08-29	-	-	53.0	-	-	-	Sonnet 5=34	-
2026-08-29T02	-	-	53.0	-	-	-	-	-
2026-08-29T03	-	-	53.0	-	-	-	-	-
2026-08-29T09	-	-	53.0	-	-	-	-	-
2026-08-29T10	-	-	53.0	-	-	-	-	-
2026-08-29T11	-	-	53.0	-	-	-	-	-
2026-08-29T12	-	-	53.0	-	-	-	-	-
2026-08-29T13	-	-	53.0	-	-	-	-	-
2026-08-29T16	-	-	53.0	-	-	-	-	-
2026-08-29T17	-	-	53.0	-	-	-	-	-
2026-08-29T18	-	-	53.0	-	-	-	-	-
2026-08-29T19	-	-	53.0	-	-	-	-	-
2026-08-30	-	-	60.06	-	-	-	Sol 5.6=115	-
2026-08-30T01	-	-	53.0	-	-	-	-	-
2026-08-30T03	-	-	53.0	-	-	-	-	-
2026-08-30T04	-	-	53.0	-	-	-	-	-
2026-08-30T05	-	-	53.0	-	-	-	-	-
2026-08-30T06	-	-	53.0	-	-	-	-	-
2026-08-30T07	-	-	53.0	-	-	-	-	-
2026-08-30T08	-	-	54.0	-	-	-	-	-
2026-08-30T09	-	-	55.0	-	-	-	-	-
2026-08-30T10	-	-	57.0	-	-	-	-	-
2026-08-30T11	-	-	57.0	-	-	-	-	-
2026-08-30T12	-	-	58.0	-	-	-	-	-
2026-08-30T13	-	-	59.0	-	-	-	-	-
2026-08-30T14	-	-	59.0	-	-	-	-	-
2026-08-30T16	-	-	60.0	-	-	-	-	-
2026-08-30T17	-	-	59.0	-	-	-	-	-
2026-08-30T20	-	-	60.0	-	-	-	-	-
2026-08-30T21	-	-	60.0	-	-	-	-	-
2026-08-30T22	-	-	60.0	-	-	-	-	-
2026-08-30T23	-	-	60.0	-	-	-	-	-
2026-08-31	-	-	64.04	-	-	-	Astra 6=6;Sol 5.6=81	-
2026-08-31T00	-	-	60.0	-	-	-	-	-
2026-08-31T01	-	-	60.0	-	-	-	-	-
2026-08-31T02	-	-	60.0	-	-	-	-	-
2026-08-31T03	-	-	60.0	-	-	-	-	-
2026-08-31T06	-	-	60.0	-	-	-	-	-
2026-08-31T08	-	-	60.0	-	-	-	-	-
2026-08-31T09	-	-	60.0	-	-	-	-	-
2026-08-31T10	-	-	61.0	-	-	-	-	-
2026-08-31T11	-	-	61.0	-	-	-	-	-
2026-08-31T12	-	-	64.0	-	-	-	-	-
2026-08-31T13	-	-	70.0	-	-	-	-	-
2026-08-31T14	-	-	62.0	-	-	-	-	-
2026-08-31T15	-	-	63.0	-	-	-	-	-
2026-08-31T16	-	-	63.0	-	-	-	-	-
2026-08-31T21	-	-	63.0	-	-	-	-	-
2026-08-31T22	-	-	64.0	-	-	-	-	-
2026-08-31T23	-	-	64.0	-	-	-	-	-
2026-09-01	-	-	64.69	-	-	-	Fable 5.1=4;Sol 5.6=56	-
2026-09-02	-	-	66.43	-	-	-	Fable 5.1=15	-
2026-09-02T02	-	-	65.0	-	-	-	-	-
2026-09-02T03	-	-	65.0	-	-	-	-	-
2026-09-02T04	-	-	65.0	-	-	-	-	-
2026-09-02T05	-	-	66.0	-	-	-	-	-
2026-09-02T06	-	-	66.0	-	-	-	-	-
2026-09-02T09	-	-	66.0	-	-	-	-	-
2026-09-02T14	-	-	66.0	-	-	-	-	-
2026-09-03	-	-	66.99	-	-	-	Fable 5.1=5	-
2026-09-04	-	-	70.59	-	-	-	Fable 5.1=15;Opus 5=2;Sonnet 5=4	-
2026-09-05	-	-	73.07	-	-	-	Fable 5.1=49;Opus 5=5;Sol 5.6=23;Sonnet 5=1	-
2026-09-05T01	-	-	71.0	-	-	-	-	-
2026-09-05T02	-	-	71.0	-	-	-	-	-
2026-09-05T03	-	-	71.0	-	-	-	-	-
2026-09-05T04	-	-	71.0	-	-	-	-	-
2026-09-05T05	-	-	72.0	-	-	-	-	-
2026-09-05T06	-	-	72.0	-	-	-	-	-
2026-09-05T07	-	-	72.0	-	-	-	-	-
2026-09-05T08	-	-	72.0	-	-	-	-	-
2026-09-05T09	-	-	72.0	-	-	-	-	-
2026-09-05T12	-	-	72.0	-	-	-	-	-
2026-09-05T13	-	-	73.0	-	-	-	-	-
2026-09-05T14	-	-	73.0	-	-	-	-	-
2026-09-05T15	-	-	73.0	-	-	-	-	-
2026-09-05T17	-	-	73.0	-	-	-	-	-
2026-09-05T18	-	-	73.0	-	-	-	-	-
2026-09-05T19	-	-	73.0	-	-	-	-	-
2026-09-05T20	-	-	73.0	-	-	-	-	-
2026-09-05T21	-	-	73.0	-	-	-	-	-
2026-09-05T22	-	-	73.0	-	-	-	-	-
2026-09-05T23	-	-	73.0	-	-	-	-	-
2026-09-06	-	-	67.95	-	-	-	Astra 6=1;Sol 5.6=8	Code overhaul: tooling consolidated and unsupported credit withdrawn
2026-09-07	-	-	67.32	-	-	-	Astra 6=2;Fable 5.1=34;Sol 5.6=53	Code overhaul: tooling consolidated and unsupported credit withdrawn
2026-09-07T00	-	-	67.0	-	-	-	-	-
2026-09-07T01	-	-	67.0	-	-	-	-	-
2026-09-07T02	-	-	67.0	-	-	-	-	-
2026-09-07T03	-	-	67.0	-	-	-	-	-
2026-09-07T04	-	-	67.0	-	-	-	-	-
2026-09-07T05	-	-	67.0	-	-	-	-	-
2026-09-07T06	-	-	67.0	-	-	-	-	-
2026-09-07T07	-	-	67.0	-	-	-	-	-
2026-09-07T09	-	-	67.0	-	-	-	-	-
2026-09-07T10	-	-	67.0	-	-	-	-	-
2026-09-07T11	-	-	67.0	-	-	-	-	-
2026-09-07T12	-	-	67.0	-	-	-	-	-
2026-09-07T13	-	-	67.0	-	-	-	-	-
2026-09-07T14	-	-	67.0	-	-	-	-	-
2026-09-07T15	-	-	67.0	-	-	-	-	-
2026-09-07T18	-	-	67.0	-	-	-	-	-
2026-09-07T20	-	-	67.0	-	-	-	-	-
2026-09-08	-	-	67.64	-	-	-	Sol 5.6=74	Code overhaul: tooling consolidated and unsupported credit withdrawn
2026-09-09	-	-	43.56	-	-	-	Astra 6=1;Opus 5=14;Sol 5.6=8	Code overhaul: tooling consolidated and unsupported credit withdrawn
2026-09-10	-	-	50.42	-	-	-	Fable 5.1=142;Opus 5=91;Sonnet 5=14	-
2026-09-10T00	-	-	44.0	-	-	-	-	-
2026-09-10T01	-	-	44.0	-	-	-	-	-
2026-09-10T02	-	-	44.0	-	-	-	-	-
2026-09-10T03	-	-	44.0	-	-	-	-	-
2026-09-10T04	-	-	44.0	-	-	-	-	-
2026-09-10T05	-	-	45.0	-	-	-	-	-
2026-09-10T06	-	-	46.0	-	-	-	-	-
2026-09-10T07	-	-	46.0	-	-	-	-	-
2026-09-10T08	-	-	46.0	-	-	-	-	-
2026-09-10T09	-	-	46.0	-	-	-	-	-
2026-09-10T10	-	-	47.0	-	-	-	-	-
2026-09-10T11	-	-	47.0	-	-	-	-	-
2026-09-10T12	-	-	48.0	-	-	-	-	-
2026-09-10T13	-	-	50.0	-	-	-	-	-
2026-09-10T16	-	-	50.0	-	-	-	-	-
2026-09-10T18	-	-	50.0	-	-	-	-	-
2026-09-11	-	-	50.64	-	-	-	Fable 5.1=5;Grok=19	-
2026-09-12	-	-	50.64	-	-	-	Grok=193;Sol 5.6=9	-
2026-09-13	-	-	50.97	-	-	-	Astra 6=16;Luna 5.6=2;Sol 5.6=81	-
2026-09-14	-	-	51.51	-	-	-	Astra 6=12;Sol 5.6=7	-
2026-09-15	-	-	51.63	-	-	-	Astra 6=2;Luna 5.6=29;Sol 5.6=10	-
2026-09-16	-	-	56.08	-	-	-	Opus 5=19;Sol 5.6=3	-
2026-09-16T01	-	-	52.0	-	-	-	-	-
2026-09-16T02	-	-	55.0	-	-	-	-	-
2026-09-16T03	-	-	55.0	-	-	-	-	-
2026-09-16T12	-	-	55.0	-	-	-	-	-
2026-09-16T13	-	-	55.0	-	-	-	-	-
2026-09-16T17	-	-	55.0	-	-	-	-	-
2026-09-16T18	-	-	55.0	-	-	-	-	-
2026-09-16T19	-	-	56.0	-	-	-	-	-
2026-09-16T20	-	-	56.0	-	-	-	-	-
2026-09-16T21	-	-	56.0	-	-	-	-	-
2026-09-16T22	-	-	56.0	-	-	-	-	-
2026-09-17	-	-	56.19	-	-	-	Astra 6=3;Opus 5=23	Code overhaul: source folders, layout and scoring unified
2026-09-17T00	-	-	56.0	-	-	-	-	-
2026-09-17T02	-	-	57.0	-	-	-	-	-
2026-09-17T03	-	-	57.0	-	-	-	-	-
2026-09-17T05	-	-	57.0	-	-	-	-	-
2026-09-17T07	-	-	57.0	-	-	-	-	-
2026-09-17T08	-	-	57.0	-	-	-	-	-
2026-09-17T09	-	-	57.0	-	-	-	-	-
2026-09-17T10	-	-	56.0	-	-	-	-	-
2026-09-17T11	-	-	56.0	-	-	-	-	-
2026-09-17T15	-	-	56.0	-	-	-	-	-
2026-09-17T16	-	-	56.0	-	-	-	-	-
2026-09-17T19	-	-	56.0	-	-	-	-	-
2026-09-17T23	-	-	56.0	-	-	-	-	-
2026-09-18	-	-	55.96	-	-	0.2	Astra 6=5;Sol 5.6=1	Code overhaul: source folders, layout and scoring unified
2026-09-19	-	-	57.16	-	-	0.52	Astra 6=3;Luna 5.6=3;Sol 5.6=3	-
2026-09-20	-	-	57.51	-	-	0.52	Astra 6=3;Luna 5.6=24;Opus 4.8=4;Terra 5.6=1	-
2026-09-21	-	-	55.48	-	-	0.52	Luna 5.6=18;Opus 4.8=18	Code overhaul: scheduling tricks withdrawn
2026-09-22	-	-	-	-	-	-	Luna 5.6=31;Opus 5.5=45;Sol 5.6=1;Terra 5.6=1	-
2026-09-23	-	-	57.37	-	-	2.14	Opus 5.5=92	-
2026-09-23T14	-	-	56.0	-	-	-	-	-
2026-09-23T18	-	-	56.0	-	-	2.0	-	-
2026-09-23T19	-	-	56.0	-	-	2.0	-	-
2026-09-23T21	-	-	56.0	-	-	2.0	-	-
2026-09-23T23	-	-	57.0	-	-	2.0	-	-
2026-09-24	967498	1375934	-	42186	1975640	-	Opus 5.5=1253	-
2026-09-24T02	-	-	58.0	-	-	2.0	-	-
2026-09-24T04	-	-	59.0	-	-	2.0	-	-
2026-09-24T05	-	-	59.0	-	-	2.0	-	-
2026-09-24T06	-	-	61.0	-	-	2.0	-	-
2026-09-24T07	-	-	61.0	-	-	2.0	-	-
2026-09-24T09	-	-	63.0	-	-	2.0	-	-
2026-09-24T10	-	-	63.0	-	-	2.0	-	-
2026-09-24T11	-	-	64.0	-	-	2.0	-	-
2026-09-24T12	-	-	64.0	-	-	2.0	-	-
2026-09-24T13	-	-	65.0	-	-	2.0	-	-
2026-09-24T14	-	-	66.0	-	-	2.0	-	-
2026-09-24T15	-	-	67.0	-	-	2.0	-	-
2026-09-24T16	-	-	67.0	-	-	2.0	-	-
2026-09-24T17	-	-	67.0	-	-	2.0	-	-
2026-09-24T18	-	-	68.0	-	-	2.0	-	-
2026-09-24T19	-	-	69.0	-	-	2.0	-	-
2026-09-24T20	-	-	70.0	-	-	2.0	-	-
2026-09-24T21	-	-	70.0	-	-	2.0	-	-
2026-09-24T22	-	-	70.0	-	-	2.0	-	-
2026-09-24T23	-	-	70.0	-	-	2.0	-	-
2026-09-25	-	-	-	-	-	-	-	-
2026-09-26	1002076	1375934	-	42332	1975640	-	Astra 6=191;Opus 5.5=5;Sol 5.6=52;Sol 6=218	-
2026-09-26T00	-	-	71.0	-	-	2.0	-	-
2026-09-26T12	-	-	72.0	-	-	2.0	-	-
2026-09-26T13	-	-	72.0	-	-	2.0	-	-
2026-09-26T14	-	-	72.0	-	-	2.0	-	-
2026-09-26T16	-	-	72.0	-	-	2.0	-	-
2026-09-26T17	-	-	72.0	-	-	2.0	-	-
2026-09-26T18	-	-	72.0	-	-	2.0	-	-
2026-09-26T19	-	-	72.0	-	-	2.0	-	-
2026-09-26T20	-	-	72.0	-	-	2.0	-	-
2026-09-26T21	-	-	72.0	-	-	2.0	-	-
2026-09-26T22	-	-	72.0	-	-	2.0	-	-
2026-09-26T23	-	-	72.0	-	-	2.0	-	-
2026-09-27	1013342	1375934	-	42338	1975640	-	Astra 6=398;GPT-6=1;Sol 6=171	-
2026-09-27T00	-	-	72.0	-	-	2.0	-	-
2026-09-27T01	-	-	72.0	-	-	2.0	-	-
2026-09-27T02	-	-	72.0	-	-	2.0	-	-
2026-09-27T03	-	-	73.0	-	-	2.0	-	-
2026-09-27T04	-	-	73.0	-	-	2.0	-	-
2026-09-27T05	-	-	73.0	-	-	2.0	-	-
2026-09-27T11	-	-	73.0	-	-	2.0	-	-
2026-09-27T12	-	-	73.0	-	-	2.0	-	-
2026-09-27T13	-	-	73.0	-	-	2.0	-	-
2026-09-27T14	-	-	73.0	-	-	2.0	-	-
2026-09-27T15	-	-	73.0	-	-	2.0	-	-
2026-09-27T16	-	-	73.0	-	-	2.0	-	-
2026-09-27T17	-	-	73.0	-	-	2.0	-	-
2026-09-27T18	-	-	73.0	-	-	2.0	-	-
2026-09-27T19	-	-	73.0	-	-	2.0	-	-
2026-09-27T20	-	-	73.0	-	-	2.0	-	-
2026-09-27T21	-	-	73.0	-	-	2.0	-	-
2026-09-27T22	-	-	73.0	-	-	2.0	-	-
2026-09-27T23	-	-	73.0	-	-	2.0	-	-
2026-09-28	735686	1369624	-	99838	1972424	-	Astra 6=17;Opus 5.5=304;Sol 6=10	Code overhaul: oracle-leakage rebuild; DONE counts only linked source
2026-09-28T00	-	-	73.0	-	-	2.0	-	-
2026-09-28T01	-	-	73.0	-	-	2.0	-	-
2026-09-28T02	-	-	73.0	-	-	2.0	-	-
2026-09-28T03	-	-	73.0	-	-	2.0	-	-
2026-09-28T04	-	-	73.0	-	-	2.0	-	-
2026-09-28T05	-	-	73.0	-	-	2.0	-	-
2026-09-28T06	-	-	73.0	-	-	2.0	-	-
2026-09-28T07	-	-	73.0	-	-	2.0	-	-
2026-09-28T08	-	-	73.0	-	-	2.0	-	-
2026-09-28T09	-	-	73.0	-	-	2.0	-	-
2026-09-28T10	-	-	73.0	-	-	2.0	-	-
2026-09-28T12	-	-	73.69	-	-	2.14	-	-
2026-09-28T19	-	-	21.01	-	-	1.92	-	-
2026-09-28T20	-	-	29.88	-	-	1.92	-	-
2026-09-28T21	-	-	44.28	-	-	1.89	-	-
2026-09-28T22	-	-	47.52	-	-	5.06	-	-
2026-09-28T23	-	-	53.71	-	-	5.06	-	-
2026-09-29	1045378	1373042	-	105684	1972422	-	Opus 5.5=753;Untagged=22	-
2026-09-29T02	-	-	56.41	-	-	5.06	-	-
2026-09-29T03	-	-	61.87	-	-	5.06	-	-
2026-09-29T04	-	-	63.11	-	-	5.06	-	-
2026-09-29T06	-	-	65.1	-	-	5.06	-	-
2026-09-29T08	-	-	65.16	-	-	5.06	-	-
2026-09-29T10	-	-	69.99	-	-	5.06	-	-
2026-09-29T11	-	-	73.35	-	-	5.06	-	-
2026-09-29T12	-	-	73.35	-	-	5.06	-	-
2026-09-29T13	-	-	73.35	-	-	5.06	-	-
2026-09-29T14	-	-	73.35	-	-	5.06	-	-
2026-09-29T15	-	-	73.35	-	-	5.06	-	-
2026-09-29T16	-	-	73.78	-	-	5.06	-	-
2026-09-29T17	-	-	74.71	-	-	5.06	-	-
2026-09-29T18	-	-	75.31	-	-	5.06	-	-
2026-09-29T19	-	-	75.45	-	-	5.2	-	-
2026-09-29T20	-	-	75.49	-	-	5.33	-	-
2026-09-29T21	-	-	76.06	-	-	5.33	-	-
2026-09-29T22	-	-	76.11	-	-	5.33	-	-
2026-09-29T23	-	-	76.13	-	-	5.35	-	-
2026-09-30	1077286	1373266	-	129448	1978912	-	Opus 5.5=718;Untagged=95	-
2026-09-30T00	-	-	76.25	-	-	5.36	-	-
2026-09-30T01	-	-	76.27	-	-	5.36	-	-
2026-09-30T02	-	-	76.85	-	-	5.37	-	-
2026-09-30T03	-	-	76.85	-	-	5.52	-	-
2026-09-30T04	-	-	76.85	-	-	5.6	-	-
2026-09-30T05	-	-	76.85	-	-	5.98	-	-
2026-09-30T06	-	-	76.85	-	-	5.98	-	-
2026-09-30T08	-	-	76.85	-	-	6.0	-	-
2026-09-30T09	-	-	76.85	-	-	6.1	-	-
2026-09-30T10	-	-	76.85	-	-	6.14	-	-
2026-09-30T12	-	-	76.85	-	-	6.14	-	-
2026-09-30T13	-	-	76.82	-	-	6.07	-	-
2026-09-30T14	-	-	77.46	-	-	6.07	-	-
2026-09-30T15	-	-	77.91	-	-	6.18	-	-
2026-09-30T16	-	-	78.37	-	-	6.18	-	-
2026-09-30T17	-	-	78.44	-	-	6.54	-	-
2026-09-30T20	-	-	78.44	-	-	6.54	-	-
2026-09-30T21	-	-	78.44	-	-	6.54	-	-
2026-09-30T23	-	-	78.44	-	-	6.54	-	-
2026-10-01	1085098	1373276	-	141908	1978904	-	Opus 5.5=263;Untagged=27	-
2026-10-01T04	-	-	78.76	-	-	7.05	-	-
2026-10-01T05	-	-	78.76	-	-	7.05	-	-
2026-10-01T10	-	-	78.77	-	-	7.05	-	-
2026-10-01T12	-	-	78.77	-	-	7.05	-	-
2026-10-01T13	-	-	78.77	-	-	7.05	-	-
2026-10-01T16	-	-	78.77	-	-	7.05	-	-
2026-10-01T17	-	-	78.77	-	-	7.05	-	-
2026-10-01T18	-	-	78.77	-	-	7.05	-	-
2026-10-01T19	-	-	78.79	-	-	7.05	-	-
2026-10-01T20	-	-	78.79	-	-	7.17	-	-
2026-10-01T21	-	-	78.79	-	-	7.17	-	-
2026-10-01T23	-	-	79.01	-	-	7.17	-	-
2026-10-02	7439348	8238912	-	559084	11873412	-	Opus 5.5=210;Untagged=104	Meter change: DONE now counts all six editions of each game together
2026-10-02T00	-	-	79.85	-	-	4.61	-	-
2026-10-02T01	-	-	85.07	-	-	4.61	-	-
2026-10-02T03	-	-	86.04	-	-	4.61	-	-
2026-10-02T04	-	-	86.88	-	-	4.61	-	-
2026-10-02T05	-	-	88.07	-	-	4.61	-	-
2026-10-02T06	-	-	88.88	-	-	4.61	-	-
2026-10-02T09	7429580	8238924	-	559084	11873412	-	-	-
2026-10-02T10	7429580	8238924	-	559084	11873412	-	-	-
2026-10-02T11	7429580	8238924	-	559084	11873412	-	-	-
2026-10-02T12	7429580	8238924	-	559084	11873412	-	-	-
2026-10-02T13	7429580	8238924	-	559084	11873412	-	-	-
2026-10-02T14	7429580	8238924	-	559084	11873412	-	-	-
2026-10-02T19	7431560	8238924	-	559084	11873412	-	-	-
2026-10-02T21	7439348	8238912	-	559084	11873412	-	-	-
2026-10-02T22	7439348	8238912	-	559084	11873412	-	-	-
2026-10-02T23	7439348	8238912	-	559084	11873412	-	-	-
2026-10-03	7439348	8238912	-	559084	11873412	-	Untagged=39	-
2026-10-03T00	7439348	8238912	-	559084	11873412	-	-	-
2026-10-03T01	7439348	8238912	-	559084	11873412	-	-	-
2026-10-03T02	7439348	8238912	-	559084	11873412	-	-	-
2026-10-03T03	7439348	8238912	-	559084	11873412	-	-	-
2026-10-03T04	7439348	8238912	-	559084	11873412	-	-	-
2026-10-03T05	7439348	8238912	-	559084	11873412	-	-	-
2026-10-03T06	7439348	8238912	-	559084	11873412	-	-	-
2026-10-03T07	7439348	8238912	-	559084	11873412	-	-	-
2026-10-03T08	7439348	8238912	-	559084	11873412	-	-	-
