anim	00 05 f1 00
anim	00 79 05 06 00 0b 05 06 00 0a 05 06 00 51 14 79 00 51 fd 00
anim	32 07 19 07 1e 07 23 07 28 07 2d 07 fd 00
anim	0a 0b fe 01
anim	0f 07 00 08 14 07 00 08 0f 07 00 08 14 07 00 0b fe 01
anim	32 05 19 05 1e 05 23 05 28 05 2d 05 fd 00
anim	f0 11 00 10 f1 00
anim	1e 79 f1 00
anim	32 0f 19 0d 1e 0d 23 0f 28 0d 2d 0d f1 00
anim	f0 11 48 78 f1 00
anim	37 05 3c 19 41 09 41 10 f1 00
same	SPR_006	10
same	SPR_006	10
same	SPR_006	10
same	SPR_006	10
same	SPR_006	10
same	SPR_006	10
same	SPR_006	10
anim	f0 11 47 78 f1 00
anim	f0 11 46 f0 f1 00
anim	37 05 3c 19 f1 00
anim	3c 03 41 09 41 10 f1 00
anim	32 05 19 05 1e 05 23 05 28 05 2d 05 fd 00
same	SPR_006	15
same	SPR_006	15
same	SPR_006	15
same	SPR_006	15
same	SPR_006	15
same	SPR_006	15
same	SPR_006	15
same	SPR_006	15
