cell:u8	grid:128x128	fill:0	at:0,1
00 00 00 00 00 00 00 00 00 00 00 00 00 00 00 00 00 00 00 00 01 01 01 01 01 01 01 01 01 01 01 01 01 01 01 01 01
00 00 00 00 02 02 02 02 02 02 02 02 02 02 02 02 02 02 02 03 01 01 01 01 01 01 01 01 01 01 01 01 01 01 01 01 01
00 00 00 00 02 02 02 02 02 02 02 02 02 02 02 02 02 00 02 00 00 00 00 00 03 01 01 01 00 00 00 00 00 03 01 01 01
00 00 02 02 02 04 04 04 04 04 04 04 04 04 04 02 00 00 00 00 00 00 00 00 00 00 02 02
02 02 02 02 02 04 04 04 04 04 04 04 04 04 04 00 00 00 00 00 00 00 00 00 00 00 00 02 00 00 00 00 00 00 04 04 04
02 02 02 02 02 04 04 04 04 04 04 04 04 04 04 00 00 00 00 00 00 00 00 00 00 00 00 00 00 00 00 00 00 04 04 04 04
02 00 02 00 00 04 04 04 04 04 04 04 04 00 00 00 00 00 00 00 00 00 00 00 00 00 00 00 00 00 00 00 00 00 04 05 04
00 00 00 00 00 00 00 00 00 05 00 00 00 00 00 00 00 00 00 06 00 06 00 00 00 06 00 06 00 00 00 00 00 00 00 00 00 02
00 00 00 00 00 00 00 00 00 00 00 00 00 00 00 00 00 00 06 06 06 06 06 00 06 02 06 06 00 00 00 00 00 00 00 00 00 02
00 00 00 00 00 00 00 00 00 00 00 00 00 00 00 06 00 06 07 02 02 02 02 00 02 02 02 00 00 00 00 00 00 00 00 00 00 02
00 06 00 00 00 06 00 00 00 00 00 00 00 00 00 06 06 07 02 00 00 00 00 00 00 02 02 06 00 00 00 00 00 00 00 00 07 02
06 06 06 06 06 06 06 06 06 06 00 06 00 00 00 02 02 02 00 00 00 00 00 00 00 00 02 00 00 00 00 00 00 00 00 07 02 02 00 08 08 08 08 08
01 01 00 00 00 00 00 00 00 06 06 06 00 00 06 02 02 02 00 00 00 00 00 00 00 00 00 00 00 00 00 00 00 00 00 02 02 00 00 09 08 08 08 08
01 01 00 00 00 00 00 00 00 00 02 00 00 00 06 02 02 02 00 00 00 00 00 00 00 00 00 00 00 00 00 00 00 00 00 00 02 00 00 01 01 01 09 08
01 01 00 00 00 04 04 04 04 04 00 02 00 00 00 02 02 02 00 00 00 00 00 00 00 00 00 00 06 06 06 00 00 06 00 00 02 0a 0b 01 01 01 01 08
01 01 00 00 00 04 04 04 04 04 04 00 00 00 00 02 02 02 00 00 00 00 00 00 00 00 06 00 06 06 06 00 06 06 00 00 00 01 01 01 01 01 01 08
01 01 01 04 04 04 04 04 05 04 00 00 00 00 00 02 02 02 00 00 00 00 00 00 00 00 06 00 04 04 04 04 06 00 00 00 00 01 01 01 01 01 0c
01 01 01 00 00 00 00 00 00 00 00 00 00 00 00 02 02 02 02 00 00 00 00 02 02 02 00 00 04 05 04 00 00 02 00 00 00 03 01 01 01 01
01 01 0d 06 06 06 0e 00 00 00 00 00 00 00 06 02 02 02 02 00 04 00 00 00 02 00 00 00 00 00 00 00 00 00 00 00 00 00 0f 10 01 01
00 00 06 06 06 06 06 06 06 06 06 11 00 00 06 02 02 02 02 00 00 00 00 00 00 00 00 00 00 00 00 00 00 00 00 00 00 00 00 00 03 01 09 08
00 00 06 06 12 06 06 06 06 06 06 06 00 00 00 02 00 02 02 00 00 00 00 00 00 00 00 00 00 00 06 00 06 00 00 00 00 00 00 00 00 01 01 01
00 00 06 06 06 06 06 06 06 06 06 06 0e 00 00 00 00 00 02 00 00 00 00 00 00 00 00 00 00 00 06 06 06 06 00 06 00 00 00 00 00 03 01 01
04 00 13 06 06 06 06 06 06 06 06 06 06 06 06 0e 00 00 00 00 00 00 00 00 00 00 00 00 00 00 00 06 06 06 06 06
04 00 00 06 06 06 06 06 06 06 06 06 06 06 06 06 06 06 06 0e 00 00 00 00 00 00 00 0d 06 06 06 0e 00 00 06
04 00 0d 06 06 06 06 06 06 06 06 06 06 06 06 06 06 06 06 06 00 00 00 00 00 00 00 06 06 06 06 06 06 06 0e 00 00 00 00 02 00 00 0d 06
00 00 06 06 06 06 06 06 06 06 06 06 06 06 06 06 06 06 06 06 00 00 00 00 00 00 0d 06 06 06 14 15 16 06 06 06 0e 00 00 0d 06 06 06 06
00 0d 15 15 16 06 06 06 06 06 06 06 06 06 06 06 06 06 06 06 0e 00 00 0d 06 06 06 06 14 15 15 15 15 15 16 06 06 06 06 06 06 06 14 15
15 15 15 15 15 15 15 16 06 06 06 14 15 15 15 16 06 06 06 06 06 06 06 06 14 15 15 15 15 15 15 15 15 15 15 15 15 15 15 15 15 15 15 15
15 15 15 15 15 15 15 15 15 15 15 15 15 15 15 15 15 15 15 15 15 15 15 15 15 15 15 15 15 15 15 15 15 15 15 15 15 15 15 15 15 15 15 15
15 15 15 15 15 15 15 15 15 15 15 15 15 15 15 15 15 15 15 15 15 15 15 15 15 15 15 15 15 15 15 15 15 15 15 15 15 15 15 15 15 15 15 15
15 15 15 15 15 15 15 15 15 15 15 15 15 15 15 15 15 15 15 15 15 15 15 15 15 15 15 15 15 15 15 15 15 15 15 15 15 15 15 15 15 15 15 15















































00 00 00 00 00 00 00 00 00 00 00 00 00 00 00 00 00 00 00 00 00 00 00 00 00 00 00 00 00 00 00 00 00 00 00 00 00 01 01 01 01 01 01
00 00 00 00 00 00 00 00 00 00 00 00 00 00 00 00 00 00 00 00 00 00 00 00 00 00 00 00 00 00 00 00 00 00 00 00 00 01 01 01 01 01 01
00 00 00 00 00 00 00 00 00 00 00 00 00 00 00 00 00 00 00 00 00 00 00 00 00 00 00 00 00 00 00 00 00 00 00 00 00 01 01 01 01 01 01

00 00 0d 06 06 06 0e
00 00 06 06 06 06 06 06 06 06 06
00 00 06 06 06 06 06 06 06 06 06 06
00 00 06 06 06 06 06 06 06 06 06 06 0e
00 00 13 06 06 06 06 06 06 06 06 06 06 06 06 0e
00 00 00 06 06 06 06 06 06 06 06 06 06 06 06 06 06 06 06 0e
00 00 00 06 06 06 06 06 06 06 06 06 06 06 06 06 06 06 06 06
00 00 00 06 06 06 06 06 06 06 06 06 06 06 06 06 06 06 06 06
00 00 06 06 06 06 06 06 06 06 06 06 06 06 06 06 06 06 06 06 0e
00 00 06 06 06 06 06 06 06 06 06 06 06 06 06 06 06 06 06 06 06
