cell:u8	grid:128x128	fill:0	at:2,3
00 00 00 00 00 00 00 00 00 00 00 00 00 00 00 00 00 00 00 00 00 00 00 00 00 00 00 00 00 00 00 00 00 00 00 00 00 00 00 00 00 00 00 00 00 00 00 ff ff ff ff ff ff
00 00 00 00 ff ff ff 00 00 00 00 00 00 00 00 00 00 00 ff ff ff 00 00 00 00 00 00 00 00 00 00 00 00 00 00 00 00 00 00 00 00 00 00 00 00 ff ff ff 0a ff ff 09 ff ff ff
00 00 00 ff ff 02 ff ff 00 00 00 00 00 00 ff ff ff ff ff 06 ff ff ff ff ff 00 00 00 00 00 00 00 00 00 00 00 00 00 00 00 00 00 00 00 00 ff 00 00 00 32 00 00 00 00 ff
00 00 00 ff 00 00 00 ff 00 00 00 00 00 00 ff 00 00 00 00 00 00 00 00 00 ff 00 00 00 00 00 00 00 00 00 00 00 00 00 00 00 00 00 00 00 00 ff 00 00 00 00 00 00 00 00 ff
00 00 00 ff 00 00 00 ff 00 00 00 00 00 00 ff 00 00 00 00 00 00 00 00 00 ff 00 00 00 00 00 00 00 00 00 00 00 00 00 00 00 00 00 00 00 00 ff 00 00 00 00 00 00 00 00 ff
00 00 00 ff 00 ff ff ff 00 00 00 00 00 00 ff 00 ff ff ff ff ff ff ff 00 ff 00 00 00 00 00 00 00 00 00 00 00 00 00 00 00 00 ff ff ff 00 ff 00 00 00 00 00 00 00 00 ff 00 00 ff ff ff
00 00 00 ff 00 00 00 ff 00 00 00 00 00 00 ff 00 ff ff ff ff ff ff ff 00 ff 00 ff ff ff 00 00 00 00 ff ff 00 00 00 00 00 ff ff 0b ff ff ff 00 00 00 00 00 00 00 00 ff ff ff ff 08 ff ff
00 00 00 ff 00 00 00 ff 00 00 00 00 00 00 ff 00 ff 23 24 25 26 27 ff 00 ff ff ff 04 ff ff 00 00 00 27 05 00 00 00 00 00 ff 00 00 00 00 00 00 00 00 00 00 00 00 00 00 00 00 00 00 00 ff
00 00 00 ff 00 00 00 ff 00 00 00 00 00 00 ff 00 00 00 00 00 00 00 00 00 ff ff 00 00 00 ff 00 00 00 00 00 00 00 00 00 00 ff 00 00 00 00 00 00 00 00 00 00 00 00 00 00 00 00 00 00 00 ff
00 00 00 ff 00 00 00 ff 00 00 00 00 00 00 ff 00 ff ff 00 00 00 00 00 00 ff ff 00 64 00 ff 00 00 00 00 00 00 00 00 00 00 ff ff ff ff ff 00 00 00 00 00 00 00 00 00 00 00 00 00 00 00 ff
00 00 00 ff ff 01 ff ff 00 00 00 00 00 00 ff 00 00 00 00 00 00 00 00 00 ff ff 00 00 00 ff 00 00 00 00 00 00 00 00 00 00 00 00 00 00 ff 00 00 00 00 00 00 00 00 00 00 00 ff ff ff ff ff
00 00 00 00 ff ff ff 00 00 00 00 00 00 00 ff 00 00 00 00 00 00 00 00 00 ff ff 00 00 00 ff 00 00 00 00 00 00 00 00 00 00 00 00 00 00 ff ff ff ff ff 00 00 00 ff ff ff ff ff
00 00 00 00 00 00 00 00 00 00 00 00 00 00 ff ff ff ff ff 03 ff ff ff ff ff ff ff ff ff ff 00 00 00 00 00 00 00 00 00 00 00 00 00 00 00 00 00 00 ff 00 00 00 ff
00 00 00 00 00 00 00 00 00 00 00 00 00 00 00 00 00 00 ff ff ff 00 00 00 00 00 00 00 00 00 00 00 00 00 00 00 00 00 00 00 00 00 00 00 00 00 00 00 ff ff 07 ff ff
00 00 00 00 00 00 00 00 00 00 00 00 00 00 00 00 00 00 00 00 00 00 00 00 00 00 00 00 00 00 00 00 00 00 00 00 00 00 00 00 00 00 00 00 00 00 00 00 00 ff ff ff





ff ff ff ff ff ff ff ff ff ff ff ff ff
ff 00 00 00 00 00 00 00 00 00 00 00 ff
ff 00 00 00 00 00 00 00 00 00 00 00 ff 00 00 00 00 00 00 00 00 00 00 ff ff ff 29 ff ff ff
ff 00 ff ff ff ff ff ff ff ff 0c ff ff 00 00 00 00 00 00 00 00 00 ff ff 00 00 00 00 00 ff ff
ff 00 ff ff ff ff 00 00 00 ff ff ff 00 00 00 00 00 00 00 00 00 00 ff 00 00 00 00 00 00 00 ff
ff 00 ff ff 0e ff ff 00 00 00 00 00 00 00 00 00 00 00 00 00 00 00 ff 00 00 00 00 00 00 00 ff
ff 00 00 00 00 00 ff 00 00 00 00 00 00 00 00 00 00 00 00 00 00 00 ff 00 00 00 00 00 00 00 ff
ff 00 00 00 00 00 ff 00 00 00 00 00 00 00 00 00 00 00 00 00 00 00 ff 00 00 00 00 00 00 00 ff
ff ff ff 00 00 00 ff 00 00 00 00 00 00 00 00 00 00 00 00 00 00 00 ff 00 00 00 00 00 00 00 ff
00 00 ff ff 0d ff ff 00 00 00 00 00 00 00 00 00 00 00 00 00 00 00 ff 00 00 00 00 00 00 00 ff
00 00 00 ff ff ff 00 00 00 00 00 00 00 00 00 00 00 00 ff ff ff 00 ff 00 00 00 00 00 ff 00 ff
00 00 00 00 00 00 00 00 00 00 00 00 00 00 00 00 00 ff ff 15 ff ff ff 00 00 00 00 00 00 00 ff
00 00 00 00 00 00 00 00 00 00 00 00 00 00 00 00 00 ff 00 00 00 ff ff 00 00 00 00 00 00 00 ff
00 00 00 00 00 00 00 00 00 00 00 00 00 00 00 00 00 ff 00 00 00 ff ff ff ff ff 00 ff ff ff ff
00 00 00 00 00 00 00 00 00 00 00 00 00 00 00 00 00 ff 00 00 00 ff 00 00 00 ff 00 ff
00 00 00 00 ff 00 ff 00 ff ff ff 00 00 00 00 00 00 ff 00 00 00 ff 00 00 00 ff 00 ff
00 ff ff ff ff ff ff ff ff 20 ff ff 00 00 00 00 00 ff ff ff ff ff 00 00 00 ff 00 ff
00 ff 00 00 fe 00 fe 00 00 00 00 ff 00 00 00 00 00 00 00 00 00 00 00 00 00 ff 00 ff
00 ff 00 00 00 00 00 00 00 00 00 ff 00 00 00 00 00 00 00 00 00 00 00 00 00 ff 00 ff 00 ff ff ff
00 ff 00 00 00 00 00 00 00 00 00 ff 00 00 00 00 00 00 00 00 ff ff ff ff ff ff 00 ff ff ff 14 ff ff
ff ff fe 00 fe 00 fe 00 fe 00 00 ff 00 00 00 00 00 00 00 00 ff 00 00 00 00 00 00 00 00 00 00 00 ff
ff ff fe 00 00 00 00 00 00 00 00 ff 00 00 00 00 00 00 00 00 ff 00 00 00 00 00 00 00 00 00 00 00 ff
00 ff 00 00 00 00 fe 00 fe 00 fe ff ff 00 00 00 00 00 00 00 ff 00 00 00 00 00 00 00 00 00 00 00 ff
ff ff fe 00 fe 00 00 00 00 00 00 ff 00 00 00 00 00 00 00 00 ff ff ff ff ff ff ff ff ff ff ff ff ff
00 ff 00 00 00 00 00 00 00 00 fe ff ff 00 00 00 00 00 00 00 00 00 00 00 00 00 00 00 00 00 00 00 00 00 00 00 00 00 00 00 00 00 00 ff ff ff
00 ff 00 00 fe 00 fe 00 fe 00 00 ff 00 00 00 00 00 00 00 00 00 00 00 00 00 00 00 00 00 00 00 00 00 00 00 00 00 00 ff ff ff ff ff ff 17 ff ff
00 ff 00 00 00 00 00 00 00 00 00 ff 00 00 00 00 00 00 00 00 00 00 00 00 00 00 00 00 00 00 00 00 00 00 00 00 00 00 ff 00 2e 00 00 00 00 00 ff
00 ff 00 00 00 00 fe 00 00 00 00 ff 00 00 00 00 00 00 00 00 00 00 00 00 00 00 00 00 00 00 00 00 00 00 00 00 00 00 ff 00 00 00 00 00 00 00 ff
00 ff ff ff ff 00 00 00 ff ff ff ff 00 00 00 00 00 00 00 00 00 ff ff ff 00 00 00 00 00 00 00 00 00 00 00 00 00 00 ff 00 00 00 00 00 00 00 ff
00 00 ff ff ff 00 fe fe ff ff ff 00 00 00 00 00 00 00 00 ff ff ff 19 ff ff 00 00 00 00 00 00 00 00 00 00 00 00 00 ff 00 00 00 00 00 00 00 ff
00 ff ff 1e ff 00 00 00 ff 1f ff ff 00 00 00 00 00 00 00 ff 00 00 00 00 ff 00 00 00 00 00 00 00 00 00 00 00 00 00 ff 2d 2d 2d 00 00 00 00 ff
00 ff 00 00 00 00 00 fe 00 00 00 ff 00 00 00 00 00 00 00 ff 00 00 00 00 ff 00 00 00 00 00 00 00 00 00 00 00 00 00 ff 2d 2d 2d ff ff ff ff ff
00 ff 00 65 00 00 00 00 00 00 00 ff 00 00 00 00 00 00 00 ff 00 00 00 00 ff 00 00 00 00 00 00 00 00 00 00 00 00 00 ff 2d 2d 2d ff
00 ff 00 00 00 00 00 00 00 00 00 ff 00 00 00 00 00 00 00 ff 00 ff ff ff ff 00 00 00 00 00 00 00 00 00 00 00 00 00 ff 2d 2d 2d ff ff ff 00 00 00 00 00 00 ff ff ff 00 ff
00 ff 00 00 00 00 00 00 00 00 00 ff 00 00 00 00 00 00 00 ff 00 ff ff ff 00 00 00 00 00 00 00 00 00 00 00 00 00 00 ff 2d 2d 2d ff 16 ff 28 ff ff 00 00 00 ff 1a ff 00 ff 28 ff
00 ff ff ff ff ff ff ff ff ff ff ff 00 00 00 00 00 00 00 ff 00 ff 18 ff ff 00 00 00 00 00 00 00 00 00 00 00 00 00 ff 00 00 00 00 00 00 00 00 ff
00 00 00 00 00 00 00 00 00 00 00 00 00 00 00 00 00 00 00 ff 00 00 00 00 ff 00 00 00 00 00 00 00 00 00 00 00 00 00 ff 00 00 00 00 00 00 00 00 ff
00 00 00 00 00 00 00 00 00 00 00 00 00 00 00 00 00 00 00 ff 00 00 00 00 ff 00 00 00 00 00 00 00 00 00 00 00 00 00 ff ff ff ff ff ff ff ff ff ff
00 00 00 00 00 00 00 00 00 00 00 00 00 00 00 00 00 00 00 ff 00 00 00 00 ff
00 00 00 00 00 00 00 00 00 00 00 00 00 00 00 00 00 00 00 ff ff ff ff ff ff
