top_left:u16	top_right:u16	bottom_left:u16	bottom_right:u16
0x13fb	0x13fb	0x13fb	0x13fb
0x3382	0x3383	0x33a2	0x33a3
0x3384	0x3385	0x33a4	0x33a5
0x3386	0x3387	0x33a6	0x33a7
0x33c2	0x33c3	0x33e2	0x33e3
0x33c4	0x33c5	0x33e4	0x33e5
0x33c6	0x33c7	0x33e6	0x33e7
0x2240	0x2241	0x2260	0x2261
0x4202	0x4203	0x4222	0x4223
0x2200	0x2201	0x2220	0x2221
0x6306	0x6307	0x6307	0x6327
0x225e	0x225f	0x227e	0x227f
0x265f	0x265e	0x267f	0x267e
0x220e	0x220f	0x222e	0x222f
0xd240	0xd241	0xd260	0xd261
0xd242	0xd642	0xd262	0xd662
0xd641	0xd640	0xd661	0xd660
0x2214	0x2201	0x2234	0x2221
0x2601	0x2614	0x2621	0x2634
0x2256	0x2257	0x332a	0x332b
0xd280	0xd281	0xda80	0xda81
0xd282	0xd682	0xda82	0xde82
0xd681	0xd680	0xde81	0xde80
0x13fb	0x13fb	0x17fb	0x13fb
0x6308	0x6309	0x42a8	0x42a9
0x13fb	0x13fb	0x71ca	0x71cb
0xda60	0xda61	0xda40	0xda41
0xda62	0xde62	0xda42	0xde42
0xde61	0xde60	0xde41	0xde40
0x71ea	0x71eb	0x13fb	0x13fb
0x267f	0x267e	0x42a0	0x42a1
0x227e	0x227f	0x42a0	0x42a1
0x46cb	0x2201	0x46eb	0x2221
0x13fb	0x7653	0x13fb	0x7673
0x7652	0x7655	0x7672	0x7675
0x7654	0x13fb	0x7674	0x13fb
0x71ea	0x71eb	0x7252	0x7253
0x2214	0x42cb	0x2234	0x42eb
0x4288	0x4289	0x42a8	0x42a9
0x46cb	0x2614	0x46eb	0x2634
0x71ca	0x71cb	0x71ea	0x71eb
0x71ea	0x71eb	0x13fb	0x7655
0x71ea	0x71eb	0x7654	0x7272
0x71ea	0x71eb	0x7273	0x13fb
0x71ea	0x71eb	0x13fb	0x7272
0x7653	0x7652	0x7673	0x7672
0x7655	0x7654	0x7675	0x7674
0x13fb	0x13fb	0x7252	0x7253
0x13fb	0x13fb	0x7254	0x7255
0x13fb	0x13fb	0x72ce	0x72cf
0x7274	0x7275	0x72d0	0x72d1
0x72ee	0x72ef	0x72d0	0x72d1
0x13fb	0x17fb	0x13fb	0x13fb
0x2214	0x42cb	0x2234	0x2221
0x4202	0x4203	0x42a2	0x4223
0x7272	0x7273	0x72ce	0x72cf
0x13fb	0x7655	0x13fb	0x7675
0x7654	0x7272	0x7674	0x72ce
0x7273	0x7675	0x72cf	0x13fb
0x7674	0x72ce	0x13fb	0x13fb
0x72cf	0x13fb	0x13fb	0x7272
0x13fb	0x72ce	0x7273	0x13fb
0x72cf	0x13fb	0x7272	0x7273
0x7272	0x7273	0x13fb	0x13fb
0x72ee	0x72ef	0x13fb	0x13fb
0x72f0	0x72f1	0x13fb	0x13fb
0x72f0	0x72f1	0x72ce	0x72cf
0x13fb	0x13fb	0x72d0	0x72d1
0x72ee	0x72ef	0x7653	0x7652
0x7a74	0x7a75	0x13fb	0x13fb
0x2214	0x2201	0x2234	0x42eb
0x42a2	0x4203	0x4222	0x4223
0x4282	0x4203	0x42a2	0x4223
0x13fb	0x76ce	0x13fb	0x76ee
0x13fb	0x7272	0x13fb	0x72ce
0x7273	0x7652	0x72cf	0x13fb
0x7655	0x72ce	0x13fb	0x72ee
0x72cf	0x13fb	0x72ef	0x13fb
0x72ce	0x72cf	0x72ee	0x72ef
0x13fb	0x13fb	0x76d1	0x76d0
0x72f0	0x72f1	0x7ef1	0x7ef0
0x7673	0x7672	0x72ce	0x72cf
0x2200	0x42cb	0x2220	0x42eb
0x7654	0x7652	0x7674	0x7672
0x7274	0x72ee	0x72d0	0x72d1
0x72ef	0x13fb	0x13fb	0x13fb
0x7652	0x7655	0x13fb	0x13fb
0x7274	0x7275	0x13fb	0x13fb
0x72f0	0x72f1	0x76cf	0x76ce
0x7272	0x7273	0x7655	0x7654
0x76f1	0x76f0	0x7655	0x7654
0x7ed1	0x7ed0	0x72d0	0x72d1
0x7274	0x7275	0x72d0	0x13fb
0x2204	0x2205	0x2224	0x2225
0x4202	0x4682	0x4222	0x46a2
0x2200	0x2614	0x2220	0x2634
0x2641	0x2640	0x2661	0x2660
0x2200	0x2201	0x42a0	0x42a1
0x7654	0x76ce	0x7674	0x76ee
0x72ee	0x72ef	0x13fb	0x76ce
0x72f0	0x72f1	0x7655	0x7654
0x13fb	0x7272	0x72d0	0x72ce
0x7273	0x7274	0x72cf	0x72d0
0x7275	0x13fb	0x72d1	0x13fb
0x7654	0x72ce	0x7674	0x72ee
0x76ef	0x76ee	0x13fb	0x7652
0x7675	0x7674	0x7655	0x7654
0x72f0	0x72f1	0x72ce	0x13fb
0x7673	0x7672	0x13fb	0x13fb
0x7675	0x7674	0x13fb	0x7655
0x72ee	0x72ef	0x7654	0x72ce
0x72f0	0x72f1	0x7652	0x7655
0x13fb	0x13fb	0x7654	0x72ce
0x4282	0x4203	0x42a2	0x4203
0x4280	0x4281	0x46eb	0x2221
0x4280	0x4281	0x2220	0x2221
0x4280	0x4281	0x2220	0x42eb
0x13fb	0x7652	0x13fb	0x7672
0x13fb	0x76ee	0x13fb	0x7652
0x72f0	0x72ee	0x72ce	0x13fb
0x72ef	0x72f0	0x13fb	0x76ce
0x72f1	0x13fb	0x7655	0x7654
0x13fb	0x13fb	0x72d0	0x13fb
0x13fb	0x7672	0x7652	0x7655
0x7675	0x7674	0x13fb	0x13fb
0x72ee	0x13fb	0x13fb	0x13fb
0x13fb	0x7675	0x7654	0x13fb
0x7674	0x72ee	0x13fb	0x13fb
0x7672	0x7675	0x13fb	0x13fb
0x7674	0x72ee	0x7655	0x7654
0x13fb	0x7655	0x72ce	0x7675
0x2214	0x42cb	0x2234	0x42cb
0x4222	0x4223	0x4222	0x4223
0x72d0	0x7672	0x72f0	0x13fb
0x7675	0x7674	0x13fb	0x76ce
0x72ee	0x13fb	0x7655	0x7654
0x13fb	0x76ee	0x72d0	0x7652
0x72f0	0x13fb	0x72ce	0x13fb
0x13fb	0x72ee	0x13fb	0x7654
0x72ef	0x72f0	0x72ce	0x7652
0x72f1	0x13fb	0x7655	0x7652
0x13fb	0x13fb	0x7655	0x7654
0x7672	0x7675	0x72ce	0x13fb
0x7674	0x13fb	0x13fb	0x13fb
0x2214	0x42eb	0x2234	0x2221
0x4202	0x4203	0x4282	0x4223
0x46cb	0x2201	0x42a0	0x42a1
0x2200	0x42cb	0x42a0	0x42a1
0x76ee	0x7675	0x7652	0x7655
0x76ce	0x7655	0x76ee	0x7675
0x72ce	0x13fb	0x72ee	0x13fb
0x72f0	0x7672	0x72ce	0x13fb
0x7675	0x7674	0x7652	0x7655
0x13fb	0x7672	0x72ee	0x72ef
0x7675	0x7674	0x72f0	0x72f1
0x72ce	0x13fb	0x72ee	0x7655
0x72d0	0x7672	0x72f0	0x76ce
0x72ee	0x13fb	0x72d0	0x13fb
0x13fb	0x13fb	0x7652	0x7655
0x7654	0x72ce	0x13fb	0x13fb
0x13fb	0x7675	0x13fb	0x13fb
0x72ce	0x76ee	0x72ee	0x7652
0x7654	0x72d0	0x7674	0x72f0
0x7672	0x7675	0x76ce	0x7655
0x7674	0x7652	0x7654	0x7672
0x72f0	0x76ce	0x72ce	0x76ee
0x72d0	0x13fb	0x72f0	0x13fb
0x13fb	0x13fb	0x13fb	0x72ee
0x13fb	0x13fb	0x72ef	0x72f0
0x13fb	0x13fb	0x72f1	0x72ee
0x13fb	0x72ee	0x72f1	0x7654
0x72f1	0x13fb	0x7655	0x72ee
0x46cb	0x2600	0x46eb	0x2620
0x13fb	0x72ce	0x13fb	0x72ee
0x7674	0x13fb	0x7654	0x13fb
0x13fb	0x7672	0x13fb	0x7672
0x7675	0x7674	0x7675	0x7674
0x72ee	0x7652	0x72ee	0x7672
0x13fb	0x7654	0x13fb	0x13fb
0x72ce	0x7652	0x13fb	0x13fb
0x7655	0x7654	0x13fb	0x13fb
0x72ce	0x7652	0x72ee	0x72ef
0x7655	0x13fb	0x72f0	0x13fb
0x13fb	0x13fb	0x72ee	0x72ef
0x13fb	0x7654	0x72f0	0x72f1
0x220c	0x220d	0x222c	0x222d
0x4280	0x4281	0x2214	0x2221
0x7652	0x13fb	0x13fb	0x72ee
0x7654	0x72ce	0x72ef	0x72f0
0x224c	0x224d	0x226c	0x226d
0x2260	0x2261	0x265f	0x265e
0x2234	0x2201	0x2214	0x2221
0x267f	0x267e	0x2201	0x2201
0x2201	0x2200	0x2221	0x2220
0x2201	0x2201	0x2221	0x2221
0x17fb	0x13fb	0x13fb	0x13fb
0x13fb	0x13fb	0x13fb	0x17fb
0x1082	0x1082	0x1082	0x1082
0x1082	0x1082	0x1082	0x10ab
0x1482	0x1482	0x14e7	0x14e6
0x1082	0x1082	0x10e4	0x10e5
0x1082	0x1082	0x10e6	0x10e7
0x1482	0x1482	0x14ab	0x1482
0x1002	0x1003	0x1022	0x1023
0x1507	0x1506	0x1527	0x1526
0x1104	0x1105	0x1124	0x1125
0x1106	0x1107	0x1126	0x1127
0x1403	0x1402	0x1423	0x1422
0x1042	0x1043	0x1062	0x1063
0x1547	0x1546	0x1567	0x1566
0x1144	0x1145	0x1164	0x1165
0x1146	0x1147	0x1166	0x1167
0x1443	0x1442	0x1463	0x1462
0x1822	0x1823	0x1802	0x1803
0x17fb	0x17fb	0x17fb	0x17fb
0x1c23	0x1c22	0x1c03	0x1c02
0x1862	0x1863	0x1e0d	0x1843
0x1c63	0x1c62	0x1c43	0x1e0d
0x1482	0x1203	0x14e5	0x14e4
0x160d	0x160c	0x1e0d	0x1e0c
0x120c	0x120d	0x1a0c	0x1a0d
0x1603	0x1082	0x10e4	0x10e5
0x1482	0x1482	0x1082	0x1082
0x1104	0x1863	0x1124	0x1125
0x1c63	0x1504	0x1525	0x1524
0x100a	0x100b	0x102a	0x102b
0x1505	0x1504	0x1525	0x1524
0x1545	0x1544	0x1565	0x1564
0x1048	0x1049	0x1068	0x1069
0x1040	0x1041	0x1060	0x1061
0x1860	0x1861	0x1840	0x1841
0x1862	0x1863	0x1842	0x1843
0x1108	0x1109	0x1128	0x1129
0x1860	0x1041	0x1840	0x1e0d
0x1082	0x1082	0x10e6	0x10e4
0x1082	0x1082	0x10e5	0x10e6
0x1082	0x1082	0x10e7	0x14e5
0x1862	0x1863	0x1a0d	0x1843
0x1148	0x1149	0x1168	0x1169
0x1106	0x1104	0x1126	0x1124
0x1105	0x1106	0x1125	0x1126
0x1107	0x1505	0x1127	0x1525
0x1146	0x1144	0x1166	0x1164
0x1145	0x1146	0x1165	0x1166
0x1147	0x1545	0x1167	0x1565
0x160b	0x160a	0x1c43	0x10fa
0x1206	0x1207	0x1226	0x1227
0x1208	0x1209	0x1228	0x1229
0x120a	0x120b	0x122a	0x122b
0x120a	0x120b	0x14fa	0x1843
0x1040	0x1861	0x1060	0x1061
0x1c61	0x1440	0x1461	0x1460
0x1082	0x1082	0x10e5	0x10e7
0x1105	0x1107	0x1125	0x1127
0x15c7	0x15c6	0x15e7	0x15e6
0x11c6	0x11c7	0x11e6	0x11e7
0x1145	0x1147	0x1165	0x1167
0x1209	0x120a	0x1229	0x122a
0x120b	0x1209	0x122b	0x1229
0x1207	0x1207	0x1227	0x1227
0x1246	0x1247	0x1266	0x1267
0x1248	0x1249	0x1268	0x1269
0x124a	0x124b	0x126a	0x126b
