x:u16	y:u16
376	680
376	680
376	680
376	680
376	680
376	680
376	680
376	680
376	680
376	680
376	680
375	679
375	679
375	678
375	677
375	676
375	674
375	673
375	671
375	670
375	668
375	667
375	665
375	664
375	662
375	661
375	659
375	658
375	656
375	655
375	653
375	652
375	650
375	649
375	647
375	646
375	644
375	643
375	641
374	640
374	639
373	637
372	636
371	635
370	634
369	633
368	632
367	631
366	630
365	629
364	628
363	627
361	626
361	624
360	623
359	622
358	621
357	620
356	619
355	618
353	617
352	616
351	615
350	614
349	613
348	611
347	610
346	609
345	608
344	607
343	606
342	605
341	604
340	603
339	602
338	601
336	600
335	599
334	599
332	599
331	599
329	599
328	599
326	599
325	599
323	599
322	599
320	599
319	599
317	599
316	599
314	599
313	599
311	599
310	599
308	599
307	599
305	599
304	599
302	599
301	599
299	599
298	599
296	599
295	599
293	599
292	599
290	599
289	599
288	598
286	598
285	597
283	596
282	595
281	594
280	593
279	592
278	591
277	590
276	589
275	588
274	587
273	586
272	585
271	584
270	583
269	582
267	581
266	579
266	578
266	577
266	575
266	574
266	572
266	571
266	569
266	568
266	566
266	565
266	563
266	562
266	560
266	559
266	557
266	556
266	554
266	553
266	551
266	550
266	548
266	547
266	545
266	544
266	542
266	541
266	539
266	538
266	536
266	535
266	533
266	532
266	530
266	529
266	527
266	526
266	524
266	523
266	521
266	520
266	518
266	517
266	515
266	514
266	512
266	511
266	509
266	508
266	506
266	505
266	503
266	502
266	500
266	499
266	497
266	496
266	494
266	493
266	491
266	490
266	488
265	487
264	486
263	485
262	484
261	483
259	482
258	481
257	480
256	479
255	477
254	476
253	475
252	474
251	473
250	472
249	471
248	470
246	470
245	470
243	470
242	470
240	470
239	470
237	470
236	470
234	470
233	470
231	470
230	470
228	470
227	470
225	470
224	470
222	470
221	470
219	470
218	470
216	470
215	470
213	470
212	470
210	470
209	470
207	470
206	469
205	468
204	467
203	466
202	465
201	464
201	462
201	461
201	459
201	458
201	456
201	456
201	456
201	456
201	456
201	456
201	456
201	456
201	456
201	456
201	456
201	456
201	456
201	456
201	456
201	456
201	456
201	456
201	456
201	456
201	456
201	456
201	456
201	456
201	456
201	456
201	456
201	456
201	456
201	456
201	456
201	456
201	456
202	456
202	456
202	456
202	456
202	456
203	456
203	456
203	456
203	456
203	456
204	456
204	456
204	456
204	456
204	456
205	456
205	456
205	456
205	456
205	456
206	456
206	456
206	456
206	456
206	456
207	456
207	456
207	456
207	456
207	456
208	456
208	456
208	456
208	456
208	456
209	456
209	456
209	456
209	456
209	456
210	456
210	456
210	456
210	456
210	456
211	456
211	456
211	456
211	456
211	456
212	456
212	456
212	456
212	456
212	456
213	456
213	456
213	456
213	456
213	456
214	456
214	456
214	456
214	456
214	456
215	456
215	456
215	456
215	456
215	456
216	456
216	456
216	456
216	456
216	456
217	456
217	455
217	455
217	455
217	455
217	455
217	455
217	455
217	455
217	455
217	455
217	455
217	455
217	455
217	455
217	455
217	455
217	455
217	455
217	455
217	455
217	455
217	455
217	455
217	455
217	455
217	455
217	455
217	455
217	455
217	454
217	453
217	452
217	450
217	449
216	448
215	446
213	445
212	444
211	443
211	442
211	440
211	439
213	439
214	439
216	439
217	439
219	439
220	439
222	439
223	438
225	438
226	437
227	437
229	437
230	437
230	437
230	437
230	437
230	437
231	437
232	437
233	437
234	437
235	435
236	434
237	433
238	432
238	432
238	432
238	432
238	432
238	432
238	432
238	432
238	432
238	432
238	432
238	432
238	432
238	432
238	432
238	432
238	432
238	432
238	432
238	432
239	432
240	432
241	432
242	432
243	432
245	432
246	432
248	432
249	432
251	432
251	432
251	432
251	432
251	432
252	431
253	431
254	430
255	429
256	428
257	426
258	425
259	424
260	424
262	424
263	424
264	425
264	425
264	425
264	425
264	425
264	425
264	425
264	425
264	425
264	425
264	425
264	425
264	425
264	425
264	425
264	425
264	425
264	425
264	425
264	425
264	425
264	425
264	425
264	425
264	425
264	425
264	425
264	425
264	425
264	425
264	425
264	426
264	426
264	426
264	426
264	426
264	427
264	427
264	427
264	427
264	427
264	428
264	428
264	428
264	428
264	428
264	429
264	429
264	429
264	429
264	429
264	430
264	430
264	430
264	430
264	430
264	431
264	431
264	431
264	431
264	431
264	432
264	432
264	432
264	432
264	432
264	433
264	433
264	433
264	433
264	433
264	434
264	434
264	434
264	434
264	434
264	435
264	435
264	435
264	435
264	435
264	436
264	436
264	436
264	436
264	436
264	437
264	437
264	437
264	437
264	437
264	438
264	438
264	438
264	438
264	438
264	439
264	439
264	439
264	439
264	439
264	440
264	440
264	440
264	440
264	440
264	441
264	441
264	441
264	441
264	441
265	441
266	441
267	441
269	441
270	441
272	441
273	441
275	441
276	441
278	441
279	441
281	441
282	441
283	442
284	443
285	444
285	445
285	447
285	448
285	450
285	451
285	453
285	454
285	456
285	457
285	459
285	460
286	461
288	462
289	463
290	464
291	465
292	467
293	468
294	469
295	470
296	471
297	472
298	472
300	472
301	472
303	472
304	472
306	472
307	472
309	472
310	472
312	472
313	472
315	472
316	472
318	471
319	470
320	469
321	468
322	467
323	466
324	465
325	464
326	463
326	461
326	460
325	459
325	459
325	459
325	459
325	459
325	459
325	459
325	459
325	459
325	459
325	459
325	459
325	459
325	459
325	459
325	459
325	459
325	459
325	459
325	459
325	459
325	459
325	459
325	459
325	459
325	459
325	459
325	459
325	459
325	459
325	459
325	459
325	459
324	459
324	459
324	459
324	459
324	459
323	459
323	459
323	459
323	459
323	459
322	459
322	459
322	458
322	458
322	458
321	458
321	458
321	458
321	458
321	458
320	458
320	458
320	458
320	458
320	458
319	458
319	458
319	458
319	458
319	458
318	458
318	458
318	458
318	458
318	458
317	458
317	458
317	458
317	458
317	458
316	458
316	458
316	458
316	458
316	458
315	458
315	458
315	458
315	458
315	458
314	458
314	458
314	458
314	458
314	458
313	458
313	457
313	457
313	457
313	457
312	457
312	457
312	457
312	457
312	457
311	457
311	457
311	457
311	457
311	457
310	457
310	457
310	457
310	457
310	457
309	457
309	457
309	457
310	458
310	458
311	459
312	460
313	461
314	462
315	463
316	464
318	466
319	467
320	468
321	469
322	470
323	471
324	472
325	472
327	472
328	472
330	472
331	472
333	472
334	471
335	471
337	471
338	471
340	471
341	471
343	471
344	471
344	471
344	471
344	471
344	471
344	471
344	471
344	471
344	471
344	471
344	471
344	471
344	471
344	471
344	471
343	472
343	472
343	472
343	472
343	472
343	472
343	472
343	472
343	472
343	472
343	472
343	472
343	472
343	472
343	472
343	472
343	472
343	472
343	472
343	472
343	472
343	472
343	472
343	472
343	472
343	472
343	472
343	472
343	472
343	472
343	472
343	472
343	472
343	472
343	472
343	472
343	472
343	472
343	472
343	472
343	472
343	472
343	472
343	472
343	472
343	472
343	472
343	471
343	470
343	469
343	468
343	467
343	467
343	466
343	465
343	464
343	463
343	462
343	461
343	460
343	459
343	458
343	458
343	457
343	456
343	456
343	456
343	456
343	456
343	455
343	455
343	454
343	453
343	452
343	450
343	449
343	447
343	446
343	444
343	443
343	441
343	440
343	438
343	437
343	435
343	434
343	432
343	431
343	429
343	428
343	426
343	425
342	424
341	424
339	424
338	424
336	424
335	424
333	424
332	424
330	424
329	424
327	424
326	424
324	424
323	424
321	424
320	424
318	424
317	424
315	424
314	424
312	424
311	424
309	424
308	424
306	424
305	424
303	424
302	424
300	424
299	424
297	424
296	424
294	424
293	425
293	425
293	425
293	425
293	425
293	425
293	425
293	425
293	425
293	425
293	425
293	425
293	425
293	425
293	425
293	425
293	425
293	425
293	425
293	425
293	427
294	430
294	433
294	436
294	439
295	442
295	445
295	448
295	451
295	454
295	455
295	455
295	455
295	455
295	455
295	455
295	455
295	455
295	455
295	455
295	455
295	455
295	455
295	455
295	455
295	455
295	455
295	455
295	455
295	455
295	455
295	455
295	455
295	455
295	455
295	455
295	455
293	455
290	455
287	455
284	455
281	455
278	455
275	455
272	455
269	455
266	455
263	456
262	456
262	456
262	456
262	456
262	456
262	456
262	456
262	456
262	456
262	456
262	456
262	456
262	456
262	456
262	456
262	456
262	456
262	456
262	456
262	456
262	456
262	456
262	456
262	456
262	456
260	456
257	456
254	456
251	456
248	456
245	456
242	456
239	456
236	456
233	456
232	456
232	456
232	456
232	456
232	456
232	456
232	456
231	456
231	456
231	455
231	455
231	455
231	455
231	455
231	455
231	455
231	455
231	455
231	455
231	455
231	455
231	455
231	455
231	455
231	455
231	455
231	455
231	455
231	455
231	453
231	450
231	447
231	444
231	441
231	438
231	435
231	432
231	429
231	426
232	423
232	422
232	422
232	422
232	422
232	422
232	422
231	422
231	422
230	422
229	422
228	422
226	422
225	422
223	422
222	422
220	422
219	422
217	422
216	422
214	422
213	422
211	422
210	422
208	422
207	422
205	422
204	422
202	422
201	422
199	422
198	422
196	422
195	422
193	422
192	422
190	422
189	422
187	422
186	422
184	422
183	421
183	420
183	418
183	417
183	415
183	414
183	412
183	411
183	409
183	408
183	406
183	405
183	403
183	402
183	400
183	399
183	397
183	396
183	394
183	393
183	391
183	390
183	388
183	387
183	385
183	384
183	382
183	381
183	379
183	378
183	376
183	375
183	375
183	375
183	375
183	375
183	375
183	375
183	375
183	375
183	375
183	375
183	375
183	375
183	375
183	375
184	376
184	376
184	376
184	376
184	376
184	376
184	376
184	376
184	376
184	376
184	376
184	376
184	376
184	376
184	376
184	376
184	376
184	376
184	376
184	376
184	376
184	376
184	376
184	376
184	376
184	376
184	376
184	376
184	376
184	376
184	376
184	376
184	376
184	376
184	376
184	376
184	376
184	376
184	376
184	376
184	376
184	376
184	376
184	376
184	376
184	376
184	376
184	375
184	374
184	373
184	372
184	371
184	371
184	370
184	369
184	368
184	367
184	366
184	365
184	364
184	363
184	362
184	362
184	361
184	360
184	360
184	360
184	360
184	360
184	359
184	359
184	358
184	357
184	356
185	354
185	353
186	352
186	350
187	349
188	348
190	347
191	346
192	345
193	344
194	343
195	342
196	341
197	340
198	339
199	338
200	337
201	335
202	334
203	333
204	332
205	331
206	330
208	329
209	329
211	329
212	329
214	329
215	329
217	329
218	329
220	329
221	329
223	329
224	329
226	329
227	329
229	329
230	329
232	329
233	329
235	329
236	329
238	329
239	328
240	327
241	326
242	326
243	325
245	324
246	323
247	322
248	321
249	319
250	318
251	317
252	316
253	315
254	314
255	313
256	312
257	311
258	310
259	309
260	307
261	306
261	305
262	303
262	302
262	300
262	299
262	297
262	296
262	294
262	293
262	291
262	290
262	288
262	287
262	285
262	284
262	282
262	281
262	279
262	278
262	276
262	275
262	273
262	272
262	270
262	269
262	267
262	266
262	264
262	263
262	261
262	260
262	258
262	257
262	255
262	254
262	252
262	251
262	249
262	248
262	246
262	245
262	243
262	242
262	240
262	239
263	238
264	237
264	235
264	234
264	232
264	231
264	229
264	228
264	226
265	225
266	224
266	222
267	221
267	219
268	218
269	217
270	216
272	215
273	214
274	213
275	212
276	211
277	210
278	209
279	208
280	207
281	206
282	205
283	203
284	202
285	201
286	200
287	199
289	199
290	198
291	197
292	195
293	195
294	194
295	193
297	192
298	191
299	190
300	189
301	187
302	186
303	185
304	184
305	183
306	182
307	181
308	180
309	179
311	179
312	179
314	179
315	179
317	179
318	179
320	179
321	179
323	179
324	179
326	179
327	179
329	179
330	179
332	179
333	179
335	179
336	179
338	179
339	179
341	179
342	179
344	179
345	179
347	179
348	179
349	178
350	177
351	176
353	175
354	174
355	173
356	172
357	171
358	169
359	168
360	167
361	166
362	165
362	164
362	162
362	161
362	159
362	159
362	158
361	157
361	156
361	155
360	154
360	153
360	152
0	0
0	0
0	0
0	0
0	0
0	0
0	0
0	0
0	0
0	0
0	0
0	0
0	0
0	0
0	0
0	0
0	0
0	0
0	0
0	0
0	0
0	0
0	0
0	0
0	0
0	0
0	0
0	0
0	0
0	0
0	0
0	0
0	0
0	0
0	0
0	0
0	0
0	0
0	0
0	0
0	0
0	0
0	0
0	0
0	0
0	0
0	0
0	0
0	0
0	0
0	0
0	0
0	0
0	0
0	0
0	0
0	0
0	0
0	0
0	0
0	0
0	0
0	0
0	0
0	0
0	0
0	0
0	0
0	0
0	0
0	0
0	0
0	0
0	0
0	0
0	0
0	0
0	0
0	0
0	0
0	0
0	0
0	0
0	0
0	0
0	0
0	0
0	0
0	0
0	0
0	0
0	0
0	0
0	0
0	0
0	0
0	0
0	0
0	0
0	0
0	0
0	0
0	0
0	0
0	0
0	0
0	0
0	0
0	0
0	0
0	0
0	0
0	0
0	0
0	0
0	0
0	0
0	0
0	0
0	0
0	0
0	0
0	0
0	0
0	0
0	0
0	0
0	0
0	0
0	0
0	0
0	0
0	0
0	0
0	0
0	0
0	0
0	0
0	0
0	0
0	0
0	0
0	0
0	0
0	0
0	0
0	0
0	0
0	0
0	0
0	0
0	0
0	0
0	0
0	0
0	0
0	0
0	0
0	0
0	0
0	0
0	0
0	0
0	0
0	0
0	0
0	0
0	0
0	0
0	0
0	0
0	0
0	0
0	0
0	0
0	0
0	0
0	0
0	0
0	0
0	0
0	0
0	0
0	0
0	0
0	0
0	0
0	0
0	0
0	0
0	0
0	0
0	0
0	0
0	0
0	0
0	0
0	0
0	0
0	0
0	0
0	0
0	0
0	0
0	0
0	0
0	0
0	0
0	0
0	0
0	0
0	0
0	0
0	0
0	0
0	0
0	0
0	0
0	0
0	0
0	0
0	0
0	0
0	0
0	0
0	0
0	0
0	0
0	0
0	0
0	0
0	0
0	0
0	0
0	0
0	0
0	0
0	0
0	0
0	0
0	0
0	0
0	0
0	0
0	0
0	0
0	0
0	0
0	0
0	0
0	0
0	0
0	0
0	0
0	0
0	0
0	0
0	0
0	0
0	0
0	0
0	0
0	0
0	0
0	0
0	0
0	0
0	0
0	0
0	0
0	0
0	0
0	0
0	0
0	0
0	0
0	0
0	0
0	0
0	0
0	0
0	0
0	0
0	0
0	0
0	0
0	0
0	0
0	0
0	0
0	0
0	0
0	0
0	0
0	0
0	0
0	0
0	0
0	0
0	0
0	0
0	0
0	0
0	0
0	0
0	0
0	0
0	0
0	0
0	0
0	0
0	0
0	0
0	0
0	0
0	0
0	0
0	0
0	0
0	0
0	0
0	0
0	0
0	0
0	0
0	0
0	0
0	0
0	0
0	0
0	0
0	0
0	0
0	0
0	0
0	0
0	0
0	0
0	0
0	0
0	0
0	0
0	0
0	0
0	0
0	0
0	0
0	0
0	0
0	0
0	0
0	0
0	0
0	0
0	0
0	0
0	0
0	0
0	0
0	0
0	0
0	0
0	0
0	0
0	0
0	0
0	0
0	0
0	0
0	0
0	0
0	0
0	0
0	0
0	0
0	0
0	0
0	0
0	0
0	0
0	0
0	0
0	0
0	0
0	0
0	0
0	0
0	0
0	0
0	0
0	0
0	0
0	0
0	0
0	0
0	0
0	0
0	0
0	0
0	0
0	0
0	0
0	0
0	0
0	0
0	0
0	0
0	0
0	0
0	0
0	0
0	0
0	0
0	0
0	0
0	0
0	0
0	0
0	0
0	0
0	0
0	0
0	0
0	0
0	0
0	0
0	0
0	0
0	0
0	0
0	0
0	0
0	0
0	0
0	0
0	0
0	0
0	0
0	0
0	0
0	0
0	0
0	0
0	0
0	0
0	0
0	0
0	0
0	0
0	0
0	0
0	0
0	0
0	0
0	0
0	0
0	0
0	0
0	0
0	0
0	0
0	0
0	0
0	0
0	0
0	0
0	0
0	0
0	0
0	0
0	0
0	0
0	0
0	0
0	0
0	0
0	0
0	0
0	0
0	0
0	0
0	0
0	0
0	0
0	0
0	0
0	0
0	0
0	0
0	0
0	0
0	0
0	0
0	0
0	0
0	0
0	0
0	0
0	0
0	0
0	0
0	0
0	0
0	0
0	0
0	0
0	0
0	0
0	0
0	0
0	0
0	0
0	0
0	0
0	0
0	0
0	0
0	0
0	0
0	0
0	0
0	0
0	0
0	0
0	0
0	0
0	0
0	0
0	0
0	0
0	0
0	0
0	0
0	0
0	0
0	0
0	0
0	0
0	0
0	0
0	0
0	0
0	0
0	0
0	0
0	0
0	0
0	0
0	0
0	0
0	0
0	0
0	0
0	0
0	0
0	0
0	0
0	0
0	0
0	0
0	0
0	0
0	0
0	0
0	0
0	0
0	0
0	0
0	0
0	0
0	0
0	0
0	0
0	0
0	0
0	0
0	0
0	0
0	0
0	0
0	0
0	0
0	0
0	0
0	0
0	0
0	0
0	0
0	0
0	0
0	0
0	0
0	0
0	0
0	0
0	0
0	0
0	0
0	0
0	0
0	0
0	0
0	0
0	0
0	0
0	0
0	0
0	0
0	0
0	0
0	0
0	0
0	0
0	0
0	0
0	0
0	0
0	0
0	0
0	0
0	0
0	0
0	0
0	0
0	0
0	0
0	0
0	0
0	0
0	0
0	0
0	0
0	0
0	0
0	0
0	0
0	0
0	0
0	0
0	0
0	0
0	0
0	0
0	0
0	0
0	0
0	0
0	0
0	0
0	0
0	0
0	0
0	0
0	0
0	0
0	0
0	0
0	0
0	0
0	0
0	0
0	0
0	0
0	0
0	0
0	0
0	0
0	0
0	0
0	0
0	0
0	0
0	0
0	0
0	0
0	0
0	0
0	0
0	0
0	0
0	0
0	0
0	0
0	0
0	0
0	0
0	0
0	0
0	0
0	0
0	0
0	0
0	0
0	0
0	0
0	0
0	0
0	0
0	0
0	0
0	0
0	0
0	0
0	0
0	0
0	0
0	0
0	0
0	0
0	0
0	0
0	0
0	0
0	0
0	0
0	0
0	0
0	0
0	0
0	0
0	0
0	0
0	0
0	0
0	0
0	0
0	0
0	0
0	0
0	0
0	0
0	0
0	0
0	0
0	0
0	0
0	0
0	0
0	0
0	0
0	0
0	0
0	0
0	0
0	0
0	0
0	0
0	0
0	0
0	0
0	0
0	0
0	0
0	0
0	0
0	0
0	0
0	0
0	0
0	0
0	0
0	0
0	0
0	0
0	0
0	0
0	0
0	0
0	0
0	0
0	0
0	0
0	0
0	0
0	0
0	0
0	0
0	0
0	0
0	0
0	0
0	0
0	0
0	0
0	0
0	0
0	0
0	0
0	0
0	0
0	0
0	0
0	0
0	0
0	0
0	0
0	0
0	0
0	0
0	0
0	0
0	0
0	0
0	0
0	0
0	0
0	0
0	0
0	0
0	0
0	0
0	0
0	0
0	0
0	0
0	0
0	0
0	0
0	0
0	0
0	0
0	0
0	0
0	0
0	0
0	0
0	0
0	0
0	0
0	0
0	0
0	0
0	0
0	0
0	0
0	0
0	0
0	0
0	0
0	0
0	0
0	0
0	0
0	0
0	0
0	0
0	0
0	0
0	0
0	0
0	0
0	0
0	0
0	0
0	0
0	0
0	0
0	0
0	0
0	0
0	0
0	0
0	0
0	0
0	0
0	0
0	0
0	0
0	0
0	0
0	0
0	0
0	0
0	0
0	0
0	0
0	0
0	0
0	0
0	0
0	0
0	0
0	0
0	0
0	0
0	0
0	0
0	0
0	0
0	0
0	0
0	0
0	0
0	0
0	0
0	0
0	0
0	0
0	0
0	0
0	0
0	0
0	0
0	0
0	0
0	0
0	0
0	0
0	0
0	0
0	0
0	0
0	0
0	0
0	0
0	0
0	0
0	0
0	0
0	0
0	0
0	0
0	0
0	0
0	0
0	0
0	0
0	0
0	0
0	0
0	0
0	0
0	0
0	0
0	0
0	0
0	0
0	0
0	0
0	0
0	0
0	0
0	0
0	0
0	0
0	0
0	0
0	0
0	0
0	0
0	0
0	0
0	0
0	0
0	0
0	0
0	0
0	0
0	0
0	0
0	0
0	0
0	0
0	0
0	0
0	0
0	0
0	0
0	0
0	0
0	0
0	0
0	0
0	0
0	0
0	0
0	0
0	0
0	0
0	0
0	0
0	0
0	0
0	0
0	0
0	0
0	0
0	0
0	0
0	0
0	0
0	0
0	0
0	0
0	0
0	0
0	0
0	0
0	0
0	0
0	0
0	0
0	0
0	0
0	0
0	0
0	0
0	0
0	0
0	0
0	0
0	0
0	0
0	0
0	0
0	0
0	0
0	0
0	0
0	0
0	0
0	0
0	0
0	0
0	0
0	0
0	0
0	0
0	0
0	0
0	0
0	0
0	0
0	0
0	0
0	0
0	0
0	0
0	0
0	0
0	0
0	0
0	0
0	0
0	0
0	0
0	0
0	0
0	0
0	0
0	0
0	0
0	0
0	0
0	0
0	0
0	0
0	0
0	0
0	0
0	0
0	0
0	0
0	0
0	0
0	0
0	0
0	0
0	0
0	0
0	0
0	0
0	0
0	0
0	0
0	0
0	0
0	0
0	0
0	0
0	0
0	0
0	0
0	0
0	0
0	0
0	0
0	0
0	0
0	0
0	0
0	0
0	0
0	0
0	0
0	0
0	0
0	0
0	0
0	0
0	0
0	0
0	0
0	0
0	0
0	0
0	0
0	0
0	0
0	0
0	0
0	0
0	0
0	0
0	0
0	0
0	0
0	0
0	0
0	0
0	0
0	0
0	0
0	0
0	0
0	0
0	0
0	0
0	0
0	0
0	0
0	0
0	0
0	0
0	0
0	0
0	0
0	0
0	0
0	0
0	0
0	0
0	0
0	0
0	0
0	0
0	0
0	0
0	0
0	0
0	0
0	0
0	0
0	0
0	0
0	0
0	0
0	0
0	0
0	0
0	0
0	0
0	0
0	0
0	0
0	0
0	0
0	0
0	0
0	0
0	0
0	0
0	0
0	0
0	0
0	0
0	0
0	0
0	0
0	0
0	0
0	0
0	0
0	0
0	0
0	0
0	0
0	0
0	0
0	0
0	0
0	0
0	0
0	0
0	0
0	0
0	0
0	0
0	0
0	0
0	0
0	0
0	0
0	0
0	0
0	0
0	0
0	0
0	0
0	0
0	0
0	0
0	0
0	0
0	0
0	0
0	0
0	0
0	0
0	0
0	0
0	0
0	0
0	0
0	0
0	0
0	0
0	0
0	0
0	0
0	0
0	0
0	0
0	0
0	0
0	0
0	0
0	0
0	0
0	0
0	0
0	0
0	0
0	0
0	0
0	0
0	0
0	0
0	0
0	0
0	0
0	0
0	0
0	0
0	0
0	0
0	0
0	0
0	0
0	0
0	0
0	0
0	0
0	0
0	0
0	0
0	0
0	0
0	0
0	0
0	0
0	0
0	0
0	0
0	0
0	0
0	0
0	0
0	0
0	0
0	0
0	0
0	0
0	0
0	0
0	0
0	0
0	0
0	0
0	0
0	0
0	0
0	0
0	0
0	0
0	0
0	0
0	0
0	0
0	0
0	0
0	0
0	0
0	0
0	0
0	0
0	0
0	0
0	0
0	0
0	0
0	0
0	0
0	0
0	0
0	0
0	0
0	0
0	0
0	0
0	0
0	0
0	0
0	0
0	0
0	0
0	0
0	0
0	0
0	0
0	0
0	0
0	0
0	0
0	0
0	0
0	0
0	0
0	0
0	0
0	0
0	0
0	0
0	0
0	0
0	0
0	0
0	0
0	0
0	0
0	0
0	0
0	0
0	0
0	0
0	0
0	0
0	0
0	0
0	0
0	0
0	0
0	0
0	0
0	0
0	0
0	0
0	0
0	0
0	0
0	0
0	0
0	0
0	0
0	0
0	0
0	0
0	0
0	0
0	0
0	0
0	0
0	0
0	0
0	0
0	0
0	0
0	0
0	0
0	0
0	0
0	0
0	0
0	0
0	0
0	0
0	0
0	0
0	0
0	0
0	0
0	0
0	0
0	0
0	0
0	0
0	0
0	0
0	0
0	0
0	0
0	0
0	0
0	0
0	0
0	0
0	0
0	0
0	0
0	0
0	0
0	0
0	0
0	0
0	0
0	0
0	0
0	0
0	0
0	0
0	0
0	0
0	0
0	0
0	0
0	0
0	0
0	0
0	0
0	0
0	0
0	0
0	0
0	0
0	0
0	0
0	0
0	0
0	0
0	0
0	0
0	0
0	0
0	0
0	0
0	0
0	0
0	0
0	0
0	0
0	0
0	0
0	0
0	0
0	0
0	0
0	0
0	0
0	0
0	0
0	0
0	0
0	0
0	0
0	0
0	0
0	0
0	0
0	0
0	0
0	0
0	0
0	0
0	0
0	0
0	0
0	0
0	0
0	0
0	0
0	0
0	0
0	0
0	0
0	0
0	0
0	0
0	0
0	0
0	0
0	0
0	0
0	0
0	0
0	0
0	0
0	0
0	0
0	0
0	0
0	0
0	0
0	0
0	0
0	0
0	0
0	0
0	0
0	0
0	0
0	0
0	0
0	0
0	0
0	0
0	0
0	0
0	0
0	0
0	0
0	0
0	0
0	0
0	0
0	0
0	0
0	0
0	0
0	0
0	0
0	0
0	0
0	0
0	0
0	0
0	0
0	0
0	0
0	0
0	0
0	0
0	0
0	0
0	0
0	0
0	0
0	0
0	0
0	0
0	0
0	0
0	0
0	0
0	0
0	0
0	0
0	0
0	0
0	0
0	0
0	0
0	0
0	0
0	0
0	0
0	0
0	0
0	0
0	0
0	0
0	0
0	0
0	0
0	0
0	0
0	0
0	0
0	0
0	0
0	0
0	0
0	0
0	0
0	0
0	0
0	0
0	0
0	0
0	0
0	0
0	0
0	0
0	0
0	0
0	0
0	0
0	0
0	0
0	0
0	0
0	0
0	0
0	0
0	0
0	0
0	0
0	0
0	0
0	0
0	0
0	0
0	0
0	0
0	0
0	0
0	0
0	0
0	0
0	0
0	0
0	0
0	0
0	0
0	0
0	0
0	0
0	0
0	0
0	0
0	0
0	0
0	0
0	0
0	0
0	0
0	0
0	0
0	0
0	0
0	0
0	0
0	0
0	0
0	0
0	0
0	0
0	0
0	0
0	0
0	0
0	0
0	0
0	0
0	0
0	0
0	0
0	0
0	0
0	0
0	0
0	0
0	0
0	0
0	0
0	0
0	0
0	0
0	0
0	0
0	0
0	0
0	0
0	0
0	0
0	0
0	0
0	0
0	0
0	0
0	0
0	0
0	0
0	0
0	0
0	0
0	0
0	0
0	0
0	0
0	0
0	0
0	0
0	0
0	0
0	0
0	0
0	0
0	0
0	0
0	0
0	0
0	0
0	0
0	0
0	0
0	0
0	0
0	0
0	0
0	0
0	0
0	0
0	0
0	0
0	0
0	0
0	0
0	0
0	0
0	0
0	0
0	0
0	0
0	0
0	0
0	0
0	0
0	0
0	0
0	0
0	0
0	0
0	0
0	0
0	0
0	0
0	0
0	0
0	0
0	0
0	0
0	0
0	0
0	0
0	0
0	0
0	0
0	0
0	0
0	0
0	0
0	0
0	0
0	0
0	0
0	0
0	0
0	0
0	0
0	0
0	0
0	0
0	0
0	0
0	0
0	0
0	0
0	0
0	0
0	0
0	0
0	0
0	0
0	0
0	0
0	0
0	0
0	0
0	0
0	0
0	0
0	0
0	0
0	0
0	0
0	0
0	0
0	0
0	0
0	0
0	0
0	0
0	0
0	0
0	0
0	0
0	0
0	0
0	0
0	0
0	0
0	0
0	0
0	0
0	0
0	0
0	0
0	0
0	0
0	0
0	0
0	0
0	0
0	0
0	0
0	0
0	0
0	0
0	0
0	0
0	0
0	0
0	0
0	0
0	0
0	0
0	0
0	0
0	0
0	0
0	0
0	0
0	0
0	0
0	0
0	0
0	0
0	0
0	0
0	0
0	0
0	0
0	0
0	0
0	0
0	0
0	0
0	0
0	0
0	0
0	0
0	0
0	0
0	0
0	0
0	0
0	0
0	0
0	0
0	0
0	0
0	0
0	0
0	0
0	0
0	0
0	0
0	0
0	0
0	0
0	0
0	0
0	0
0	0
0	0
0	0
0	0
0	0
0	0
0	0
0	0
0	0
0	0
0	0
0	0
0	0
0	0
0	0
0	0
0	0
0	0
0	0
0	0
0	0
0	0
0	0
0	0
0	0
0	0
0	0
0	0
0	0
0	0
0	0
0	0
0	0
0	0
0	0
0	0
0	0
0	0
0	0
0	0
0	0
0	0
0	0
0	0
0	0
0	0
0	0
0	0
0	0
0	0
0	0
0	0
0	0
0	0
0	0
0	0
0	0
0	0
0	0
0	0
0	0
0	0
0	0
0	0
0	0
0	0
0	0
0	0
0	0
0	0
0	0
0	0
0	0
0	0
0	0
0	0
0	0
0	0
0	0
0	0
0	0
0	0
0	0
0	0
0	0
0	0
0	0
0	0
0	0
0	0
0	0
0	0
0	0
0	0
0	0
0	0
0	0
0	0
0	0
0	0
0	0
0	0
0	0
0	0
0	0
0	0
0	0
0	0
0	0
0	0
0	0
0	0
0	0
0	0
0	0
0	0
0	0
0	0
0	0
0	0
0	0
0	0
0	0
0	0
0	0
0	0
0	0
0	0
0	0
0	0
0	0
0	0
0	0
0	0
0	0
0	0
0	0
0	0
0	0
0	0
0	0
0	0
0	0
0	0
0	0
0	0
0	0
0	0
0	0
0	0
0	0
0	0
0	0
0	0
0	0
0	0
0	0
0	0
0	0
0	0
0	0
0	0
0	0
0	0
0	0
0	0
0	0
0	0
0	0
0	0
0	0
0	0
0	0
0	0
0	0
0	0
0	0
0	0
0	0
0	0
0	0
0	0
0	0
0	0
0	0
0	0
0	0
0	0
0	0
0	0
0	0
0	0
0	0
0	0
0	0
0	0
0	0
0	0
0	0
0	0
0	0
0	0
0	0
0	0
0	0
0	0
0	0
0	0
0	0
0	0
0	0
0	0
0	0
0	0
0	0
0	0
0	0
0	0
0	0
0	0
0	0
0	0
0	0
0	0
0	0
0	0
0	0
0	0
0	0
0	0
0	0
0	0
0	0
0	0
0	0
0	0
0	0
0	0
0	0
0	0
0	0
0	0
0	0
0	0
0	0
0	0
0	0
0	0
0	0
0	0
0	0
0	0
0	0
0	0
0	0
0	0
0	0
0	0
0	0
0	0
0	0
0	0
0	0
0	0
0	0
0	0
0	0
0	0
0	0
0	0
0	0
0	0
0	0
0	0
0	0
0	0
0	0
0	0
0	0
0	0
0	0
0	0
0	0
