t0:u16	t1:u16	t2:u16	t3:u16	t4:u16	t5:u16	t6:u16	t7:u16	t8:u16	t9:u16	t10:u16	t11:u16	t12:u16	t13:u16	t14:u16	t15:u16
0x2210	0x2211	0x2212	0x2213	0x2213	0x220b	0x2213	0x2214	0x2614	0x2614	0x2613	0x260b	0x2613	0x2613	0x2612	0x2611
0x2230	0x2231	0x2232	0x2233	0x2233	0x222b	0x2233	0x2234	0x2634	0x2634	0x2633	0x262b	0x2633	0x2633	0x2632	0x2631
0x0218	0x2208	0x2209	0x220a	0x220b	0x220b	0x2213	0x2214	0x2614	0x2614	0x2613	0x260b	0x260b	0x260a	0x2609	0x2608
0x0238	0x2228	0x2229	0x222a	0x222b	0x222b	0x2233	0x2234	0x2634	0x2634	0x2633	0x262b	0x262b	0x262a	0x2629	0x2628
0x0218	0x0219	0x2208	0x2209	0x2212	0x2213	0x2213	0x2214	0x2614	0x2614	0x2613	0x2613	0x2612	0x2609	0x2608	0x0619
0x0238	0x0239	0x2228	0x2229	0x2232	0x2233	0x2233	0x2234	0x2634	0x2634	0x2633	0x2633	0x2632	0x2629	0x2628	0x0639
0x0218	0x0219	0x0219	0x2208	0x2209	0x2212	0x2202	0x2203	0x2603	0x2603	0x2602	0x2612	0x2609	0x2608	0x0619	0x0619
0x0238	0x0239	0x0239	0x2228	0x2229	0x2232	0x2222	0x2223	0x2623	0x2623	0x2622	0x2632	0x2629	0x2628	0x0639	0x0639
0x0218	0x0219	0x0218	0x0219	0x2208	0x2209	0x220a	0x220b	0x260b	0x260b	0x260a	0x2609	0x2608	0x0619	0x0618	0x0619
0x0238	0x0239	0x0238	0x0239	0x2228	0x2229	0x222a	0x222b	0x262b	0x262b	0x262a	0x2629	0x2628	0x0639	0x0638	0x0639
0x0218	0x0219	0x0218	0x0219	0x2210	0x2211	0x2212	0x2213	0x2613	0x2613	0x2612	0x2611	0x2610	0x0619	0x0618	0x0619
0x0238	0x0239	0x0238	0x0239	0x2230	0x2231	0x2232	0x2233	0x2633	0x2633	0x2632	0x2631	0x2630	0x0639	0x0638	0x0639
0x0218	0x0219	0x0218	0x0219	0x2200	0x2201	0x2202	0x2203	0x2603	0x2603	0x2602	0x2601	0x2600	0x0619	0x0618	0x0619
0x0238	0x0239	0x0238	0x0239	0x2220	0x2221	0x2222	0x2223	0x2623	0x2623	0x2622	0x2621	0x2620	0x0639	0x0638	0x0639
0x0218	0x0219	0x0218	0x0219	0x2208	0x2209	0x220a	0x220b	0x260b	0x260b	0x260a	0x2609	0x2608	0x0619	0x0618	0x0619
0x0238	0x0239	0x0238	0x0239	0x2228	0x2229	0x222a	0x222b	0x262b	0x262b	0x262a	0x2629	0x2628	0x0639	0x0638	0x0639
0x0218	0x0219	0x0218	0x0219	0x2210	0x2211	0x2212	0x2213	0x2613	0x2613	0x2612	0x2611	0x2610	0x0619	0x0618	0x0619
0x0238	0x0239	0x0238	0x0239	0x2230	0x2231	0x2232	0x2233	0x2633	0x2633	0x2632	0x2631	0x2630	0x0639	0x0638	0x0639
