# ROM-derived TLA sound-selection table, identified by ROM sound IDs.
slot	header	player	source	status
0	0x082ba798	1		empty
1	0x082bae04	1	SOUND_001.MID	byte-exact
2	0x082bb394	1	SOUND_002.MID	byte-exact
3	0x082bb850	1	SOUND_003.MID	byte-exact
4	0x082bbd20	1	SOUND_004.MID	byte-exact
5	0x082bc108	1	SOUND_005.MID	byte-exact
6	0x082bc5ac	1	SOUND_006.MID	byte-exact
7	0x082bcb68	1	SOUND_007.MID	byte-exact
8	0x082bcdb8	1	SOUND_008.MID	byte-exact
9	0x082bd3d4	1	SOUND_009.MID	byte-exact
10	0x082bda44	1	SOUND_010.MID	byte-exact
11	0x082bdc98	1	SOUND_011.MID	byte-exact
12	0x082be0d8	1	SOUND_012.MID	byte-exact
13	0x082be398	1	SOUND_013.MID	byte-exact
14	0x082be7b4	1	SOUND_014.MID	byte-exact
15	0x082bebb0	1	SOUND_015.MID	byte-exact
16	0x082bef24	1	SOUND_016.MID	byte-exact
17	0x082bf0c8	1	SOUND_017.MID	byte-exact
18	0x082bf1bc	1	SOUND_018.MID	byte-exact
19	0x081c5e30	0		empty
20	0x082bfa34	1	SOUND_020.MID	byte-exact
21	0x082c03f8	1	SOUND_021.MID	byte-exact
22	0x082c09b0	1	SOUND_022.MID	byte-exact
23	0x082c0f84	1	SOUND_023.MID	byte-exact
24	0x082c16e8	1	SOUND_024.MID	byte-exact
25	0x082c1dd0	1	SOUND_025.MID	byte-exact
26	0x082c22a4	1	SOUND_026.MID	byte-exact
27	0x082c2904	1	SOUND_027.MID	byte-exact
28	0x082c3694	1	SOUND_028.MID	byte-exact
29	0x082c4174	1	SOUND_029.MID	byte-exact
30	0x082c495c	1	SOUND_030.MID	byte-exact
31	0x082c4db4	1	SOUND_031.MID	byte-exact
32	0x081c5e30	0		empty
33	0x081c5e30	0		empty
34	0x082c53a4	1	SOUND_034.MID	byte-exact
35	0x082c597c	1	SOUND_035.MID	byte-exact
36	0x082c5e38	1	SOUND_036.MID	byte-exact
37	0x082c60c0	1	SOUND_037.MID	byte-exact
38	0x082c6b54	1	SOUND_038.MID	byte-exact
39	0x082c74a8	1	SOUND_039.MID	byte-exact
40	0x082c80a8	1	SOUND_040.MID	byte-exact
41	0x082c87c4	1	SOUND_041.MID	byte-exact
42	0x082c8efc	1	SOUND_042.MID	byte-exact
43	0x082c9864	1	SOUND_043.MID	byte-exact
44	0x082ca1f0	1	SOUND_044.MID	byte-exact
45	0x081c5e30	0		empty
46	0x081c5e30	0		empty
47	0x081c5e30	0		empty
48	0x081c5e30	0		empty
49	0x082ca8d4	1	SOUND_049.MID	byte-exact
50	0x082cb414	1	SOUND_050.MID	byte-exact
51	0x082cc064	1	SOUND_051.MID	byte-exact
52	0x082cca08	1	SOUND_052.MID	byte-exact
53	0x082cd074	1	SOUND_053.MID	byte-exact
54	0x082cf778	1	SOUND_054.MID	byte-exact
55	0x082d0298	1	SOUND_055.MID	byte-exact
56	0x082d0b44	1	SOUND_056.MID	byte-exact
57	0x082d12cc	1	SOUND_057.MID	byte-exact
58	0x082d1670	1	SOUND_058.MID	byte-exact
59	0x082d1990	1	SOUND_059.MID	byte-exact
60	0x082d1fd4	1	SOUND_060.MID	byte-exact
61	0x082d2774	1	SOUND_061.MID	byte-exact
62	0x082d2ad4	1	SOUND_062.MID	byte-exact
63	0x082d38ac	1	SOUND_063.MID	byte-exact
64	0x082d3b4c	1	SOUND_064.MID	byte-exact
65	0x082d40cc	1	SOUND_065.MID	byte-exact
66	0x081c5e30	0		empty
67	0x082d4910	1	SOUND_067.MID	byte-exact
68	0x082d6704	1	SOUND_068.MID	byte-exact
69	0x081c5e30	0		empty
70	0x082d71c0	1	SOUND_070.MID	byte-exact
71	0x082d7e00	1	SOUND_071.MID	byte-exact
72	0x082d85e4	1	SOUND_072.MID	byte-exact
73	0x082d8db8	1	SOUND_073.MID	byte-exact
74	0x082d98bc	1	SOUND_074.MID	byte-exact
75	0x082d9b30	1	SOUND_075.MID	byte-exact
76	0x082da2a8	1	SOUND_076.MID	byte-exact
77	0x081c5e30	0		empty
78	0x081c5e30	0		empty
79	0x081c5e30	0		empty
80	0x082da374	0	SOUND_080.MID	byte-exact
81	0x082da468	0	SOUND_081.MID	byte-exact
82	0x082da524	0	SOUND_082.MID	byte-exact
83	0x082da620	0	SOUND_083.MID	byte-exact
84	0x082da6ec	0	SOUND_084.MID	byte-exact
85	0x082da750	0	SOUND_085.MID	byte-exact
86	0x082da8d0	0	SOUND_086.MID	byte-exact
87	0x082da95c	0	SOUND_087.MID	byte-exact
88	0x082daa1c	0	SOUND_088.MID	byte-exact
89	0x082daafc	0	SOUND_089.MID	byte-exact
90	0x081c5e30	0		empty
91	0x082dab68	0	SOUND_091.MID	byte-exact
92	0x082dac24	0	SOUND_092.MID	byte-exact
93	0x082dad94	0	SOUND_093.MID	byte-exact
94	0x081c5e30	0		empty
95	0x082dadb0	0		empty
96	0x081c5e30	0		empty
97	0x081c5e30	0		empty
98	0x081c5e30	0		empty
99	0x081c5e30	0		empty
100	0x082dadd8	7	SOUND_100.MID	byte-exact
101	0x082dae10	2	SOUND_101.MID	byte-exact
102	0x082dae4c	2	SOUND_102.MID	byte-exact
103	0x082dae9c	7	SOUND_103.MID	byte-exact
104	0x082daee4	5	SOUND_104.MID	byte-exact
105	0x082daf48	7	SOUND_105.MID	byte-exact
106	0x082daf68	7	SOUND_106.MID	byte-exact
107	0x082dafdc	3	SOUND_107.MID	byte-exact
108	0x082db000	2	SOUND_108.MID	byte-exact
109	0x082db024	2	SOUND_109.MID	byte-exact
110	0x082db044	2	SOUND_110.MID	byte-exact
111	0x082db074	4	SOUND_111.MID	byte-exact
112	0x082db0c8	2	SOUND_112.MID	byte-exact
113	0x082db120	2	SOUND_113.MID	byte-exact
114	0x082db180	2	SOUND_114.MID	byte-exact
115	0x082db1c4	5	SOUND_115.MID	byte-exact
116	0x082db1ec	2	SOUND_116.MID	byte-exact
117	0x082db210	2	SOUND_117.MID	byte-exact
118	0x082db22c	5	SOUND_118.MID	byte-exact
119	0x082db248	5	SOUND_119.MID	byte-exact
120	0x082db270	5	SOUND_120.MID	byte-exact
121	0x082db2b8	5	SOUND_121.MID	byte-exact
122	0x082db2f4	5	SOUND_122.MID	byte-exact
123	0x082db358	5	SOUND_123.MID	byte-exact
124	0x082db378	5	SOUND_124.MID	byte-exact
125	0x082db398	5	SOUND_125.MID	byte-exact
126	0x082db408	2	SOUND_126.MID	byte-exact
127	0x082db430	5	SOUND_127.MID	byte-exact
128	0x082db468	5	SOUND_128.MID	byte-exact
129	0x082db4a0	5	SOUND_129.MID	byte-exact
130	0x082db4c8	7	SOUND_130.MID	byte-exact
131	0x082db508	7	SOUND_131.MID	byte-exact
132	0x082db534	5	SOUND_132.MID	byte-exact
133	0x082db568	5	SOUND_133.MID	byte-exact
134	0x082db5bc	5	SOUND_134.MID	byte-exact
135	0x082db60c	2	SOUND_135.MID	byte-exact
136	0x082db638	5	SOUND_136.MID	byte-exact
137	0x082db680	3	SOUND_137.MID	byte-exact
138	0x082db6a8	5	SOUND_138.MID	byte-exact
139	0x082db6d8	5	SOUND_139.MID	byte-exact
140	0x082db770	5	SOUND_140.MID	byte-exact
141	0x082db7cc	3	SOUND_141.MID	byte-exact
142	0x082db848	5	SOUND_142.MID	byte-exact
143	0x082db870	5	SOUND_143.MID	byte-exact
144	0x082db8d8	5	SOUND_144.MID	byte-exact
145	0x082db944	5	SOUND_145.MID	byte-exact
146	0x082db964	7	SOUND_146.MID	byte-exact
147	0x082db984	7	SOUND_147.MID	byte-exact
148	0x082db9a4	7	SOUND_148.MID	byte-exact
149	0x082db9d4	7	SOUND_149.MID	byte-exact
150	0x082db9f8	7	SOUND_150.MID	byte-exact
151	0x082dba34	5	SOUND_151.MID	byte-exact
152	0x082dba74	7	SOUND_152.MID	byte-exact
153	0x082dbab4	7	SOUND_153.MID	byte-exact
154	0x082dbb00	5	SOUND_154.MID	byte-exact
155	0x082dbb28	7	SOUND_155.MID	byte-exact
156	0x082dbb44	3	SOUND_156.MID	byte-exact
157	0x082dbb64	3	SOUND_157.MID	byte-exact
158	0x082dbb9c	5	SOUND_158.MID	byte-exact
159	0x082dbbc0	5	SOUND_159.MID	byte-exact
160	0x082dbbe8	5	SOUND_160.MID	byte-exact
161	0x082dbc0c	5	SOUND_161.MID	byte-exact
162	0x082dbc3c	3	SOUND_162.MID	byte-exact
163	0x082dbc6c	3	SOUND_163.MID	byte-exact
164	0x082dbc8c	5	SOUND_164.MID	byte-exact
165	0x082dbd04	5	SOUND_165.MID	byte-exact
166	0x082dbd2c	5	SOUND_166.MID	byte-exact
167	0x082dbd54	7	SOUND_167.MID	byte-exact
168	0x082dbd88	5	SOUND_168.MID	byte-exact
169	0x082dbdb0	3	SOUND_169.MID	byte-exact
170	0x082dbdd8	3	SOUND_170.MID	byte-exact
171	0x082dbdfc	7	SOUND_171.MID	byte-exact
172	0x082dbe20	7	SOUND_172.MID	byte-exact
173	0x082dbe74	2	SOUND_173.MID	byte-exact
174	0x082dbec8	2	SOUND_174.MID	byte-exact
175	0x082dbf1c	2	SOUND_175.MID	byte-exact
176	0x082dbf48	5	SOUND_176.MID	byte-exact
177	0x082dbf74	5	SOUND_177.MID	byte-exact
178	0x082dbfd8	5	SOUND_178.MID	byte-exact
179	0x082dc020	5	SOUND_179.MID	byte-exact
180	0x082dc084	5	SOUND_180.MID	byte-exact
181	0x082dc0c0	5	SOUND_181.MID	byte-exact
182	0x082dc11c	5	SOUND_182.MID	byte-exact
183	0x082dc158	5	SOUND_183.MID	byte-exact
184	0x082dc264	5	SOUND_184.MID	byte-exact
185	0x082dc28c	5	SOUND_185.MID	byte-exact
186	0x082dc2b4	5	SOUND_186.MID	byte-exact
187	0x082dc2dc	5	SOUND_187.MID	byte-exact
188	0x082dc304	5	SOUND_188.MID	byte-exact
189	0x082dc360	5	SOUND_189.MID	byte-exact
190	0x082dc3e8	5	SOUND_190.MID	byte-exact
191	0x082dc404	5	SOUND_191.MID	byte-exact
192	0x082dc434	5	SOUND_192.MID	byte-exact
193	0x082dc4a4	5	SOUND_193.MID	byte-exact
194	0x082dc4e0	5	SOUND_194.MID	byte-exact
195	0x082dc510	7	SOUND_195.MID	byte-exact
196	0x082dc568	5	SOUND_196.MID	byte-exact
197	0x082dc79c	5	SOUND_197.MID	byte-exact
198	0x082dc938	5	SOUND_198.MID	byte-exact
199	0x082dcb10	3	SOUND_199.MID	byte-exact
200	0x082dcc50	5	SOUND_200.MID	byte-exact
201	0x082dcca0	7	SOUND_201.MID	byte-exact
202	0x082dccd0	5	SOUND_202.MID	byte-exact
203	0x082dccf8	5	SOUND_203.MID	byte-exact
204	0x082dcd80	2	SOUND_204.MID	byte-exact
205	0x082dcdb4	5	SOUND_205.MID	byte-exact
206	0x082dcde8	5	SOUND_206.MID	byte-exact
207	0x082dce14	5	SOUND_207.MID	byte-exact
208	0x082dce60	5	SOUND_208.MID	byte-exact
209	0x082dcf00	5	SOUND_209.MID	byte-exact
210	0x082dcf40	5	SOUND_210.MID	byte-exact
211	0x082dcf78	5	SOUND_211.MID	byte-exact
212	0x082dcfa8	5	SOUND_212.MID	byte-exact
213	0x082dcff8	3	SOUND_213.MID	byte-exact
214	0x082dd040	7	SOUND_214.MID	byte-exact
215	0x082dd07c	5	SOUND_215.MID	byte-exact
216	0x082dd0b4	5	SOUND_216.MID	byte-exact
217	0x082dd0e4	5	SOUND_217.MID	byte-exact
218	0x082dd100	5	SOUND_218.MID	byte-exact
219	0x082dd128	3	SOUND_219.MID	byte-exact
220	0x082dd1bc	7	SOUND_220.MID	byte-exact
221	0x082dd1ec	5	SOUND_221.MID	byte-exact
222	0x082dd228	5	SOUND_222.MID	byte-exact
223	0x082dd250	5	SOUND_223.MID	byte-exact
224	0x082dd280	2	SOUND_224.MID	byte-exact
225	0x082dd2a4	5	SOUND_225.MID	byte-exact
226	0x082dd2dc	5	SOUND_226.MID	byte-exact
227	0x082dd30c	5	SOUND_227.MID	byte-exact
228	0x082dd334	5	SOUND_228.MID	byte-exact
229	0x082dd358	5	SOUND_229.MID	byte-exact
230	0x082dd380	5	SOUND_230.MID	byte-exact
231	0x082dd3c0	5	SOUND_231.MID	byte-exact
232	0x082dd3f8	5	SOUND_232.MID	byte-exact
233	0x082dd498	5	SOUND_233.MID	byte-exact
234	0x082dd4b4	5	SOUND_234.MID	byte-exact
235	0x082dd550	5	SOUND_235.MID	byte-exact
236	0x082dd578	7	SOUND_236.MID	byte-exact
237	0x082dd5a4	7	SOUND_237.MID	byte-exact
238	0x082dd618	3	SOUND_238.MID	byte-exact
239	0x082dd6a4	3	SOUND_239.MID	byte-exact
240	0x082dd6d4	3	SOUND_240.MID	byte-exact
241	0x082dd79c	3	SOUND_241.MID	byte-exact
242	0x082dd7f4	3	SOUND_242.MID	byte-exact
243	0x082dd82c	3	SOUND_243.MID	byte-exact
244	0x082dd8a4	3	SOUND_244.MID	byte-exact
245	0x082dd8e0	3	SOUND_245.MID	byte-exact
246	0x082dd958	7	SOUND_246.MID	byte-exact
247	0x082dd980	3	SOUND_247.MID	byte-exact
248	0x082dd9c0	3	SOUND_248.MID	byte-exact
249	0x082dd9f8	3	SOUND_249.MID	byte-exact
250	0x082dda28	7	SOUND_250.MID	byte-exact
251	0x082dda58	7	SOUND_251.MID	byte-exact
252	0x082dda88	7	SOUND_252.MID	byte-exact
253	0x082ddadc	5	SOUND_253.MID	byte-exact
254	0x081c5e30	0		empty
255	0x081c5e30	0		empty
256	0x082ddb00	4	SOUND_256.MID	byte-exact
257	0x082ddb20	4	SOUND_257.MID	byte-exact
258	0x082ddb40	4	SOUND_258.MID	byte-exact
259	0x082ddb60	4	SOUND_259.MID	byte-exact
260	0x082ddb80	4	SOUND_260.MID	byte-exact
261	0x082ddba0	4	SOUND_261.MID	byte-exact
262	0x082ddbc0	4	SOUND_262.MID	byte-exact
263	0x082ddbe4	4	SOUND_263.MID	byte-exact
264	0x082ddc08	4	SOUND_264.MID	byte-exact
265	0x082ddc2c	4	SOUND_265.MID	byte-exact
266	0x082ddc50	4	SOUND_266.MID	byte-exact
267	0x082ddc74	4	SOUND_267.MID	byte-exact
268	0x082ddc98	4	SOUND_268.MID	byte-exact
269	0x082ddcbc	4	SOUND_269.MID	byte-exact
270	0x082ddce0	4	SOUND_270.MID	byte-exact
271	0x082ddd04	4	SOUND_271.MID	byte-exact
272	0x082ddd28	4	SOUND_272.MID	byte-exact
273	0x082ddd4c	4	SOUND_273.MID	byte-exact
274	0x082ddd70	4	SOUND_274.MID	byte-exact
275	0x082ddd94	4	SOUND_275.MID	byte-exact
276	0x082dddb8	4	SOUND_276.MID	byte-exact
277	0x082ddddc	4	SOUND_277.MID	byte-exact
278	0x082dde00	4	SOUND_278.MID	byte-exact
279	0x082dde24	4	SOUND_279.MID	byte-exact
280	0x082dde4c	4	SOUND_280.MID	byte-exact
281	0x082dde74	4	SOUND_281.MID	byte-exact
282	0x082dde9c	4	SOUND_282.MID	byte-exact
283	0x082ddec4	4	SOUND_283.MID	byte-exact
284	0x082ddee8	4	SOUND_284.MID	byte-exact
285	0x082ddf0c	4	SOUND_285.MID	byte-exact
286	0x082ddf34	4	SOUND_286.MID	byte-exact
287	0x082ddf5c	4	SOUND_287.MID	byte-exact
288	0x082ddf68	3		empty
289	0x081c5e30	0		empty
290	0x082ddfb8	3	SOUND_290.MID	byte-exact
291	0x082de014	3	SOUND_291.MID	byte-exact
292	0x082de050	7	SOUND_292.MID	byte-exact
293	0x082de088	7	SOUND_293.MID	byte-exact
294	0x081c5e30	0		empty
295	0x081c5e30	0		empty
296	0x081c5e30	0		empty
297	0x081c5e30	0		empty
298	0x082de094	5		empty
299	0x081c5e30	0		empty
300	0x082de0b8	5	SOUND_300.MID	byte-exact
301	0x082de0dc	7	SOUND_301.MID	byte-exact
302	0x082de0f8	7	SOUND_302.MID	byte-exact
303	0x082de11c	2	SOUND_303.MID	byte-exact
304	0x082de154	5	SOUND_304.MID	byte-exact
305	0x082de180	2	SOUND_305.MID	byte-exact
306	0x082de1ac	5	SOUND_306.MID	byte-exact
307	0x082de1dc	5	SOUND_307.MID	byte-exact
308	0x082de264	5	SOUND_308.MID	byte-exact
309	0x082de2a8	7	SOUND_309.MID	byte-exact
310	0x082de300	2	SOUND_310.MID	byte-exact
311	0x082de3bc	3	SOUND_311.MID	byte-exact
