channel	0x1
frame	0x652	2	0x1cc	0
frame	0x672	2	0x1ec	4
frame	0x65a	2	0x1cc	0
frame	0x67a	2	0x1ec	4
frame	0x6d2	2	0x1cc	0
frame	0x6f2	2	0x1ec	4
frame	0x6da	2	0x1cc	0
frame	0x6fa	2	0x1ec	4
jump	0
channel	0x2
frame	0x654	2	0x1ce	0
frame	0x674	2	0x1ee	4
frame	0x65c	2	0x1ce	0
frame	0x67c	2	0x1ee	4
frame	0x6d4	2	0x1ce	0
frame	0x6f4	2	0x1ee	4
frame	0x6dc	2	0x1ce	0
frame	0x6fc	2	0x1ee	4
jump	0
channel	0x3
frame	0x610	2	0x18a	0
frame	0x630	2	0x1aa	4
frame	0x618	2	0x18a	0
frame	0x638	2	0x1aa	4
frame	0x690	2	0x18a	0
frame	0x6b0	2	0x1aa	4
frame	0x698	2	0x18a	0
frame	0x6b8	2	0x1aa	4
jump	0
channel	0x4
frame	0x610	2	0x18a	0
frame	0x630	2	0x1aa	4
frame	0x618	2	0x18a	0
frame	0x638	2	0x1aa	4
frame	0x690	2	0x18a	0
frame	0x6b0	2	0x1aa	4
frame	0x698	2	0x18a	0
frame	0x6b8	2	0x1aa	4
jump	0
channel	0x5
frame	0x650	2	0x1ca	4
frame	0x658	2	0x1ca	4
frame	0x6d0	2	0x1ca	4
frame	0x6d8	2	0x1ca	4
jump	0
channel	0x6
frame	0x662	2	0x272	6
frame	0x666	2	0x272	6
frame	0x66a	2	0x272	6
frame	0x66e	2	0x272	6
jump	0
channel	0x7
frame	0x602	2	0x16e	6
frame	0x606	2	0x16e	6
frame	0x60a	2	0x16e	6
frame	0x60e	2	0x16e	6
jump	0
channel	0x8
frame	0x605	1	0x211	0
frame	0x625	1	0x231	6
frame	0x609	1	0x211	0
frame	0x629	1	0x231	6
frame	0x60d	1	0x211	0
frame	0x62d	1	0x231	6
jump	0
end
