cell:u16	grid:128x128	fill:3	at:0,0
0fff 8000 0000 0000 0000 0000 0000 0000 0000 0000 0000 0000 0000 0000 0000 0000 0000 0000 0000 0000 0000 0000 0000 0000 0000 0000 0000 0000 0000 0000 0fff 0001 0001 0001 0001 0001 0001 0001 0001 0001 0001 0001 0001 0001 0001 0001 0001 0001 0001 0001 0001 0001 0001 0001 0001 0001 0001 0001 0001 0001 0fff 0002 0002 0002 0002 0002 0002 0002 0002 0002 0002 0002 0002 0002 0002 0002 0002 0002 0002 0002 0002 0002 0002 0002 0002 0002 0fff
0000 0fff 0fff 0fff 0fff 0fff 0fff 0fff 0fff 0fff 0fff 0fff 0fff 0fff 0fff 0fff 0fff 0fff 0fff 0fff 0fff 0fff 0fff 0fff 0fff 0000 0000 0000 0000 0000 0001 0002 0002 0002 0fff 0fff 001c 001c 0fff 0fff 0fff 0fff 0fff 0022 0022 0fff 001c 001c 001c 0020 0fff 0024 0fff 0fff 0fff 0001 0001 0001 0001 0001 0002 0003 0003 0003 0003 0003 0003 0003 0003 0003 0003 0fff 0003 0003 0003 0fff 0003 0003 0003 0003 0003 0003 0003 0028 0003 0002
0000 0fff 0fff 0fff 4fff 0fff 0fff 0fff 0fff 0fff 0fff 0fff 0034 0034 0034 0fff 0fff 0036 0fff 0fff 0036 0fff 0fff 0fff 0fff 0000 0000 0000 0000 0000 0001 0002 0002 0002 0fff 0fff 003e 003e 0fff 0fff 0fff 0024 0fff 0fff 0024 0fff 0fff 0022 0022 0045 0022 0022 0fff 0024 0043 0001 0001 0001 0001 0001 0002 0003 0003 0003 0fff 0003 0003 0003 0029 0003 0047 0fff 0003 0003 0003 0fff 0fff 004a 0003 0003 0003 0003 0fff 0048 0003 0002
0000 0fff 0011 000f 0fff 0fff 0fff 004e 0fff 002f 0fff 0fff 0fff 0fff 0fff 0fff 0fff 0fff 0fff 0fff 0034 0034 0fff 0fff 0fff 0000 0000 0000 0000 0000 0001 0045 0045 003e 0024 0fff 0043 0fff 0fff 0045 0fff 0024 0024 0024 0fff 0024 0024 0fff 0fff 0024 0024 0024 0024 0042 0024 0001 0001 0001 0001 0001 0002 0003 0003 0003 0fff 0003 0003 0003 0049 0fff 0065 0003 0003 0003 0fff 0003 0003 0003 0003 0fff 0003 0003 0fff 0fff 0fff 0002
0000 0fff 004e 0fff 0fff 0fff 0053 006f 0053 0034 0052 0053 0fff 0070 0fff 0fff 0fff 0fff 0fff 0070 0fff 0fff 0fff 0fff 0fff 0000 0000 0000 0000 0000 0001 0002 005f 0002 0002 001d 0024 001c 0042 0024 0024 0024 0024 0fff 0fff 0fff 0024 0024 0fff 0fff 0fff 0024 0024 0024 0024 0001 0001 0001 0001 0001 0002 0003 0003 0003 0003 0003 0003 0003 0003 0003 0003 0003 0003 0003 0029 0003 0003 0003 0fff 0fff 0fff 0fff 0fff 0082 0fff 0002
0000 0070 006f 0053 0070 0070 0052 0070 0070 0052 0053 0070 0052 0fff 0fff 0fff 002f 0fff 0fff 0fff 0fff 0fff 0fff 0fff 0fff 0000 0000 0000 0000 0000 0001 0002 0002 0002 0002 0fff 0fff 0fff 0fff 0fff 0fff 0fff 0fff 0024 0060 0022 0fff 0045 0fff 0024 0024 0024 0024 0024 0024 0001 0001 0001 0001 0001 0002 0003 0003 0003 0003 0003 0003 0003 0003 0003 0fff 0003 0003 0003 0049 0003 0003 0003 0fff 0fff 0fff 0003 0fff 009e 009f 0002
0000 0070 0070 0070 0052 0053 0052 0053 0070 0052 0070 0052 0053 0053 0070 0034 0034 0034 0fff 0fff 0fff 0fff 0fff 00a2 0fff 0000 0000 0000 0000 0000 0001 0002 0002 0002 0095 0002 0002 0002 0002 0096 0fff 0fff 0095 001c 0002 0098 0024 0fff 0fff 0024 0024 0024 0097 0099 0098 0001 0001 0001 0001 0001 0002 0003 0003 0003 0003 0003 0003 0003 0003 0003 0fff 0003 0003 0003 0003 0003 009c 0fff 0003 0fff 0003 0003 0003 00ad 0003 0002
0000 0070 0052 0053 0070 0052 0fff 0fff 0fff 0fff 0fff 0fff 0052 0053 0fff 00b0 00b1 00b2 0fff 0fff 0fff 0fff 0fff 00b6 0fff 0000 0000 0000 0000 0000 0001 0002 0095 0002 0002 0fff 0002 0002 0002 0096 0024 005f 0fff 0024 005e 001c 0043 0fff 0024 0024 0024 0024 0024 0024 0024 0001 0001 0001 0001 0001 0002 0003 0003 0003 0003 0003 0067 009c 0067 0003 0fff 00ab 00be 00ab 00be 00ab 009c 0fff 009c 0003 0003 0003 0003 0003 0003 0002
0000 0fff 0070 0052 0053 0070 0fff 0fff 0fff 0fff 0fff 0fff 0052 0053 00c6 0fff 0fff 0fff 0fff 0fff 0fff 0fff 0fff 00cb 0fff 0000 0000 0000 0000 0000 0001 0fff 0002 0002 0fff 0fff 0002 0002 0fff 0024 0099 001c 0024 0024 001c 0024 0024 0fff 0024 0024 0024 0024 0024 0024 0024 0001 0001 0001 0001 0001 0002 0003 0003 0003 0003 0003 0003 0003 0003 0003 0003 0003 0003 0003 0003 0003 0003 00ac 0003 0003 0003 0003 0003 0003 0003 0002
0000 0fff 0052 0053 0070 0070 0fff 8fff 8fff 8fff 0fff 0fff 0fff 0fff 00dc 0fff 8fff 8fff 8fff 0fff 8fff 8fff 8fff 00e2 0fff 0000 0000 0000 0000 0000 0001 0fff 0fff 0002 0002 0fff 0fff 0fff 0003 0fff 00bc 0024 0024 0024 0024 0024 0024 0024 0024 0024 0024 0024 0002 0002 0002 0001 0001 0001 0001 0001 0002 0003 0003 0003 0003 0003 0003 0003 0003 0003 0003 0003 0003 0003 0003 0003 0003 0003 0003 0003 0003 0003 0003 0003 0003 0002
0000 0fff 0070 0070 0070 0fff 0fff 8fff 8fff 8fff 8fff 8fff 8fff 8fff 8fff 8fff 8fff 8fff 8fff 8fff 80fb 8fff 8fff 8fff 8fff 0000 0000 0000 0000 0000 0001 0002 0fff 0002 0095 0002 0fff 0fff 0fff 0fff 0fff 0096 0024 0024 0024 0024 0097 0024 0024 0024 0024 0024 0099 0024 0024 0001 0001 0001 0001 0001 0002 0003 0003 0003 0003 0003 0003 0003 0003 0003 0003 0003 0003 004a 0003 0003 0003 004a 004a 0003 0003 0003 0003 004a 004a 0002
0000 0fff 0fff 0070 8fff 0fff 0fff 8fff 8fff 8fff 8fff 8fff 8fff 8fff 8fff 8fff 8fff 80fa 80de 80fa 8fff 0fff 0112 8fff 0fff 0000 0000 0000 0000 0000 0001 0002 0fff 0092 005f 0002 0fff 00d2 0fff 0106 0002 0fff 0fff 0fff 0fff 0024 0096 0024 0024 0024 0fff 0024 0096 0024 0024 0001 0001 0001 0001 0001 0002 0003 0003 0003 0003 0003 0003 0003 0003 0003 0003 0003 0fff 0fff 0fff 004a 0fff 0fff 0fff 0fff 004a 004a 0fff 0fff 0fff 0002
0000 0fff 00c1 0053 806f 8fff 0fff 8fff 8fff 8fff 8fff 8112 c112 cfff c0e0 8fff 8fff 8fff 8fff 8fff 8fff 8fff 8fff 8fff 00df 0000 0000 0000 0000 0000 0001 0fff 0fff 0002 0002 005e 011b 0106 0002 0002 0002 0024 0fff 0fff 0fff 011f 011f 011f 011f 011f 011f 011f 011f 011f 011f 0001 0001 0001 0001 0001 0002 0003 0003 0003 0003 0003 0003 0003 0003 0003 0003 0fff 0fff 0082 0fff 0123 0fff 0fff 0fff 0fff 0fff 0123 0fff 0145 0fff 0002
0000 0fff 0070 0fff 0fff 806f 0fff 8fff 80f3 8fff 8fff c0e0 c0e0 0fff cfff c0df cfff 8fff 8fff cfff c0f4 cfff cfff 8fff 00df 0000 0152 0000 0000 0000 0001 0fff 0002 0002 0002 0002 0fff 0fff 0002 0002 0002 0024 0024 0024 0fff 0fff 0fff 0fff 0fff 0160 0161 0162 0fff 0fff 0fff 0001 0001 0001 0001 0001 0002 0fff 0003 0003 0003 0003 0003 0003 0fff 0fff 0168 0169 0fff 009e 0fff 0082 0fff 0fff 0fff 0082 016c 016d 0fff 0fff 0fff 0002 0168
0000 0fff 0070 0053 0fff 0fff 0070 8fff 8fff 8fff 8177 c177 0fff 0fff 0fff 00e0 0fff 0fff 0fff 0fff 0fff 0fff 017d 817d 017d 0000 8177 0000 0000 0000 0001 0002 0002 0002 0002 0002 0002 0fff 0002 0002 0002 0024 0024 0024 0fff 009e 0fff 0fff 0fff 009e 0183 0184 0fff 0fff 0fff 0001 0001 0001 0001 0001 0002 0048 0003 0003 0003 0003 0003 0003 0fff 0fff 0189 018a 0fff 00ad 0003 0003 0003 0003 0003 0003 0003 0003 0003 0003 0003 0002 0189
0000 0070 0052 00b2 0fff 0fff 0070 0070 8fff 0fff 0fff 018f 0fff 0fff 0fff 0179 0fff 0fff 0fff 0196 0196 0196 0196 0196 0196 0000 c190 0000 0000 0000 0001 0002 0002 0002 0002 0002 0002 0002 0002 0fff 0fff 0fff 0024 0024 0024 0fff 0fff 0fff 0fff 0fff 0fff 019e 0fff 0fff 0fff 0001 0fff 0001 0001 0001 0002 0003 0003 0003 0003 0003 0003 0003 0003 0003 0003 0fff 0003 0003 0003 0003 0002 0002 0fff 0fff 0fff 01a6 01a7 01a6 0fff 0002
0000 0052 0fff 0fff 80b3 0fff 80b3 0052 8fff 018f 0fff 0177 0fff 0fff 0191 0fff 0fff 0fff 0fff 0fff 01b4 0fff 0fff 0fff 0fff 0000 c1ad 0000 0000 0000 0001 0fff 0094 0002 005e 0002 005f 8fff 81a8 8002 8fff 8002 8024 0024 0fff 0fff 0fff 0fff 0fff 0002 0fff 0002 0fff 0fff 0002 0001 0fff 0001 0001 0001 0002 0003 0003 0003 0003 0003 0003 0003 0003 0003 0003 0fff 0fff 0003 0003 0003 0002 0fff 0fff 0fff 0fff 01c9 01ca 01c9 0fff 0002
0000 0053 0052 0052 806f 0052 806f 0052 8fff 8fff 8fff 018f 0fff 0fff 01ae 0137 0fff 0fff 0fff 0fff 01d4 0fff 0fff 0fff 0fff 0000 c000 0000 0000 0000 0001 0002 0092 00a8 0002 0002 0002 8fff 8002 8002 8002 8002 8024 0024 0fff 0fff 0fff 0fff 0fff 0fff 0fff 01df 01e0 01df 0fff 0001 0001 0001 0001 0001 0002 0003 0003 0003 0003 0003 0003 0003 0003 0003 0003 0fff 0fff 0003 0003 0003 0fff 0fff 0fff 0fff 01e7 0fff 0fff 01e7 01e7 0002
0000 0053 0052 0fff 0053 0052 0053 0053 8fff 8fff 8fff 8fff 00b5 0fff 0fff 0fff 0fff 0fff 0fff 0fff 0fff 01d4 0fff 01d8 01b6 0000 0000 0000 0000 0000 0001 0002 0002 005f 0092 00a8 0002 8fff 80bc 801c 801c 80bb 8024 0024 0fff 0fff 0fff 0fff 0fff 0fff 0fff 01fe 01ff 01fe 0fff 0001 0001 0001 0001 0001 0002 0003 0003 0003 0003 0003 0003 0003 0003 0003 0003 0fff 0fff 0fff 0fff 0003 0fff 0fff 0fff 0002 0fff 0fff 0fff 0fff 0002 0002
0000 0053 0fff 006f 0070 0052 0053 0fff 0fff 8fff 8fff 8210 00ca 0fff 0fff 00df 0fff 0fff 0fff 0fff 0fff 01f3 0fff 0196 01d8 0000 0000 0000 0000 0000 0001 001c 001c 0024 0002 0002 0fff 8fff 8fff 8fff 8024 8024 8024 0fff 0fff 0fff 0fff 0fff 0fff 0fff 0fff 0223 0224 0223 0fff 0001 0001 0001 0001 0001 0002 0003 0003 0003 0003 0003 0003 0003 0003 0003 0003 0003 0fff 0003 0fff 0003 0fff 0fff 0fff 0fff 0fff 0fff 0fff 0fff 020b 0002
0000 0053 0052 8fff cfff 0fff cfff 8fff 80c7 80fb 8fff 8fff 80e1 0fff 0fff 0fff 0213 0fff 0fff 0fff 0fff 0fff 0fff 01b6 0196 0000 0000 0000 0000 0000 0001 00a7 0fff 0024 0098 0fff 0002 8092 8240 8024 8024 8024 8024 0024 0fff 0fff 0fff 0fff 00bc 0fff 0fff 0fff 0fff 0fff 0fff 0001 0001 0001 0001 0001 0002 0003 0003 0003 0003 0003 0003 0003 0003 0003 0003 0003 0fff 0fff 0fff 0003 0fff 0fff 0fff 0fff 0fff 0fff 0fff 024a 024b 0002
0000 8fff 8fff 8fff cfff 0fff cfff 80dc 8fff 8fff 8111 8fff 4fff 0fff 0239 0fff 0fff 01f3 0fff 01d8 0fff 01d8 0196 01d8 01b6 0000 0000 0000 0000 0000 0001 0098 0024 0024 0024 0fff 0002 0002 0024 00aa 0024 0024 0024 0fff 0fff 0fff 0220 0fff 0024 0fff 0fff 0fff 0fff 0fff 0fff 0001 0001 0001 0001 0001 0002 0003 0003 0003 0003 0003 0003 0003 004a 0003 0003 0003 0fff 0fff 0003 0003 0fff 0fff 0fff 0fff 0fff 0fff 0002 026e 0fff 0002
0000 8fff 8fff 8fff 8fff 8fff 0239 8fff 8fff 8fff 8fff 8fff 8fff 0239 0fff 0fff 0fff 0fff 0fff 01d8 01d8 0196 0217 0196 01d8 0000 0000 0000 0000 0000 0001 0024 0024 0024 0024 0024 0097 0024 0024 0024 0024 0024 0024 0266 0fff 0fff 0268 0fff 0024 0002 0fff 0fff 028c 028d 0002 0001 0001 0001 0001 0001 0002 004a 004a 004a 004a 004a 004a 0fff 0fff 0fff 004a 0fff 0fff 0fff 0003 0003 0fff 0fff 0fff 0fff 0296 0fff 0277 028d 0fff 0002
0000 8fff 8fff 8fff 827d 8fff 8fff 8fff 8fff 8fff 8158 80f4 80fb 00da 0fff 0fff 0fff 023a 0fff 0fff 01b6 01b6 01b6 01b6 0fff 0000 0000 0000 0000 0000 0001 0099 0024 0024 001d 0024 0024 0099 0024 0024 0fff 02a8 0024 0242 0fff 0fff 0fff 0fff 0024 0fff 0fff 0fff 0fff 0024 0024 0001 0001 0001 0001 0001 0002 0fff 02b1 0fff 0fff 0fff 0fff 0fff 0fff 0126 0126 0fff 0fff 0fff 0003 0003 0fff 0fff 02ae 0003 0003 0002 0002 01a5 01a6 0002
0000 0fff 0fff 0fff 00e0 0fff 0131 0157 8fff 0fff 015a 0fff 0fff 0fff 0fff 0fff 023a 0fff 0fff 0fff 01d8 01d8 01d8 01d8 01d8 0000 0000 0000 0000 0000 0001 0024 0024 0024 011f 0fff 02a8 02a8 02a8 0fff 0fff 0fff 0fff 0fff 0fff 0fff 02d1 0fff 0099 0fff 0fff 0fff 0fff 0024 0024 0001 0001 0001 0001 0001 0002 0003 0003 0003 0fff 0fff 0149 0fff 0fff 02ce 01bd 02ce 0fff 0003 0003 0003 0fff 0fff 02d5 0003 0003 0002 01c7 01c8 01c9 0002
0000 0000 0000 0000 0000 0000 0000 0000 0000 0000 0000 0000 0000 0000 0000 0000 0000 0000 0000 0000 0000 0000 0000 0000 0000 0000 0000 0000 0000 0000 0001 0001 0001 0001 0001 0001 0001 0001 0001 0001 0001 0001 0001 0001 0001 0001 0001 0001 0001 0001 0001 0001 0001 0001 0001 0001 0001 0001 0001 0001 0002 0002 0002 0002 0002 0002 0002 0002 0002 0002 0002 0002 0002 0002 0002 0002 0002 0002 0002 0002 0002 0002 0002 0002 0002 0002
0000 0000 0000 0000 0000 0000 0000 0000 0000 0000 0000 0000 0000 0000 0000 0000 0000 0000 0000 0000 0000 0000 0000 0000 0000 0000 0000 0000 0000 0000 0001 0001 0001 0001 0001 0001 0001 0001 0001 0001 0001 0001 0001 0001 0001 0001 0001 0001 0001 0001 0001 0001 0001 0001 0001 0001 0001 0001 0001 0001
0000 0000 0000 0000 0000 0000 0000 0000 0000 0000 0000 0000 0000 0000 0000 0000 0000 0000 0000 0000 0000 0000 0000 0000 0000 0000 0000 0000 0000 0000 0001 0001 0001 0001 0001 0001 0001 0001 0001 0001 0001 0001 0001 0001 0001 0001 0001 0001 0001 0001 0001 0001 0001 0001 0001 0001 0001 0001 0001 0001
0000 0000 0000 0000 0000 0000 0000 0000 0000 0000 0000 0000 0000 0000 0000 0000 0000 0000 0000 0000 0000 0000 0000 0000 0000 0000 0000 0000 0000 0000 0001 0001 0001 0001 0001 0001 0001 0001 0001 0001 0001 0001 0001 0001 0001 0001 0001 0001 0001 0001 0001 0001 0001 0001 0001 0001 0001 0001 0001 0001
0000 0000 0000 0000 0000 0000 0000 0000 0000 0000 0000 0000 0000 0000 0000 0000 0000 0000 0000 0000 0000 0000 0000 0000 0000 0000 0000 0000 0000 0000 0001 0001 0001 0001 0001 0001 0001 0001 0001 0001 0001 0001 0001 0001 0001 0001 0001 0001 0001 0001 0001 0001 0001 0001 0001 0001 0001 0001 0001 0001
0000 0000 0000 0000 0000 0000 0000 0000 0000 0000 0000 0000 0000 0000 0000 0000 0000 0000 0000 0000 0000 0000 0000 0000 0000 0000 0000 0000 0000 0000 0001 0001 0001 0001 0001 0001 0001 0001 0001 0001 0001 0001 0001 0001 0001 0001 0001 0001 0001 0001 0001 0001 0001 0001 0001 0001 0001 0001 0001 0001
0000 0000 0000 0000 0000 0000 0000 0000 0000 0000 0000 0000 0000 0000 0000 0000 0000 0000 0000 0000 0000 0000 0000 0000 0000 0000 0000 0000 0000 0000 0001 0001 0001 0001 0001 0001 0001 0001 0001 0001 0001 0001 0001 0001 0001 0001 0001 0001 0001 0001 0001 0001 0001 0001 0001 0001 0001 0001 0001 0001
0000 0000 0000 0000 0000 0000 0000 0000 0000 0000 0000 0000 0000 0000 0000 0000 0000 0000 0000 0000 0000 0000 0000 0000 0000 0000 0000 0000 0000 0000 0001 0001 0001 0001 0001 0001 0001 0001 0001 0001 0001 0001 0001 0001 0001 0001 0001 0001 0001 0001 0001 0001 0001 0001 0001 0001 0001 0001 0001 0001
0000 0000 0000 0000 0000 0000 0000 0000 0000 0000 0000 0000 0000 0000 0000 0000 0000 0000 0000 0000 0000 0000 0000 0000 0000 0000 0000 0000 0000 0000 0001 0001 0001 0001 0001 0001 0001 0001 0001 0001 0001 0001 0001 0001 0001 0001 0001 0001 0001 0001 0001 0001 0001 0001 0001 0001 0001 0001 0001 0001
0000 0000 0000 0000 0000 0000 0000 0000 0000 0000 0000 0000 0000 0000 0000 0000 0000 0000 0000 0000 0000 0000 0000 0000 0000 0000 0000 0000 0000 0000 0001 0001 0001 0001 0001 0001 0001 0001 0001 0001 0001 0001 0001 0001 0001 0001 0001 0001 0001 0001 0001 0001 0001 0001 0001 0001 0001 0001 0001 0001
0000 0000 0000 0000 0000 0000 0000 0000 0000 0000 0000 0000 0000 0000 0000 0000 0000 0000 0000 0000 0000 0000 0000 0000 0000 0000 0000 0000 0000 0000 0001 0001 0001 0001 0001 0001 0001 0001 0001 0001 0001 0001 0001 0001 0001 0001 0001 0001 0001 0001 0001 0001 0001 0001 0001 0001 0001 0001 0001 0001
0000 0000 0000 0000 0000 0000 0000 0000 0000 0000 0000 0000 0000 0000 0000 0000 0000 0000 0000 0000 0000 0000 0000 0000 0000 0000 0000 0000 0000 0000 0001 0001 0001 0001 0001 0001 0001 0001 0001 0001 0001 0001 0001 0001 0001 0001 0001 0001 0001 0001 0001 0001 0001 0001 0001 0001 0001 0001 0001 0001
0000 0000 0000 0000 0000 0000 0000 0000 0000 0000 0000 0000 0000 0000 0000 0000 0000 0000 0000 0000 0000 0000 0000 0000 0000 0000 0000 0000 0000 0000 0001 0001 0001 0001 0001 0001 0001 0001 0001 0001 0001 0001 0001 0001 0001 0001 0001 0001 0001 0001 0001 0001 0001 0001 0001 0001 0001 0001 0001 0001
0000 0000 0000 0000 0000 0000 0000 0000 0000 0000 0000 0000 0000 0000 0000 0000 0000 0000 0000 0000 0000 0000 0000 0000 0000 0000 0000 0000 0000 0000 0001 0001 0001 0001 0001 0001 0001 0001 0001 0001 0001 0001 0001 0001 0001 0001 0001 0001 0001 0001 0001 0001 0001 0001 0001 0001 0001 0001 0001 0001
0000 0000 0000 0000 0000 0000 0000 0000 0000 0000 0000 0000 0000 0000 0000 0000 0000 0000 0000 0000 0000 0000 0000 0000 0000 0000 0000 0000 0000 0000 0001 0001 0001 0001 0001 0001 0001 0001 0001 0001 0001 0001 0001 0001 0001 0001 0001 0001 0001 0001 0001 0001 0001 0001 0001 0001 0001 0001 0001 0001
0000 0000 0000 0000 0000 0000 0000 0000 0000 0000 0000 0000 0000 0000 0000 0000 0000 0000 0000 0000 0000 0000 0000 0000 0000 0000 0000 0000 0000 0000 0001 0001 0001 0001 0001 0001 0001 0001 0001 0001 0001 0001 0001 0001 0001 0001 0001 0001 0001 0001 0001 0001 0001 0001 0001 0001 0001 0001 0001 0001
0000 0000 0000 0000 0000 0000 0000 0000 0000 0000 0000 0000 0000 0000 0000 0000 0000 0000 0000 0000 0000 0000 0000 0000 0000 0000 0000 0000 0000 0000 0001 0001 0001 0001 0001 0001 0001 0001 0001 0001 0001 0001 0001 0001 0001 0001 0001 0001 0001 0001 0001 0001 0001 0001 0001 0001 0001 0001 0001 0001
0000 0000 0000 0000 0000 0000 0000 0000 0000 0000 0000 0000 0000 0000 0000 0000 0000 0000 0000 0000 0000 0000 0000 0000 0000 0000 0000 0000 0000 0000 0001 0001 0001 0001 0001 0001 0001 0001 0001 0001 0001 0001 0001 0001 0001 0001 0001 0001 0001 0001 0001 0001 0001 0001 0001 0001 0001 0001 0001 0001
0000 0000 0000 0000 0000 0000 0000 0000 0000 0000 0000 0000 0000 0000 0000 0000 0000 0000 0000 0000 0000 0000 0000 0000 0000 0000 0000 0000 0000 0000 0001 0001 0001 0001 0001 0001 0001 0001 0001 0001 0001 0001 0001 0001 0001 0001 0001 0001 0001 0001 0001 0001 0001 0001 0001 0001 0001 0001 0001 0001
0000 0000 0000 0000 0000 0000 0000 0000 0000 0000 0000 0000 0000 0000 0000 0000 0000 0000 0000 0000 0000 0000 0000 0000 0000 0000 0000 0000 0000 0000 0001 0001 0001 0001 0001 0001 0001 0001 0001 0001 0001 0001 0001 0001 0001 0001 0001 0001 0001 0001 0001 0001 0001 0001 0001 0001 0001 0001 0001 0001
0000 0000 0000 0000 0000 0000 0000 0000 0000 0000 0000 0000 0000 0000 0000 0000 0000 0000 0000 0000 0000 0000 0000 0000 0000 0000 0000 0000 0000 0000 0001 0001 0001 0001 0001 0001 0001 0001 0001 0001 0001 0001 0001 0001 0001 0001 0001 0001 0001 0001 0001 0001 0001 0001 0001 0001 0001 0001 0001 0001
0000 0000 0000 0000 0000 0000 0000 0000 0000 0000 0000 0000 0000 0000 0000 0000 0000 0000 0000 0000 0000 0000 0000 0000 0000 0000 0000 0000 0000 0000 0001 0001 0001 0001 0001 0001 0001 0001 0001 0001 0001 0001 0001 0001 0001 0001 0001 0001 0001 0001 0001 0001 0001 0001 0001 0001 0001 0001 0001 0001
0000 0000 0000 0000 0000 0000 0000 0000 0000 0000 0000 0000 0000 0000 0000 0000 0000 0000 0000 0000 0000 0000 0000 0000 0000 0000 0000 0000 0000 0000 0001 0001 0001 0001 0001 0001 0001 0001 0001 0001 0001 0001 0001 0001 0001 0001 0001 0001 0001 0001 0001 0001 0001 0001 0001 0001 0001 0001 0001 0001
0000 0000 0000 0000 0000 0000 0000 0000 0000 0000 0000 0000 0000 0000 0000 0000 0000 0000 0000 0000 0000 0000 0000 0000 0000 0000 0000 0000 0000 0000 0001 0001 0001 0001 0001 0001 0001 0001 0001 0001 0001 0001 0001 0001 0001 0001 0001 0001 0001 0001 0001 0001 0001 0001 0001 0001 0001 0001 0001 0001
0000 0000 0000 0000 0000 0000 0000 0000 0000 0000 0000 0000 0000 0000 0000 0000 0000 0000 0000 0000 0000 0000 0000 0000 0000 0000 0000 0000 0000 0000 0001 0001 0001 0001 0001 0001 0001 0001 0001 0001 0001 0001 0001 0001 0001 0001 0001 0001 0001 0001 0001 0001 0001 0001 0001 0001 0001 0001 0001 0001
0000 0000 0000 0000 0000 0000 0000 0000 0000 0000 0000 0000 0000 0000 0000 0000 0000 0000 0000 0000 0000 0000 0000 0000 0000 0000 0000 0000 0000 0000 0001 0001 0001 0001 0001 0001 0001 0001 0001 0001 0001 0001 0001 0001 0001 0001 0001 0001 0001 0001 0001 0001 0001 0001 0001 0001 0001 0001 0001 0001
0000 0000 0000 0000 0000 0000 0000 0000 0000 0000 0000 0000 0000 0000 0000 0000 0000 0000 0000 0000 0000 0000 0000 0000 0000 0000 0000 0000 0000 0000 0001 0001 0001 0001 0001 0001 0001 0001 0001 0001 0001 0001 0001 0001 0001 0001 0001 0001 0001 0001 0001 0001 0001 0001 0001 0001 0001 0001 0001 0001
0000 0000 0000 0000 0000 0000 0000 0000 0000 0000 0000 0000 0000 0000 0000 0000 0000 0000 0000 0000 0000 0000 0000 0000 0000 0000 0000 0000 0000 0000 0001 0001 0001 0001 0001 0001 0001 0001 0001 0001 0001 0001 0001 0001 0001 0001 0001 0001 0001 0001 0001 0001 0001 0001 0001 0001 0001 0001 0001 0001
0000 0000 0000 0000 0000 0000 0000 0000 0000 0000 0000 0000 0000 0000 0000 0000 0000 0000 0000 0000 0000 0000 0000 0000 0000 0000 0000 0000 0000 0000 0001 0001 0001 0001 0001 0001 0001 0001 0001 0001 0001 0001 0001 0001 0001 0001 0001 0001 0001 0001 0001 0001 0001 0001 0001 0001 0001 0001 0001 0001
0000 0000 0000 0000 0000 0000 0000 0000 0000 0000 0000 0000 0000 0000 0000 0000 0000 0000 0000 0000 0000 0000 0000 0000 0000 0000 0000 0000 0000 0000 0001 0001 0001 0001 0001 0001 0001 0001 0001 0001 0001 0001 0001 0001 0001 0001 0001 0001 0001 0001 0001 0001 0001 0001 0001 0001 0001 0001 0001 0001
0000 0000 0000 0000 0000 0000 0000 0000 0000 0000 0000 0000 0000 0000 0000 0000 0000 0000 0000 0000 0000 0000 0000 0000 0000 0000 0000 0000 0000 0000 0001 0001 0001 0001 0001 0001 0001 0001 0001 0001 0001 0001 0001 0001 0001 0001 0001 0001 0001 0001 0001 0001 0001 0001 0001 0001 0001 0001 0001 0001
0000 0000 0000 0000 0000 0000 0000 0000 0000 0000 0000 0000 0000 0000 0000 0000 0000 0000 0000 0000 0000 0000 0000 0000 0000 0000 0000 0000 0000 0000 0001 0001 0001 0001 0001 0001 0001 0001 0001 0001 0001 0001 0001 0001 0001 0001 0001 0001 0001 0001 0001 0001 0001 0001 0001 0001 0001 0001 0001 0001
0000 0000 0000 0000 0000 0000 0000 0000 0000 0000 0000 0000 0000 0000 0000 0000 0000 0000 0000 0000 0000 0000 0000 0000 0000 0000 0000 0000 0000 0000 0001 0001 0001 0001 0001 0001 0001 0001 0001 0001 0001 0001 0001 0001 0001 0001 0001 0001 0001 0001 0001 0001 0001 0001 0001 0001 0001 0001 0001 0001
0000 0000 0000 0000 0000 0000 0000 0000 0000 0000 0000 0000 0000 0000 0000 0000 0000 0000 0000 0000 0000 0000 0000 0000 0000 0000 0000 0000 0000 0000 0001 0001 0001 0001 0001 0001 0001 0001 0001 0001 0001 0001 0001 0001 0001 0001 0001 0001 0001 0001 0001 0001 0001 0001 0001 0001 0001 0001 0001 0001
0000 0000 0000 0000 0000 0000 0000 0000 0000 0000 0000 0000 0000 0000 0000 0000 0000 0000 0000 0000 0000 0000 0000 0000 0000 0000 0000 0000 0000 0000 0001 0001 0001 0001 0001 0001 0001 0001 0001 0001 0001 0001 0001 0001 0001 0001 0001 0001 0001 0001 0001 0001 0001 0001 0001 0001 0001 0001 0001 0001
0000 0000 0000 0000 0000 0000 0000 0000 0000 0000 0000 0000 0000 0000 0000 0000 0000 0000 0000 0000 0000 0000 0000 0000 0000 0000 0000 0000 0000 0000 0001 0001 0001 0001 0001 0001 0001 0001 0001 0001 0001 0001 0001 0001 0001 0001 0001 0001 0001 0001 0001 0001 0001 0001 0001 0001 0001 0001 0001 0001
0000 0000 0000 0000 0000 0000 0000 0000 0000 0000 0000 0000 0000 0000 0000 0000 0000 0000 0000 0000 0000 0000 0000 0000 0000 0000 0000 0000 0000 0000 0001 0001 0001 0001 0001 0001 0001 0001 0001 0001 0001 0001 0001 0001 0001 0001 0001 0001 0001 0001 0001 0001 0001 0001 0001 0001 0001 0001 0001 0001
0000 0000 0000 0000 0000 0000 0000 0000 0000 0000 0000 0000 0000 0000 0000 0000 0000 0000 0000 0000 0000 0000 0000 0000 0000 0000 0000 0000 0000 0000 0001 0001 0001 0001 0001 0001 0001 0001 0001 0001 0001 0001 0001 0001 0001 0001 0001 0001 0001 0001 0001 0001 0001 0001 0001 0001 0001 0001 0001 0001
0000 0000 0000 0000 0000 0000 0000 0000 0000 0000 0000 0000 0000 0000 0000 0000 0000 0000 0000 0000 0000 0000 0000 0000 0000 0000 0000 0000 0000 0000 0001 0001 0001 0001 0001 0001 0001 0001 0001 0001 0001 0001 0001 0001 0001 0001 0001 0001 0001 0001 0001 0001 0001 0001 0001 0001 0001 0001 0001 0001
0003 0003 0003 0003 0003 0003 0003 0003 0003 0003 0003 0003 0003 0003 0003 0003 0003 0003 0003 0003 0003 0003 0003 0003 0003 0003 0003 0003 0003 0003 0001 0001 0001 0001 0001 0001 0001 0001 0001 0001 0001 0001 0001 0001 0001 0001 0001 0001 0001 0001 0001 0001 0001 0001 0001 0001 0001 0001 0001 0001
0003 0003 0003 0003 0003 0003 0003 0003 0003 0003 0003 0003 0003 0003 0003 0003 0003 0003 0003 0003 0003 0003 0003 0003 0003 0003 0003 0003 0003 0003 0001 0001 0001 0001 0001 0001 0001 0001 0001 0001 0001 0001 0001 0001 0001 0001 0001 0001 0001 0001 0001 0001 0001 0001 0001 0001 0001 0001 0001 0001
0003 0003 0003 0003 0003 0003 0003 0003 0003 0003 0003 0003 0003 0003 0003 0003 0003 0003 0003 0003 0003 0003 0003 0003 0003 0003 0003 0003 0003 0003 0001 0001 0001 0001 0001 0001 0001 0001 0001 0001 0001 0001 0001 0001 0001 0001 0001 0001 0001 0001 0001 0001 0001 0001 0001 0001 0001 0001 0001 0001
0003 0003 0003 0003 0003 0003 0003 0003 0003 0003 0003 0003 0003 0003 0003 0003 0003 0003 0003 0003 0003 0003 0003 0003 0003 0003 0003 0003 0003 0003 0001 0001 0001 0001 0001 0001 0001 0001 0001 0001 0001 0001 0001 0001 0001 0001 0001 0001 0001 0001 0001 0001 0001 0001 0001 0001 0001 0001 0001 0001
0003 0003 0003 0003 0003 0003 0003 0003 0003 0003 0003 0003 0003 0003 0003 0003 0003 0003 0003 0003 0003 0003 0003 0003 0003 0003 0003 0003 0003 0003 0001 0001 0001 0001 0001 0001 0001 0001 0001 0001 0001 0001 0001 0001 0001 0001 0001 0001 0001 0001 0001 0001 0001 0001 0001 0001 0001 0001 0001 0001
0003 0003 0003 0003 0003 0003 0003 0003 0003 0003 0003 0003 0003 0003 0003 0003 0003 0003 0003 0003 0003 0003 0003 0003 0003 0003 0003 0003 0003 0003 0001 0001 0001 0001 0001 0001 0001 0001 0001 0001 0001 0001 0001 0001 0001 0001 0001 0001 0001 0001 0001 0001 0001 0001 0001 0001 0001 0001 0001 0001
0003 0003 0003 0003 0003 0003 0003 0003 0003 0003 0003 0003 0003 0003 0003 0003 0003 0003 0003 0003 0003 0003 0003 0003 0003 0003 0003 0003 0003 0003 0001 0001 0001 0001 0001 0001 0001 0001 0001 0001 0001 0001 0001 0001 0001 0001 0001 0001 0001 0001 0001 0001 0001 0001 0001 0001 0001 0001 0001 0001
0003 0003 0003 0003 0003 0003 0003 0003 0003 0003 0003 0003 0003 0003 0003 0003 0003 0003 0003 0003 0003 0003 0003 0003 0003 0003 0003 0003 0003 0003 0001 0001 0001 0001 0001 0001 0001 0001 0001 0001 0001 0001 0001 0001 0001 0001 0001 0001 0001 0001 0001 0001 0001 0001 0001 0001 0001 0001 0001 0001
0003 0003 0003 0003 0003 0003 0003 0003 0003 0003 0003 0003 0003 0003 0003 0003 0003 0003 0003 0003 0003 0003 0003 0003 0003 0003 0003 0003 0003 0003 0001 0001 0001 0001 0001 0001 0001 0001 0001 0001 0001 0001 0001 0001 0001 0001 0001 0001 0001 0001 0001 0001 0001 0001 0001 0001 0001 0001 0001 0001
0003 0003 0003 0003 0003 0003 0003 0003 0003 0003 0003 0003 0003 0003 0003 0003 0003 0003 0003 0003 0003 0003 0003 0003 0003 0003 0003 0003 0003 0003 0001 0001 0001 0001 0001 0001 0001 0001 0001 0001 0001 0001 0001 0001 0001 0001 0001 0001 0001 0001 0001 0001 0001 0001 0001 0001 0001 0001 0001 0001
0003 0003 0003 0003 0003 0003 0003 0003 0003 0003 0003 0003 0003 0003 0003 0003 0003 0003 0003 0003 0003 0003 0003 0003 0003 0003 0003 0003 0003 0003 0001 0001 0001 0001 0001 0001 0001 0001 0001 0001 0001 0001 0001 0001 0001 0001 0001 0001 0001 0001 0001 0001 0001 0001 0001 0001 0001 0001 0001 0001
0003 0003 0003 0003 0003 0003 0003 0003 0003 0003 0003 0003 0003 0003 0003 0003 0003 0003 0003 0003 0003 0003 0003 0003 0003 0003 0003 0003 0003 0003 0001 0001 0001 0001 0001 0001 0001 0001 0001 0001 0001 0001 0001 0001 0001 0001 0001 0001 0001 0001 0001 0001 0001 0001 0001 0001 0001 0001 0001 0001
0003 0003 0003 0003 0003 0003 0003 0003 0003 0003 0003 0003 0003 0003 0003 0003 0003 0003 0003 0003 0003 0003 0003 0003 0003 0003 0003 0003 0003 0003 0001 0001 0001 0001 0001 0001 0001 0001 0001 0001 0001 0001 0001 0001 0001 0001 0001 0001 0001 0001 0001 0001 0001 0001 0001 0001 0001 0001 0001 0001
0003 0003 0003 0003 0003 0003 0003 0003 0003 0003 0003 0003 0003 0003 0003 0003 0003 0003 0003 0003 0003 0003 0003 0003 0003 0003 0003 0003 0003 0003 0001 0001 0001 0001 0001 0001 0001 0001 0001 0001 0001 0001 0001 0001 0001 0001 0001 0001 0001 0001 0001 0001 0001 0001 0001 0001 0001 0001 0001 0001
0003 0003 0003 0003 0003 0003 0003 0003 0003 0003 0003 0003 0003 0003 0003 0003 0003 0003 0003 0003 0003 0003 0003 0003 0003 0003 0003 0003 0003 0003 0001 0001 0001 0001 0001 0001 0001 0001 0001 0001 0001 0001 0001 0001 0001 0001 0001 0001 0001 0001 0001 0001 0001 0001 0001 0001 0001 0001 0001 0001
0003 0003 0003 0003 0003 0003 0003 0003 0003 0003 0003 0003 0003 0003 0003 0003 0003 0003 0003 0003 0003 0003 0003 0003 0003 0003 0003 0003 0003 0003 0001 0001 0001 0001 0001 0001 0001 0001 0001 0001 0001 0001 0001 0001 0001 0001 0001 0001 0001 0001 0001 0001 0001 0001 0001 0001 0001 0001 0001 0001
0003 0003 0003 0003 0003 0003 0003 0003 0003 0003 0003 0003 0003 0003 0003 0003 0003 0003 0003 0003 0003 0003 0003 0003 0003 0003 0003 0003 0003 0003 0001 0001 0001 0001 0001 0001 0001 0001 0001 0001 0001 0001 0001 0001 0001 0001 0001 0001 0001 0001 0001 0001 0001 0001 0001 0001 0001 0001 0001 0001
0003 0003 0003 0003 0003 0003 0003 0003 0003 0003 0003 0003 0003 0003 0003 0003 0003 0003 0003 0003 0003 0003 0003 0003 0003 0003 0003 0003 0003 0003 0001 0001 0001 0001 0001 0001 0001 0001 0001 0001 0001 0001 0001 0001 0001 0001 0001 0001 0001 0001 0001 0001 0001 0001 0001 0001 0001 0001 0001 0001
0003 0003 0003 0003 0003 0003 0003 0003 0003 0003 0003 0003 0003 0003 0003 0003 0003 0003 0003 0003 0003 0003 0003 0003 0003 0003 0003 0003 0003 0003 0001 0001 0001 0001 0001 0001 0001 0001 0001 0001 0001 0001 0001 0001 0001 0001 0001 0001 0001 0001 0001 0001 0001 0001 0001 0001 0001 0001 0001 0001
0003 0003 0003 0003 0003 0003 0003 0003 0003 0003 0003 0003 0003 0003 0003 0003 0003 0003 0003 0003 0003 0003 0003 0003 0003 0003 0003 0003 0003 0003 0001 0001 0001 0001 0001 0001 0001 0001 0001 0001 0001 0001 0001 0001 0001 0001 0001 0001 0001 0001 0001 0001 0001 0001 0001 0001 0001 0001 0001 0001
0003 0003 0003 0003 0003 0003 0003 0003 0003 0003 0003 0003 0003 0003 0003 0003 0003 0003 0003 0003 0003 0003 0003 0003 0003 0003 0003 0003 0003 0003 0001 0001 0001 0001 0001 0001 0001 0001 0001 0001 0001 0001 0001 0001 0001 0001 0001 0001 0001 0001 0001 0001 0001 0001 0001 0001 0001 0001 0001 0001
0003 0003 0003 0003 0003 0003 0003 0003 0003 0003 0003 0003 0003 0003 0003 0003 0003 0003 0003 0003 0003 0003 0003 0003 0003 0003 0003 0003 0003 0003 0001 0001 0001 0001 0001 0001 0001 0001 0001 0001 0001 0001 0001 0001 0001 0001 0001 0001 0001 0001 0001 0001 0001 0001 0001 0001 0001 0001 0001 0001
0003 0003 0003 0003 0003 0003 0003 0003 0003 0003 0003 0003 0003 0003 0003 0003 0003 0003 0003 0003 0003 0003 0003 0003 0003 0003 0003 0003 0003 0003 0001 0001 0001 0001 0001 0001 0001 0001 0001 0001 0001 0001 0001 0001 0001 0001 0001 0001 0001 0001 0001 0001 0001 0001 0001 0001 0001 0001 0001 0001
0003 0003 0003 0003 0003 0003 0003 0003 0003 0003 0003 0003 0003 0003 0003 0003 0003 0003 0003 0003 0003 0003 0003 0003 0003 0003 0003 0003 0003 0003 0001 0001 0001 0001 0001 0001 0001 0001 0001 0001 0001 0001 0001 0001 0001 0001 0001 0001 0001 0001 0001 0001 0001 0001 0001 0001 0001 0001 0001 0001
0003 0003 0003 0003 0003 0003 0003 0003 0003 0003 0003 0003 0003 0003 0003 0003 0003 0003 0003 0003 0003 0003 0003 0003 0003 0003 0003 0003 0003 0003 0001 0001 0001 0001 0001 0001 0001 0001 0001 0001 0001 0001 0001 0001 0001 0001 0001 0001 0001 0001 0001 0001 0001 0001 0001 0001 0001 0001 0001 0001
0003 0003 0003 0003 0003 0003 0003 0003 0003 0003 0003 0003 0003 0003 0003 0003 0003 0003 0003 0003 0003 0003 0003 0003 0003 0003 0003 0003 0003 0003 0001 0001 0001 0001 0001 0001 0001 0001 0001 0001 0001 0001 0001 0001 0001 0001 0001 0001 0001 0001 0001 0001 0001 0001 0001 0001 0001 0001 0001 0001
0003 0003 0003 0003 0003 0003 0003 0003 0003 0003 0003 0003 0003 0003 0003 0003 0003 0003 0003 0003 0003 0003 0003 0003 0003 0003 0003 0003 0003 0003 0001 0001 0001 0001 0001 0001 0001 0001 0001 0001 0001 0001 0001 0001 0001 0001 0001 0001 0001 0001 0001 0001 0001 0001 0001 0001 0001 0001 0001 0001
0003 0003 0003 0003 0003 0003 0003 0003 0003 0003 0003 0003 0003 0003 0003 0003 0003 0003 0003 0003 0003 0003 0003 0003 0003 0003 0003 0003 0003 0003 0001 0001 0001 0001 0001 0001 0001 0001 0001 0001 0001 0001 0001 0001 0001 0001 0001 0001 0001 0001 0001 0001 0001 0001 0001 0001 0001 0001 0001 0001
0003 0003 0003 0003 0003 0003 0003 0003 0003 0003 0003 0003 0003 0003 0003 0003 0003 0003 0003 0003 0003 0003 0003 0003 0003 0003 0003 0003 0003 0003 0001 0001 0001 0001 0001 0001 0001 0001 0001 0001 0001 0001 0001 0001 0001 0001 0001 0001 0001 0001 0001 0001 0001 0001 0001 0001 0001 0001 0001 0001
0003 0003 0003 0003 0003 0003 0003 0003 0003 0003 0003 0003 0003 0003 0003 0003 0003 0003 0003 0003 0003 0003 0003 0003 0003 0003 0003 0003 0003 0003 0001 0001 0001 0001 0001 0001 0001 0001 0001 0001 0001 0001 0001 0001 0001 0001 0001 0001 0001 0001 0001 0001 0001 0001 0001 0001 0001 0001 0001 0001
0003 0003 0003 0003 0003 0003 0003 0003 0003 0003 0003 0003 0003 0003 0003 0003 0003 0003 0003 0003 0003 0003 0003 0003 0003 0003 0003 0003 0003 0003 0001 0001 0001 0001 0001 0001 0001 0001 0001 0001 0001 0001 0001 0001 0001 0001 0001 0001 0001 0001 0001 0001 0001 0001 0001 0001 0001 0001 0001 0001


















0003 0003 0003 0003 0003 0003 0003 0003 0003 0003 0003 0003 0003 0003 0003 0003 0003 0003 0003 0003 0003 0003 0003 0003 0003 0003 0003 0003 0003 0003 0003 0003 0003 0003 0003 0003 0003 0003 0003 0003 0003 0003 0003 0003 0003 0003 0003 0003 0003 0003 0003 0003 0003 0003 0003 0003 0003 0003 0003 0003 0003 0003 0003 0003 0fff 02df 02df 02df 02df 02df 02df 02df 02df 02df 02df 02df 02df 02df 02df 02df 02df 02df 02df 02df
0003 0003 0003 0003 0003 0003 0003 0003 0003 0003 0003 0003 0003 0003 0003 0003 0003 0003 0003 0003 0003 0003 0003 0003 0003 0003 0003 0003 0003 0003 0003 0003 0003 0003 0003 0003 0003 0003 0003 0003 0003 0003 0003 0003 0003 0003 0003 0003 0003 0003 0003 0003 0003 0003 0003 0003 0003 0003 0003 0003 0003 0003 0003 0003 0000 0000 0000 0000 0000 0000 0000 0000 0000 0000 0000 0000 0000 0000 0000 0000 0000 0000 0000 0000 0000 0000 0000 0000 0000 0000 0000 0000
0003 0003 0003 0003 0003 0003 0003 0003 0003 0003 0003 0003 0003 0003 0003 0003 0003 0003 0003 0003 0003 0003 0003 0003 0003 0003 0003 0003 0003 0003 0003 0003 0003 0003 0003 0003 0003 0003 0003 0003 0003 0003 0003 0003 0003 0003 0003 0003 0003 0003 0003 0003 0003 0003 0003 0003 0003 0003 0003 0003 0003 0003 0003 0003 0000 0000 0000 0000 0000 0000 0000 0000 0000 0000 0000 0000 0000 0000 0000 0000 0000 0000 0000 0000 0000 0000 0000 0000 0000 0000 0000 0000
0003 0003 0003 0003 0003 0003 0003 0003 0003 0003 0003 0003 0003 0003 0003 0003 0003 0003 0003 0003 0003 0003 0003 0003 0003 0003 0003 0003 0003 0003 0003 0003 0003 0003 0003 0003 0003 0003 0003 0003 0003 0003 0003 0003 0003 0003 0003 0003 0003 0003 0003 0003 0003 0003 0003 0003 0003 0003 0003 0003 0003 0003 0003 0003 0000 0000 0000 0000 0000 0000 0000 0000 0000 0000 0000 0000 0000 0000 0000 0000 0000 0000 0000 0000 0000 0000 0000 0000 0000 0000 0000 0000
0003 0003 0003 0003 0003 0003 0003 0003 0003 0003 0003 0003 0003 0003 0003 0003 0003 0003 0003 0003 0003 0003 0003 0003 0003 0003 0003 0003 0003 0003 0003 0003 0003 0003 0003 0003 0003 0003 0003 0003 0003 0003 0003 0003 0003 0003 0003 0003 0003 0003 0003 0003 0003 0003 0003 0003 0003 0003 0003 0003 0003 0003 0003 0003 0000 0000 0000 0000 0000 0000 0000 0000 0000 0000 0000 0000 0000 0000 0000 0000 0000 0000 0000 0000 0000 0000 0000 0000 0000 0000 0000 0000
0003 0003 0003 0003 0003 0003 0003 0003 0003 0003 0003 0003 0003 0003 0003 0003 0003 0003 0003 0003 0003 0003 0003 0003 0003 0003 0003 0003 0003 0003 0003 0003 0003 0003 0003 0003 0003 0003 0003 0003 0003 0003 0003 0003 0003 0003 0003 0003 0003 0003 0003 0003 0003 0003 0003 0003 0003 0003 0003 0003 0003 0003 0003 0003 0000 0000 0000 0000 0000 0000 0000 0000 0000 0000 0000 0000 0000 0000 0000 0000 0000 0000 0000 0000 0000 0000 0000 0000 0000 0000 0000 0000
0003 0003 0003 0003 0003 0003 0003 0003 0003 0003 0003 0003 0003 0003 0003 0003 0003 0003 0003 0003 0003 0003 0003 0003 0003 0003 0003 0003 0003 0003 0003 0003 0003 0003 0003 0003 0003 0003 0003 0003 0003 0003 0003 0003 0003 0003 0003 0003 0003 0003 0003 0003 0003 0003 0003 0003 0003 0003 0003 0003 0003 0003 0003 0003 0000 0000 0000 0000 0000 0000 0000 0000 0000 0000 0000 0000 0000 0000 0000 0000 0000 0000 0000 0000 0000 0000 0000 0000 0000 0000 0000 0000
0003 0003 0003 0003 0003 0003 0003 0003 0003 0003 0003 0003 0003 0003 0003 0003 0003 0003 0003 0003 0003 0003 0003 0003 0003 0003 0003 0003 0003 0003 0003 0003 0003 0003 0003 0003 0003 0003 0003 0003 0003 0003 0003 0003 0003 0003 0003 0003 0003 0003 0003 0003 0003 0003 0003 0003 0003 0003 0003 0003 0003 0003 0003 0003 0000 0000 0000 0000 0000 0000 0000 0000 0000 0000 0000 0000 0000 0000 0000 0000 0000 0000 0000 0000 0000 0000 0000 0000 0000 0000 0000 0000
0003 0003 0003 0003 0003 0003 0003 0003 0003 0003 0003 0003 0003 0003 0003 0003 0003 0003 0003 0003 0003 0003 0003 0003 0003 0003 0003 0003 0003 0003 0003 0003 0003 0003 0003 0003 0003 0003 0003 0003 0003 0003 0003 0003 0003 0003 0003 0003 0003 0003 0003 0003 0003 0003 0003 0003 0003 0003 0003 0003 0003 0003 0003 0003 0000 0000 0000 0000 0000 0000 0000 0000 0000 0000 0000 0000 0000 0000 0000 0000 0000 0000 0000 0000 0000 0000 0000 0000 0000 0000 0000 0000
0003 0003 0003 0003 0003 0003 0003 0003 0003 0003 0003 0003 0003 0003 0003 0003 0003 0003 0003 0003 0003 0003 0003 0003 0003 0003 0003 0003 0003 0003 0003 0003 0003 0003 0003 0003 0003 0003 0003 0003 0003 0003 0003 0003 0003 0003 0003 0003 0003 0003 0003 0003 0003 0003 0003 0003 0003 0003 0003 0003 0003 0003 0003 0003 0000 0000 0000 0000 0000 0000 0000 0000 0000 0000 0000 0000 0000 0000 0000 0000 0000 0000 0000 0000 0000 0000 0000 0000 0000 0000 0000 0000
0003 0003 0003 0003 0003 0003 0003 0003 0003 0003 0003 0003 0003 0003 0003 0003 0003 0003 0003 0003 0003 0003 0003 0003 0003 0003 0003 0003 0003 0003 0003 0003 0003 0003 0003 0003 0003 0003 0003 0003 0003 0003 0003 0003 0003 0003 0003 0003 0003 0003 0003 0003 0003 0003 0003 0003 0003 0003 0003 0003 0003 0003 0003 0003 0000 0000 0000 0000 0000 0000 0000 0000 0000 0000 0000 0000 0000 0000 0000 0000 0000 0000 0000 0000 0000 0000 0000 0000 0000 0000 0000 0000
0003 0003 0003 0003 0003 0003 0003 0003 0003 0003 0003 0003 0003 0003 0003 0003 0003 0003 0003 0003 0003 0003 0003 0003 0003 0003 0003 0003 0003 0003 0003 0003 0003 0003 0003 0003 0003 0003 0003 0003 0003 0003 0003 0003 0003 0003 0003 0003 0003 0003 0003 0003 0003 0003 0003 0003 0003 0003 0003 0003 0003 0003 0003 0003 0000 0000 0000 0000 0000 0000 0000 0000 0000 0000 0000 0000 0000 0000 0000 0000 0000 0000 0000 0000 0000 0000 0000 0000 0000 0000 0000 0000
0003 0003 0003 0003 0003 0003 0003 0003 0003 0003 0003 0003 0003 0003 0003 0003 0003 0003 0003 0003 0003 0003 0003 0003 0003 0003 0003 0003 0003 0003 0003 0003 0003 0003 0003 0003 0003 0003 0003 0003 0003 0003 0003 0003 0003 0003 0003 0003 0003 0003 0003 0003 0003 0003 0003 0003 0003 0003 0003 0003 0003 0003 0003 0003 0000 0000 0000 0000 0000 0000 0000 0000 0000 0000 0000 0000 0000 0000 0000 0000 0000 0000 0000 0000 0000 0000 0000 0000 0000 0000 0000 0000
0003 0003 0003 0003 0003 0003 0003 0003 0003 0003 0003 0003 0003 0003 0003 0003 0003 0003 0003 0003 0003 0003 0003 0003 0003 0003 0003 0003 0003 0003 0003 0003 0003 0003 0003 0003 0003 0003 0003 0003 0003 0003 0003 0003 0003 0003 0003 0003 0003 0003 0003 0003 0003 0003 0003 0003 0003 0003 0003 0003 0003 0003 0003 0003 0000 0000 0000 0000 0000 0000 0000 0000 0000 0000 0000 0000 0000 0000 0000 0000 0000 0000 0000 0000 0000 0000 0000 0000 0000 0000 0000 0000
0003 0003 0003 0003 0003 0003 0003 0003 0003 0003 0003 0003 0003 0003 0003 0003 0003 0003 0003 0003 0003 0003 0003 0003 0003 0003 0003 0003 0003 0003 0003 0003 0003 0003 0003 0003 0003 0003 0003 0003 0003 0003 0003 0003 0003 0003 0003 0003 0003 0003 0003 0003 0003 0003 0003 0003 0003 0003 0003 0003 0003 0003 0003 0003 0000 0000 0000 0000 0000 0000 0000 0000 0000 0000 0000 0000 0000 0000 0000 0000 0000 0000 0000 0000 0000 0000 0000 0000 0000 0000 0000 0000
