cell:u8	grid:128x128	fill:0	at:4,9
00 00 00 00 00 00 00 00 00 00 00 00 00 00 00 00 00 00 00 00 00 00 00 00 00 00 00 00 00 00 00 00 00 00 00 00 04 04 04 04 04
00 00 00 00 00 00 00 00 00 00 00 00 00 00 00 00 00 00 00 00 00 00 00 00 00 00 00 00 00 00 04 04 04 04 04 00 04 04 04 04 04
00 00 00 00 00 00 00 00 00 00 00 00 00 00 00 00 00 00 00 00 00 00 00 00 00 00 00 00 00 00 04 04 04 04 04 00 04 04 04 04 04
00 00 00 00 00 00 00 00 00 00 00 00 00 00 00 00 00 00 00 00 00 00 00 00 00 00 00 00 00 00 04 04 04 04 04 00 04 04 04 04 04
00 00 00 00 00 00 00 00 00 00 00 00 00 00 00 00 00 00 00 00 00 00 00 00 00 00 00 00 00 00 04 04 04 04 04 00 00 04 04 04
00 00 00 00 00 00 00 00 00 00 00 00 00 00 00 00 00 00 00 00 00 00 00 00 00 00 00 00 00 00 00 04 04 04 00 00 00 04 04 04
00 00 00 00 00 00 00 00 00 00 00 00 00 00 00 00 00 00 00 00 00 00 00 00 00 00 00 00 00 40 00 04 04 04 00 00 00 04 04 04
00 00 00 00 00 00 00 00 00 00 00 00 00 00 00 00 00 00 00 00 00 00 00 00 00 00 00 00 00 40 00 04 04 04 00 00 00 04 04 04
00 00 00 00 00 00 00 00 00 00 00 00 00 00 00 00 00 00 00 00 00 00 00 00 00 00 00 00 00 00 00 04 04 04 00 00 00 04 04 04
00 00 00 00 00 00 00 00 00 00 00 00 00 00 00 00 00 00 00 00 00 00 00 00 00 00 00 00 00 00 00 04 04 04 00 00 00 04 04 04
00 00 00 00 00 00 00 00 00 00 40 00 00 00 00 00 00 00 00 00 00 00 00 00 00 00 00 00 00 00 00 04 04 04 00 00 00 04 04 04
00 00 00 00 00 00 00 00 00 00 40 00 00 00 00 00 00 00 00 00 00 00 00 00 00 00 00 00 00 00 00 04 04 04 00 00 00 04 04 04
00 00 00 00 00 00 00 00 00 00 00 00 04 04 04 04 04 00 00 00 00 00 00 00 00 00 00 00 00 00 00 04 04 04 00 00 00 04 04 04
00 00 00 00 00 00 00 00 00 00 00 00 04 04 04 04 04 00 00 00 00 00 00 00 00 00 00 00 00 00 00 00 00 00 00 00 00 04 04 04 00 00 00 40
00 00 00 00 00 00 00 00 00 00 00 00 04 04 04 04 04 00 00 00 00 00 00 00 00 00 00 00 00 00 00 00 00 00 00 00 00 00 00 00 00 00 00 40
00 00 00 00 00 00 00 00 00 00 00 00 04 04 04 04 04 00 00 00 00 00 00 00 00 00 00 00 00 00 00 04 04 04 04 04 04 04
00 00 00 00 00 00 00 00 00 00 00 00 00 04 04 04 00 00 00 00 00 00 00 00 00 00 00 00 00 00 00 04 04 04 04 04 04 04
00 00 00 00 00 00 00 00 00 00 00 00 00 04 04 04 00 00 00 00 00 00 00 00 00 00 00 00 00 00 00 04 04 04 04 04 04 04
00 00 00 00 00 00 00 00 00 00 00 00 00 04 04 04 00 00 00 00 00 00 00 00 00 00 00 00 00 00 00 04 04 04 04 04 04 04
00 00 00 00 00 00 00 00 00 00 00 00 00 04 04 04 00 00 00 00 00 00 00 00 00 00 00 00 00 00 00 04 04 04 04 04 04 04
00 00 00 00 00 00 00 00 00 00 00 00 00 04 04 04 00 00 00 00 00 00 00 00 00 00 00 00 00 00 00 04 04 04 04 04 04 04
00 04 04 04 04 04 00 00 00 00 00 00 00 04 04 04 00 00 00 00 00 00 00 00 00 00 00 00 00 00 00 04 04 04 04 04 04 04
00 04 04 04 04 04
00 04 04 04 04 04
00 04 04 04 04 04
00 00 04 04 04
00 00 04 04 04
00 00 04 04 04
00 00 04 04 04 00 00 00 00 00 00 00 00 00 00 00 00 00 00 00 00 00 00 00 00 00 00 00 00 00 00 00 00 00 00 00 00 04 04 04 04 04
00 00 04 04 04 00 00 00 00 00 00 00 00 00 00 00 00 00 00 00 00 00 00 00 00 00 00 00 00 00 00 00 00 00 00 00 00 04 04 04 04 04
00 00 04 04 04 00 00 00 00 00 04 04 04 04 04 04 04 00 00 00 00 00 00 00 00 00 00 00 00 00 00 00 00 00 00 00 00 04 04 04 04 04
00 00 04 04 04 00 00 00 00 00 04 04 04 04 04 04 04 00 00 00 00 00 00 00 00 00 00 00 00 00 00 00 00 00 00 00 00 04 04 04 04 04
00 00 04 04 04 00 00 00 00 00 04 04 04 04 04 04 04 00 00 00 00 00 00 00 00 00 00 00 00 00 00 00 00 00 00 00 00 00 04 04 04
40 00 04 04 04 00 00 00 00 00 04 04 04 04 04 04 04
40 00 04 04 04 00 00 00 00 00 04 04 04 04 04 04 04
00 00 00 00 00 00 00 00 00 00 04 04 04 04 04 04 04
00 00 00 00 00 00 00 00 00 00 04 04 04 04 04 04 04
































00 00 00 00 00 00 00 00 00 00 00 00 00 00 00 00 00 00 00 00 00 00 00 00 00 00 00 00 00 00 00 00 00 00 00 00 00 40 40 40
00 00 00 00 00 00 00 00 00 00 00 00 00 00 00 00 00 00 00 00 00 00 00 00 00 00 00 00 00 00 00 40 40 40 00 00 00 40 40 40
00 00 00 00 00 00 00 00 00 00 00 00 00 00 00 00 00 00 00 00 00 00 00 00 00 00 00 00 00 00 00 40 40 40

00 00 00 00 00 00 00 00 00 00 00 00 00 00 00 00 00 00 00 00 00 00 00 00 00 00 00 00 00 00 00 00 00 00 00 00 00 00 00 00 00 00 00 00 00 00 00 00 00 00 00 00 00 00 00 00 00 00 00 00 00 00 00 00 00 00 00 00 00 00 00 00 00 00 00 00 00 00 04 04 04 04 04 00 04 04 04 04 04
00 00 00 00 00 00 00 00 00 00 00 00 00 00 00 00 00 00 00 00 00 00 00 00 00 00 00 00 00 00 00 00 00 00 00 00 00 00 00 00 00 00 00 00 00 00 00 00 00 00 00 00 00 00 00 00 00 00 00 00 00 00 00 00 00 00 00 00 00 00 00 00 00 00 00 00 00 00 04 04 04 04 04 00 04 04 04 04 04
00 00 00 00 00 00 00 00 00 00 00 00 00 00 00 00 00 00 00 00 00 00 00 00 00 00 00 00 00 00 00 40 40 40 00 00 00 00 00 00 00 00 00 00 00 00 00 00 00 00 00 00 00 00 00 00 00 00 00 00 00 00 00 00 00 00 00 00 00 00 00 00 00 00 00 00 00 00 04 04 04 04 04 00 04 04 04 04 04
00 00 00 00 00 00 00 00 00 00 00 00 00 00 00 00 00 00 00 00 00 00 00 00 00 00 00 00 00 00 00 40 40 40 00 00 00 40 40 40 00 00 00 00 00 00 00 00 00 00 00 00 00 00 00 00 00 00 00 00 00 00 00 00 00 00 00 00 00 00 00 00 00 00 00 00 00 00 04 04 04 04 04 00 04 04 04 04 04
00 00 00 00 00 00 00 00 00 00 00 00 00 00 00 00 00 00 00 00 00 00 00 00 00 00 00 00 00 00 00 00 00 00 00 00 00 40 40 40 00 00 00 00 00 00 00 00 00 00 00 00 00 00 00 00 00 00 00 00 00 00 00 00 00 00 00 00 00 00 00 00 00 00 00 00 00 00 04 04 04 04 04 00 04 04 04 04 04
00 00 00 00 00 00 00 00 00 00 00 00 00 00 00 00 00 00 00 00 00 00 00 00 00 00 00 00 00 00 00 00 00 00 00 00 00 00 00 00 00 00 00 00 00 00 00 00 00 00 00 00 00 00 00 00 00 00 00 00 00 00 00 00 00 00 00 00 00 00 00 00 00 00 00 00 00 00 04 04 04 04 04

00 00 00 00 00 00 00 00 00 00 00 00 00 00 00 00 00 00 00 00 00 00 00 00 00 00 00 00 00 00 00 00 00 00 00 00 00 00 00 00 00 00 00 00 00 00 00 00 00 00 00 00 00 00 00 00 00 00 00 00 00 00 00 00 00 00 00 00 00 00 00 00 00 00 00 00 00 00 04 04 04 04 04 00 04 04 04 04 04
00 00 00 00 00 00 00 00 00 00 00 00 00 40 40 40 00 00 00 00 00 00 00 00 00 00 00 00 00 00 00 00 00 00 00 00 00 00 00 00 00 00 00 00 00 00 00 00 00 00 00 00 00 00 00 00 00 00 00 00 00 00 00 00 00 00 00 00 00 00 00 00 00 00 00 00 00 00 04 04 04 04 04 00 04 04 04 04 04
00 00 00 00 00 00 00 00 00 00 00 00 00 40 40 40 00 00 00 00 00 00 00 00 00 00 00 00 00 00 00 00 00 00 00 00 00 00 00 00 00 00 00 00 00 00 00 00 00 00 00 00 00 00 00 00 00 00 00 00 00 00 00 00 00 00 00 00 00 00 00 00 00 00 00 00 00 00 04 04 04 04 04 00 04 04 04 04 04
00 00 00 00 00 00 00 00 00 00 00 00 00 00 00 00 00 00 00 00 00 00 00 00 00 00 00 00 00 00 00 00 00 00 00 00 00 00 00 00 00 00 00 00 00 00 00 00 00 00 00 00 00 00 00 00 00 00 00 00 00 00 00 00 00 00 00 00 00 00 00 00 00 00 00 00 00 00 04 04 04 04 04 00 04 04 04 04 04
00 00 00 00 00 00 00 00 00 00 00 00 00 40 40 40 00 00 00 00 00 00 00 00 00 00 00 00 00 00 00 00 00 00 00 00 00 00 00 00 00 00 00 00 00 00 00 00 00 00 00 00 00 00 00 00 00 00 00 00 00 00 00 00 00 00 00 00 00 00 00 00 00 00 00 00 00 00 04 04 04 04 04 00 04 04 04 04 04
00 00 00 00 00 00 00 00 00 00 00 00 00 40 40 40 00 00 00 00 00 00 00 00 00 00 00 00 00 00 00 00 00 00 00 00 00 00 00 00 00 00 00 00 00 00 00 00 00 00 00 00 00 00 00 00 00 00 00 00 00 00 00 00 00 00 00 00 00 00 00 00 00 00 00 00 00 00 04 04 04 04 04



00 00 40 40 40
00 00 40 40 40




00 00 00 00 00 00 00 00 00 00 00 00 00 00 00 00 00 00 00 00 00 00 00 00 00 00 00 00 00 00 00 00 00 00 00 00 00 00 40 40 40
00 00 00 00 00 00 00 00 00 00 00 00 00 00 00 00 00 00 00 00 00 00 00 00 00 00 00 00 00 00 00 00 00 00 00 00 00 00 40 40 40
00 00 40 40 40
00 00 40 40 40
