shape:u8	height0:u8	height1:u8	height2:u8
0	0	0	0
3	48	40	0
0	40	0	0
4	48	40	0
3	40	28	0
0	28	0	0
4	40	28	0
0	24	0	0
4	28	24	0
3	40	36	0
0	36	0	0
4	40	36	0
3	24	16	0
0	16	0	0
0	20	0	0
4	28	20	0
0	32	0	0
4	40	32	0
3	28	20	0
0	8	0	0
4	16	8	0
4	20	16	0
4	32	20	0
4	36	32	0
3	36	28	0
0	80	0	0
4	36	28	0
3	28	0	0
4	20	0	0
3	20	12	0
0	12	0	0
4	8	248	0
3	16	4	0
0	4	0	0
4	20	4	0
3	32	20	0
3	28	4	0
4	28	4	0
4	12	0	0
3	8	4	0
3	4	248	0
4	4	248	0
3	20	4	0
4	0	248	0
3	0	248	0
0	248	0	0
3	28	16	0
4	28	16	0
4	20	12	0
4	16	12	0
3	12	8	0
4	12	8	0
3	8	0	0
4	8	0	0
