id	date	name	scope	source	function	metric	allowance	reason
brief-wave2-001	2026-10-01	Codex brief steering honesty	common	games/COMMON/INCLUDE/LIB/CALL.H	Call11	fakematch	1	Move the existing CALL.H compiler-steering explanation inside each forwarding helper so fresh preprocessing attributes its callers; no generated code changed.
brief-wave2-002	2026-10-01	Codex brief steering honesty	common	games/COMMON/INCLUDE/LIB/CALL.H	Call2	fakematch	1	Move the existing CALL.H compiler-steering explanation inside each forwarding helper so fresh preprocessing attributes its callers; no generated code changed.
brief-wave2-003	2026-10-01	Codex brief steering honesty	common	games/COMMON/INCLUDE/LIB/CALL.H	Call3	fakematch	1	Move the existing CALL.H compiler-steering explanation inside each forwarding helper so fresh preprocessing attributes its callers; no generated code changed.
brief-wave2-004	2026-10-01	Codex brief steering honesty	common	games/COMMON/INCLUDE/LIB/CALL.H	Call4	fakematch	1	Move the existing CALL.H compiler-steering explanation inside each forwarding helper so fresh preprocessing attributes its callers; no generated code changed.
brief-wave2-005	2026-10-01	Codex brief steering honesty	common	games/COMMON/INCLUDE/LIB/CALL.H	Call6	fakematch	1	Move the existing CALL.H compiler-steering explanation inside each forwarding helper so fresh preprocessing attributes its callers; no generated code changed.
brief-wave2-006	2026-10-01	Codex brief steering honesty	common	games/COMMON/INCLUDE/LIB/CALL.H	Call7	fakematch	1	Move the existing CALL.H compiler-steering explanation inside each forwarding helper so fresh preprocessing attributes its callers; no generated code changed.
brief-wave2-007	2026-10-01	Codex brief steering honesty	common	games/COMMON/INCLUDE/LIB/CALL.H	Value0	fakematch	1	Move the existing CALL.H compiler-steering explanation inside each forwarding helper so fresh preprocessing attributes its callers; no generated code changed.
brief-wave2-008	2026-10-01	Codex brief steering honesty	common	games/COMMON/INCLUDE/LIB/CALL.H	Value1	fakematch	1	Move the existing CALL.H compiler-steering explanation inside each forwarding helper so fresh preprocessing attributes its callers; no generated code changed.
brief-wave2-009	2026-10-01	Codex brief steering honesty	common	games/COMMON/INCLUDE/LIB/CALL.H	Value2	fakematch	1	Move the existing CALL.H compiler-steering explanation inside each forwarding helper so fresh preprocessing attributes its callers; no generated code changed.
brief-wave2-010	2026-10-01	Codex brief steering honesty	common	games/COMMON/INCLUDE/LIB/CALL.H	Value3	fakematch	1	Move the existing CALL.H compiler-steering explanation inside each forwarding helper so fresh preprocessing attributes its callers; no generated code changed.
brief-wave2-011	2026-10-01	Codex brief steering honesty	common	games/COMMON/INCLUDE/LIB/CALL.H	Value4	fakematch	1	Move the existing CALL.H compiler-steering explanation inside each forwarding helper so fresh preprocessing attributes its callers; no generated code changed.
brief-wave2-012	2026-10-01	Codex brief steering honesty	common	games/COMMON/INCLUDE/LIB/CALL.H	Value6	fakematch	1	Move the existing CALL.H compiler-steering explanation inside each forwarding helper so fresh preprocessing attributes its callers; no generated code changed.
brief-wave2-013	2026-10-01	Codex brief steering honesty	common	games/COMMON/INCLUDE/LIB/CALL.H	Value7	fakematch	1	Move the existing CALL.H compiler-steering explanation inside each forwarding helper so fresh preprocessing attributes its callers; no generated code changed.
brief-wave2-014	2026-10-01	Codex brief steering honesty	tbs	games/THE BROKEN SEAL/INCLUDE/FIELD_EVENT.H	Actor_CenterAndWalk	fakematch	1	Measured Engine_ActorCenterAndWalk direct replacement in EN Scene_RunScene3c3SequenceC: mov r1, #3 => neg r2, r2; retained plain-source attempt compiles and preserves the complete measured function.
brief-wave2-015	2026-10-01	Codex brief steering honesty	tbs	games/THE BROKEN SEAL/INCLUDE/FIELD_EVENT.H	Actor_FaceActor	fakematch	1	Measured Engine_ActorFaceActor direct replacement in JA FieldScene_RunPairedEntranceWalk: push {r5, lr} => push {r5, r6, lr}; retained plain-source attempt compiles and preserves the complete measured function.
brief-wave2-016	2026-10-01	Codex brief steering honesty	tbs	games/THE BROKEN SEAL/INCLUDE/FIELD_EVENT.H	Actor_FaceDirection	fakematch	1	Measured Engine_ActorFaceDirection direct replacement in EN FieldScene_RunMiddleSequence: mov r0, sl => lsl r1, r1, #8; retained plain-source attempt compiles and preserves the complete measured function.
brief-wave2-017	2026-10-01	Codex brief steering honesty	tbs	games/THE BROKEN SEAL/INCLUDE/FIELD_EVENT.H	Actor_Get	fakematch	1	Measured Object_GetById direct replacement in EN HaidiaArashi_RunRiverSearch: add r5, r5, #100 => mov r3, r5; retained plain-source attempt compiles and preserves the complete measured function.
brief-wave2-018	2026-10-01	Codex brief steering honesty	tbs	games/THE BROKEN SEAL/INCLUDE/FIELD_EVENT.H	Actor_MoveToAndWait	fakematch	1	Measured Engine_ActorMoveToAndWait direct replacement in EN RunEventScript01: mov r2, #160 => mov r5, #160; retained plain-source attempt compiles and preserves the complete measured function.
brief-wave2-019	2026-10-01	Codex brief steering honesty	tbs	games/THE BROKEN SEAL/INCLUDE/FIELD_EVENT.H	Actor_SetAttachedEffect	fakematch	1	Measured Engine_ActorSetAttachedEffect direct replacement in EN RunEventScript01: mov r0, #12 => mov r5, #129; retained plain-source attempt compiles and preserves the complete measured function.
brief-wave2-020	2026-10-01	Codex brief steering honesty	tbs	games/THE BROKEN SEAL/INCLUDE/FIELD_EVENT.H	Actor_SetChildValue	fakematch	1	Measured Engine_ActorSetChildValue direct replacement in EN FieldScene_RunScene381_02000e30: mov r0, sl => lsl r1, r1, #1; retained plain-source attempt compiles and preserves the complete measured function.
brief-wave2-021	2026-10-01	Codex brief steering honesty	tbs	games/THE BROKEN SEAL/INCLUDE/FIELD_EVENT.H	Actor_SetDestination	fakematch	1	Measured Engine_ActorSetDestination direct replacement in EN RunEventScript01: mov r0, #0 => mov r5, #160; retained plain-source attempt compiles and preserves the complete measured function.
brief-wave2-022	2026-10-01	Codex brief steering honesty	tbs	games/THE BROKEN SEAL/INCLUDE/FIELD_EVENT.H	Actor_SetDestinationOffset	fakematch	1	Measured Engine_ActorSetDestinationOffset direct replacement in EN Kyuden_RunKolimaRequest: mov r0, #1 => neg r1, r1; retained plain-source attempt compiles and preserves the complete measured function.
brief-wave2-023	2026-10-01	Codex brief steering honesty	tbs	games/THE BROKEN SEAL/INCLUDE/FIELD_EVENT.H	Actor_SetPosition	fakematch	1	Measured Engine_ActorSetPosition direct replacement in EN RunEventScript01: mov r0, #0 => lsl r1, r1, #15; retained plain-source attempt compiles and preserves the complete measured function.
brief-wave2-024	2026-10-01	Codex brief steering honesty	tbs	games/THE BROKEN SEAL/INCLUDE/FIELD_EVENT.H	Actor_SetSpeed	fakematch	2	Measured Engine_ActorSetSpeed direct replacement in EN FieldScene_RunMiddleSequence: ldr r0, .L2+20 => mov r5, #128; retained plain-source attempt compiles and preserves the complete measured function.; Measured ObjectMotion_SetSpeedParameters direct replacement in EN FieldScene_RunScene39f_02000d90: mov r0, r6 => lsl r1, r1, #10; retained plain-source attempt compiles and preserves the complete measured function.
brief-wave2-025	2026-10-01	Codex brief steering honesty	tbs	games/THE BROKEN SEAL/INCLUDE/FIELD_EVENT.H	Actor_ShowEmote	fakematch	1	Measured Engine_ActorShowEmote direct replacement in JA RunEventScript01: mov r0, #9 => mov r5, #129; retained plain-source attempt compiles and preserves the complete measured function.
brief-wave2-026	2026-10-01	Codex brief steering honesty	tbs	games/THE BROKEN SEAL/INCLUDE/FIELD_EVENT.H	Actor_WalkBy	fakematch	1	Measured Engine_ActorWalkBy direct replacement in JA FieldScene_RunScene3aeSequenceB: mov r5, r8 => mov r5, r9; retained plain-source attempt compiles and preserves the complete measured function.
brief-wave2-027	2026-10-01	Codex brief steering honesty	tbs	games/THE BROKEN SEAL/INCLUDE/FIELD_EVENT.H	Actor_WalkByAndWait	fakematch	1	Measured Engine_ActorWalkByAndWait direct replacement in EN FieldScene_RunPrimaryScript: push {lr} => push {r5, lr}; retained plain-source attempt compiles and preserves the complete measured function.
brief-wave2-028	2026-10-01	Codex brief steering honesty	tbs	games/THE BROKEN SEAL/INCLUDE/FIELD_EVENT.H	Actor_WalkTo	fakematch	1	Measured Engine_ActorWalkTo direct replacement in EN RunEventScript01: mov r0, #188 => mov r5, #195; retained plain-source attempt compiles and preserves the complete measured function.
brief-wave2-029	2026-10-01	Codex brief steering honesty	tbs	games/THE BROKEN SEAL/INCLUDE/FIELD_EVENT.H	Actor_WalkToAndWait	fakematch	1	Measured Engine_ActorWalkToAndWait direct replacement in JA RunEventScript01: mov r0, #11 => ldr r1, .L0; retained plain-source attempt compiles and preserves the complete measured function.
brief-wave2-030	2026-10-01	Codex brief steering honesty	tbs	games/THE BROKEN SEAL/INCLUDE/FIELD_EVENT.H	Audio_PlayCue	fakematch	1	Measured Engine_AudioPlayCue direct replacement in EN FieldScene_RunScene371_02002274: ldr r2, .L0+48 => ldr r5, .L0+48; retained plain-source attempt compiles and preserves the complete measured function.
brief-wave2-031	2026-10-01	Codex brief steering honesty	tbs	games/THE BROKEN SEAL/INCLUDE/FIELD_EVENT.H	Camera_MoveTo	fakematch	1	Measured Engine_CameraMoveTo direct replacement in EN RunEventScript01: push {r5, lr} => push {r5, r6, lr}; retained plain-source attempt compiles and preserves the complete measured function.
brief-wave2-032	2026-10-01	Codex brief steering honesty	tbs	games/THE BROKEN SEAL/INCLUDE/FIELD_EVENT.H	Camera_SetSpeed	fakematch	1	Measured Engine_CameraSetSpeed direct replacement in EN RunEventScript01: push {r5, lr} => push {r5, r6, lr}; retained plain-source attempt compiles and preserves the complete measured function.
brief-wave2-033	2026-10-01	Codex brief steering honesty	tbs	games/THE BROKEN SEAL/INCLUDE/FIELD_EVENT.H	ColorBuffer_ApplySource	fakematch	1	Measured Engine_ColorBufferApplySource direct replacement in EN FieldScene_RunFourActorEncounter: mov r0, #3 => mov r7, r8; retained plain-source attempt compiles and preserves the complete measured function.
brief-wave2-034	2026-10-01	Codex brief steering honesty	tbs	games/THE BROKEN SEAL/INCLUDE/FIELD_EVENT.H	ColorBuffer_ApplyTarget	fakematch	1	Measured Engine_ColorBufferApplyTarget direct replacement in DE FieldScene_PrepareStatueTransition: mov r2, #0 => ldr r5, .L0+4; retained plain-source attempt compiles and preserves the complete measured function.
brief-wave2-035	2026-10-01	Codex brief steering honesty	tbs	games/THE BROKEN SEAL/INCLUDE/FIELD_EVENT.H	Event_AskYesNo	fakematch	1	Measured Engine_EventAskYesNo direct replacement in JA FieldScene_RunTwoActorCutsceneSequence: mov r1, #192 => ldr r5, .L0+24; retained plain-source attempt compiles and preserves the complete measured function.
brief-wave2-036	2026-10-01	Codex brief steering honesty	tbs	games/THE BROKEN SEAL/INCLUDE/FIELD_EVENT.H	Event_OpenMessage	fakematch	1	Measured Engine_EventOpenMessage direct replacement in EN FieldScene_RunFourActorEncounter: mov r0, #3 => mov r7, r8; retained plain-source attempt compiles and preserves the complete measured function.
brief-wave2-037	2026-10-01	Codex brief steering honesty	tbs	games/THE BROKEN SEAL/INCLUDE/FIELD_EVENT.H	Event_ShowMessage	fakematch	1	Measured Engine_EventShowMessage direct replacement in EN FieldScene_RunFourActorEncounter: mov r0, #3 => mov r7, r8; retained plain-source attempt compiles and preserves the complete measured function.
brief-wave2-038	2026-10-01	Codex brief steering honesty	tbs	games/THE BROKEN SEAL/INCLUDE/FIELD_EVENT.H	Event_ShowMessageAndWait	fakematch	1	Measured Engine_EventShowMessageAndWait direct replacement in EN FieldScene_RunActorTransferSequence: mov r0, #20 => ldr r5, .L0+92; retained plain-source attempt compiles and preserves the complete measured function.
brief-wave2-039	2026-10-01	Codex brief steering honesty	tbs	games/THE BROKEN SEAL/INCLUDE/FIELD_EVENT.H	Event_ShowTwoMessagesAndWait	fakematch	1	Measured Engine_EventShowTwoMessagesAndWait direct replacement in EN HouseScene_RunRepairMorning: mov r3, #14 => mov r3, #2; retained plain-source attempt compiles and preserves the complete measured function.
brief-wave2-040	2026-10-01	Codex brief steering honesty	tbs	games/THE BROKEN SEAL/INCLUDE/FIELD_EVENT.H	GameFlag_Clear	fakematch	1	Measured Engine_GameFlagClear direct replacement in EN FieldScene_RunScene371_02001c08: push {lr} => push {r5, r6, lr}; retained plain-source attempt compiles and preserves the complete measured function.
brief-wave2-041	2026-10-01	Codex brief steering honesty	tbs	games/THE BROKEN SEAL/INCLUDE/FIELD_EVENT.H	GameFlag_IsSet	fakematch	1	Measured Engine_GameFlagIsSet direct replacement in EN FieldScene_RunScene398SequenceB: ldr r0, .L1+4 => ldr r6, .L1+4; retained plain-source attempt compiles and preserves the complete measured function.
brief-wave2-042	2026-10-01	Codex brief steering honesty	tbs	games/THE BROKEN SEAL/INCLUDE/FIELD_EVENT.H	GameFlag_Set	fakematch	1	Measured Engine_GameFlagSet direct replacement in EN HaidiaArashi_FlashLightning: push {lr} => push {r5, lr}; retained plain-source attempt compiles and preserves the complete measured function.
brief-wave2-043	2026-10-01	Codex brief steering honesty	tbs	games/THE BROKEN SEAL/INCLUDE/FIELD_EVENT.H	MapObject_SetPosition	fakematch	1	Measured Engine_MapObjectSetPosition direct replacement in EN FieldScene_RunScene3c0SequenceA: mov r1, #1 => mov r2, #1; retained plain-source attempt compiles and preserves the complete measured function.
brief-wave2-044	2026-10-01	Codex brief steering honesty	tbs	games/THE BROKEN SEAL/INCLUDE/FIELD_EVENT.H	MapRender_SetValues	fakematch	1	Measured Engine_MapRenderSetValues direct replacement in JA FieldScene_RunComplexActorSequence: mov r0, #17 => ldr r3, [r3]; retained plain-source attempt compiles and preserves the complete measured function.
brief-wave2-045	2026-10-01	Codex brief steering honesty	tbs	games/THE BROKEN SEAL/INCLUDE/FIELD_EVENT.H	Map_AnimateCells	fakematch	1	Measured Engine_MapAnimateCells direct replacement in EN Door_Enter: sub r5, r5, #4 => ldr r2, .L0+4; retained plain-source attempt compiles and preserves the complete measured function.
brief-wave2-046	2026-10-01	Codex brief steering honesty	tbs	games/THE BROKEN SEAL/INCLUDE/FIELD_EVENT.H	Map_CopyCellAttributes	fakematch	2	Measured Engine_MapCopyCellAttributes direct replacement in JA FieldScene_RunScene398SequenceA: mov r2, #14 => str r3, [sp]; retained plain-source attempt compiles and preserves the complete measured function.; Measured Map_CopyCellAttributeRect direct replacement in EN MogoruMori_RunProbedLandingScene: mov r2, #68 => asr r3, r3, #20; retained plain-source attempt compiles and preserves the complete measured function.
brief-wave2-047	2026-10-01	Codex brief steering honesty	tbs	games/THE BROKEN SEAL/INCLUDE/FIELD_EVENT.H	Map_CopyCells	fakematch	1	Measured Engine_MapCopyCells direct replacement in EN Gate_DrawPropped: mov r2, #62 => str r3, [sp]; retained plain-source attempt compiles and preserves the complete measured function.
brief-wave2-048	2026-10-01	Codex brief steering honesty	tbs	games/THE BROKEN SEAL/INCLUDE/FIELD_EVENT.H	Map_CopyCellsTo	fakematch	1	Measured Engine_MapCopyCellsTo direct replacement in JA UpdateStatueLight1: mov r2, #5 => str r3, [sp]; retained plain-source attempt compiles and preserves the complete measured function.
brief-wave2-049	2026-10-01	Codex brief steering honesty	tbs	games/THE BROKEN SEAL/INCLUDE/FIELD_EVENT.H	Object_Create	fakematch	1	Measured Engine_ObjectCreate direct replacement in DE VinasuChojo_RunTransitionStep: mov r6, r0 => mov sl, r0; retained plain-source attempt compiles and preserves the complete measured function.
brief-wave2-050	2026-10-01	Codex brief steering honesty	tbs	games/THE BROKEN SEAL/INCLUDE/FIELD_EVENT.H	Object_SetScript	fakematch	1	Measured Engine_ObjectSetScript direct replacement in EN Effect_Spawn: sub sp, sp, #8 => sub sp, sp, #4; retained plain-source attempt compiles and preserves the complete measured function.
brief-wave2-051	2026-10-01	Codex brief steering honesty	tbs	games/THE BROKEN SEAL/INCLUDE/FIELD_EVENT.H	Random_Next	fakematch	1	Measured Engine_RandomNext direct replacement in EN FieldScene_RunScene3a8SequenceA: mov r2, r0 => ldr r3, .L0; retained plain-source attempt compiles and preserves the complete measured function.
brief-wave2-052	2026-10-01	Codex brief steering honesty	tbs	games/THE BROKEN SEAL/INCLUDE/FIELD_EVENT.H	Work_SetValuesIfNonNegative	fakematch	1	Measured Engine_WorkSetValuesIfNonNegative direct replacement in JA RunEventScript01: push {r5, lr} => push {r5, r6, r7, lr}; retained plain-source attempt compiles and preserves the complete measured function.
brief-wave2-053	2026-10-01	Codex brief steering honesty	tbs	games/THE BROKEN SEAL/SRC/BATTLE/EFFECT/CLEANUP_RESOURCES_AND_WINDOW.C	macro:QUEUE_IO_WRITE_DELAY2	fakematch	1	QUEUE_IO_WRITE_DELAY2: mov r4, r3 => strh r1, [r1] (552/552 assembly lines)
brief-wave2-054	2026-10-01	Codex brief steering honesty	tbs	games/THE BROKEN SEAL/SRC/BATTLE/EFFECT/EFFECT13.C	BattleFx_RunItemBreakSequence	fakematch	1	TAG do-once: first changed instruction: sub sp, sp, #12 => ldr r5, [r3, #16]; 31/31 assembly lines
brief-wave2-055	2026-10-01	Codex brief steering honesty	tbs	games/THE BROKEN SEAL/SRC/BATTLE/EFFECT/EFFECT18.C	CopyPalette	fakematch	1	Measured direct replacement: a direct call shifts the palette destination before loading the routine.
brief-wave2-056	2026-10-01	Codex brief steering honesty	tbs	games/THE BROKEN SEAL/SRC/BATTLE/EFFECT/EFFECT23.C	FillWords	fakematch	1	Measured direct replacement: a direct call changes BattlePres_ProcessPendingTileTransfer from mov r0, r4 to lsl r1, r1, #8 (86/86 assembly lines).
brief-wave2-057	2026-10-01	Codex brief steering honesty	tbs	games/THE BROKEN SEAL/SRC/BATTLE/EFFECT/EFFECT3.C	BattlePres_SetActorModes	fakematch	1	TAG do-once: first changed instruction: strh r2, [r3] => mov r5, sp; 125/125 assembly lines
brief-wave2-058	2026-10-01	Codex brief steering honesty	tbs	games/THE BROKEN SEAL/SRC/BATTLE/EFFECT/EFFECT44.C	CopyWords	fakematch	1	Measured direct replacement: a direct call changes BattlePresentation_ProcessPendingGraphicsTransfer from push {r5, r6, lr} to push {r5, r6, r7, lr} (122/122 assembly lines).
brief-wave2-059	2026-10-01	Codex brief steering honesty	tbs	games/THE BROKEN SEAL/SRC/BATTLE/EFFECT/EFFECT44.C	FillWords	fakematch	1	Measured direct replacement: a direct call changes BattlePresentation_ProcessPendingGraphicsTransfer from mov r0, r5 to lsl r1, r1, #7 (122/122 assembly lines).
brief-wave2-060	2026-10-01	Codex brief steering honesty	tbs	games/THE BROKEN SEAL/SRC/BATTLE/EFFECT/EFFECT45.C	ClearWords	fakematch	1	Measured direct replacement: direct calls share the size in r5 and move the routine to r6, changing the canvas tails.
brief-wave2-061	2026-10-01	Codex brief steering honesty	tbs	games/THE BROKEN SEAL/SRC/BATTLE/EFFECT/EFFECT45.C	macro:QUEUE_DISPLAY_CONTROL	fakematch	6	QUEUE_DISPLAY_CONTROL: mov r1, r3 => strh r5, [r5] (340/340 assembly lines); QUEUE_DISPLAY_CONTROL: str r2, [r3] => b .Local2 (340/340 assembly lines); Measured ClearWords replacement: direct calls share the size in r5 and move the routine to r6, changing the canvas tails.; QUEUE_DISPLAY_CONTROL: mov r4, r3 => strh r0, [r0] (157/157 assembly lines); QUEUE_DISPLAY_CONTROL: strh r4, [r0] => ldr r2, .Local4+8 (157/157 assembly lines); QUEUE_DISPLAY_CONTROL: mov r1, r3 => strh r5, [r5] (326/326 assembly lines); QUEUE_DISPLAY_CONTROL: str r2, [r3] => b .Local2 (326/326 assembly lines)
brief-wave2-062	2026-10-01	Codex brief steering honesty	tbs	games/THE BROKEN SEAL/SRC/BATTLE/EFFECT/EFFECT6.C	CopyWords	fakematch	1	Measured direct replacement: a direct call loads the destination and source before the routine, changing pool order.
brief-wave2-063	2026-10-01	Codex brief steering honesty	tbs	games/THE BROKEN SEAL/SRC/BATTLE/EFFECT/HEAVY_IMPACT_FINISH.C	BattleFx_FinishHeavyImpact	fakematch	3	TAG do-once: first changed instruction: mov r0, r5 => mov r1, #7; 131/131 assembly lines; TAG do-once: first changed instruction: mov r0, r6 => mov r1, #1; 131/131 assembly lines
brief-wave2-064	2026-10-01	Codex brief steering honesty	tbs	games/THE BROKEN SEAL/SRC/BATTLE/EFFECT/SETUP_CANVAS_TILE_MAP.C	ClearWords	fakematch	1	Measured direct replacement: direct calls share the 0x4000 size in r5 and move the clear routine to r6.
brief-wave2-065	2026-10-01	Codex brief steering honesty	tbs	games/THE BROKEN SEAL/SRC/BATTLE/EFFECT/SETUP_CANVAS_TILE_MAP.C	FillWords	fakematch	1	Measured direct replacement: a direct call loads the destination before the routine and reverses their pool words.
brief-wave2-066	2026-10-01	Codex brief steering honesty	tbs	games/THE BROKEN SEAL/SRC/BATTLE/EFFECT/STEP_PALETTE_TO_RESOURCE.C	CopyWords	fakematch	1	Measured direct replacement: a direct call changes BattleFx_StepPaletteToResource from mov r6, r8 to mov r6, r9 (111/114 assembly lines).
brief-wave2-067	2026-10-01	Codex brief steering honesty	tbs	games/THE BROKEN SEAL/SRC/BATTLE/PRESENTATION/PRESENT.C	FillWords	fakematch	1	Measured direct replacement: a direct call changes BattlePresentation_BuildTilemap from push {r5, r6, lr} to push {r5, r6, r7, lr} (45/44 assembly lines).
brief-wave2-068	2026-10-01	Codex brief steering honesty	tbs	games/THE BROKEN SEAL/SRC/BATTLE/PRESENTATION/PRESENT11.C	DivQ16	fakematch	1	Measured direct replacement: a direct call finishes the value shift before the divisor load; the reference loads the divisor first.
brief-wave2-069	2026-10-01	Codex brief steering honesty	tbs	games/THE BROKEN SEAL/SRC/BATTLE/PRESENTATION/PRESENT5.C	CopyWords	fakematch	1	Measured direct replacement: a direct call changes BattleQueue_SortByPriority from mov r7, r1 to sub sp, sp, #20 (123/126 assembly lines).
brief-wave2-070	2026-10-01	Codex brief steering honesty	tbs	games/THE BROKEN SEAL/SRC/BATTLE/PRESENTATION/PRESENT7.C	BattlePres_ConfigureEffectDisplay	fakematch	1	TAG do-once: first changed instruction: ldr r1, .Local0+36 => strh r3, [r2]; 74/74 assembly lines
brief-wave2-071	2026-10-01	Codex brief steering honesty	tbs	games/THE BROKEN SEAL/SRC/BATTLE/PRESENTATION/PRESENT9.C	BattlePresentation_ConfigurePaletteFade	fakematch	1	TAG do-once: first changed instruction: mov r4, r3 => strh r0, [r0]; 151/151 assembly lines
brief-wave2-072	2026-10-01	Codex brief steering honesty	tbs	games/THE BROKEN SEAL/SRC/BATTLE/PRESENTATION/PRESENT9.C	BattlePresentation_SetPaletteLevel	fakematch	2	TAG do-once: first changed instruction: str r2, [r6] => strh r3, [r3]; 57/57 assembly lines; TAG do-once: first changed instruction: mov r4, r1 => add r5, r0, r3; 57/57 assembly lines
brief-wave2-073	2026-10-01	Codex brief steering honesty	tbs	games/THE BROKEN SEAL/SRC/FIELD/ARUTAMIRA_DOU/DOU2.C	Actor_StepOutFromLeader	fakematch	1	Measured direct replacement: a direct call changes FieldScene_RunExtendedActorPresentation from bl Engine_ActorFaceDirection to mov r5, #192 (2402/2397 assembly lines).
brief-wave2-074	2026-10-01	Codex brief steering honesty	tbs	games/THE BROKEN SEAL/SRC/FIELD/BABI_CHIKA/CHIKA.C	Effect_AdvanceMotion	fakematch	1	TAG do-once: first changed instruction: str r3, [r6, #12] => ldr r7, [r6, #76]; 47/47 assembly lines
brief-wave2-075	2026-10-01	Codex brief steering honesty	tbs	games/THE BROKEN SEAL/SRC/FIELD/BABI_FUNE/FUNE.C	PlayWorkspaceCueAndClearPaletteZero	fakematch	1	TAG do-once: first changed instruction: mov r2, #0 => mov r3, #160; 21/21 assembly lines
brief-wave2-076	2026-10-01	Codex brief steering honesty	tbs	games/THE BROKEN SEAL/SRC/FIELD/BABI_IRIGUCHI/IRIGUCHI.C	Effect_AdvanceMotion	fakematch	1	TAG do-once: first changed instruction: str r3, [r6, #12] => ldr r7, [r6, #76]; 47/47 assembly lines
brief-wave2-077	2026-10-01	Codex brief steering honesty	tbs	games/THE BROKEN SEAL/SRC/FIELD/BABI_IRIGUCHI/IRIGUCHI.H	Iriguchi_CopyCellAttributes	fakematch	1	measured direct-call replacement changes caller output
brief-wave2-078	2026-10-01	Codex brief steering honesty	tbs	games/THE BROKEN SEAL/SRC/FIELD/BABI_IRIGUCHI/IRIGUCHI.H	Iriguchi_SetSpeed	fakematch	1	measured direct-call replacement changes caller output
brief-wave2-079	2026-10-01	Codex brief steering honesty	tbs	games/THE BROKEN SEAL/SRC/FIELD/COMMON/KOROSSEO/KOROSSEO.C	macro:QueueRegister	fakematch	1	QueueRegister: ldr r0, .Local26+24 => ldr r1, .Local26+24 (624/624 assembly lines)
brief-wave2-080	2026-10-01	Codex brief steering honesty	tbs	games/THE BROKEN SEAL/SRC/FIELD/COMMON/KOROSSEO/KOROSSEO2.C	macro:QUEUE_IO_WRITE	fakematch	2	QUEUE_IO_WRITE: mov r1, r3 => strh r6, [r6] (226/226 assembly lines); QUEUE_IO_WRITE: strh r1, [r6] => mov r0, r9 (226/226 assembly lines)
brief-wave2-081	2026-10-01	Codex brief steering honesty	tbs	games/THE BROKEN SEAL/SRC/FIELD/COMMON/MAKYURI/MAKYURI.C	CheckMove	fakematch	1	Measured direct replacement: a direct call changes Makyuri_RunActorMove from add r1, sp, #16 to mov r1, fp (403/403 assembly lines).
brief-wave2-082	2026-10-01	Codex brief steering honesty	tbs	games/THE BROKEN SEAL/SRC/FIELD/COMMON/MAP/MAP5.C	Transform	fakematch	1	Measured direct replacement: a direct call holds the output vector in r9 instead of rematerializing sp+16.
brief-wave2-083	2026-10-01	Codex brief steering honesty	tbs	games/THE BROKEN SEAL/SRC/FIELD/COMMON/MAP/MAP7.C	Map_ShowWorldMap	fakematch	3	TAG do-once: first changed instruction: mov r2, #64 => mov r3, #128; 217/217 assembly lines; TAG do-once: first changed instruction: ldr r1, .Local0+56 => ldr r0, .Local0+56; 217/217 assembly lines; TAG do-once: first changed instruction: ldr r1, [sp] => mov r2, r8; 217/217 assembly lines
brief-wave2-084	2026-10-01	Codex brief steering honesty	tbs	games/THE BROKEN SEAL/SRC/FIELD/COMMON/OBJECT/STAGED_ACTOR.C	ConfigureStagedActorMotion	fakematch	1	Measured direct replacement: a direct call loads rate and step before actor 0; this boundary sets r0 before those literals.
brief-wave2-085	2026-10-01	Codex brief steering honesty	tbs	games/THE BROKEN SEAL/SRC/FIELD/COMMON/OBJECT/STAGED_ACTOR.C	SceneActor_MoveAndRedraw	fakematch	1	Measured ConfigureStagedActorMotion replacement: a direct call loads rate and step before actor 0; this boundary sets r0 before those literals.; Measured camera-pointer replacement: declaring gCam as a pointer reorders the probe spills against its load; retain the integer alias set.
brief-wave2-086	2026-10-01	Codex brief steering honesty	tbs	games/THE BROKEN SEAL/SRC/FIELD/GOMA_HASHIRA/HASHIRA2.C	Map_CopyCellAttributes	fakematch	1	measured direct-call replacement changes caller output
brief-wave2-087	2026-10-01	Codex brief steering honesty	tbs	games/THE BROKEN SEAL/SRC/FIELD/GOMA_HASHIRA/HASHIRA2.C	Work_SetValuesIfNonNegative	fakematch	1	measured direct-call replacement changes caller output
brief-wave2-088	2026-10-01	Codex brief steering honesty	tbs	games/THE BROKEN SEAL/SRC/FIELD/GOMA_HASHIRA/SEQUENCE.C	Goma_CopyCellAttributes	fakematch	1	Measured direct replacement: a direct call changes FieldScene_SetupPillarsOnEntry from mov r2, #6 to str r3, [sp] (183/185 assembly lines).
brief-wave2-089	2026-10-01	Codex brief steering honesty	tbs	games/THE BROKEN SEAL/SRC/FIELD/GOMA_HASHIRA/SEQUENCE.C	Goma_SetSpeed	fakematch	1	Measured direct replacement: a direct call changes FieldScene_RunActor13Departure from mov r0, #13 to lsl r2, r2, #9 (82/82 assembly lines).
brief-wave2-090	2026-10-01	Codex brief steering honesty	tbs	games/THE BROKEN SEAL/SRC/FIELD/HAIDIA_DOU/HAIDIA.H	Actor_SetMotionSpeed	fakematch	1	Measured direct replacement: a direct call changes FieldScene_RunScene3a6_020014ac from sub sp, sp, #8 to ldr r6, .L0 (117/118 assembly lines).
brief-wave2-091	2026-10-01	Codex brief steering honesty	tbs	games/THE BROKEN SEAL/SRC/FIELD/IMIRU_MURA/IMIRU.H	AdvanceProbe_02001fa4	fakematch	1	Measured direct replacement: a direct call reuses r5 after the shift; this boundary rebuilds sp+8 before completing 0x100000.
brief-wave2-092	2026-10-01	Codex brief steering honesty	tbs	games/THE BROKEN SEAL/SRC/FIELD/KORIMA_HASHI/BRANCHING_FORMATION.C	Actor_OffsetDestination	fakematch	1	Measured direct replacement: a direct call changes FieldScene_RunBranchingFormationPresentation from mov r0, #3 to neg r1, r1 (2674/2674 assembly lines).
brief-wave2-093	2026-10-01	Codex brief steering honesty	tbs	games/THE BROKEN SEAL/SRC/FIELD/KORIMA_HASHI/BRANCHING_FORMATION.C	Actor_SetMotionSpeed	fakematch	1	Measured direct replacement: a direct call changes FieldScene_RunBranchingFormationPresentation from ldr r6, .L0 to ldr r7, .L0 (2674/2678 assembly lines).
brief-wave2-094	2026-10-01	Codex brief steering honesty	tbs	games/THE BROKEN SEAL/SRC/FIELD/KORIMA_HASHI/BRANCHING_FORMATION.C	DrawPlacement	fakematch	1	Measured direct replacement: a direct call changes FieldScene_RunTile10x20Transition from mov r2, #17 to mov r3, #19 (79/79 assembly lines).
brief-wave2-095	2026-10-01	Codex brief steering honesty	tbs	games/THE BROKEN SEAL/SRC/FIELD/KORIMA_KAWA/STAGED_PALETTE.C	DrawPlacement	fakematch	1	Measured direct replacement: a direct call builds both stacked literals in r3; the reference builds palette 16 in r2 first.
brief-wave2-096	2026-10-01	Codex brief steering honesty	tbs	games/THE BROKEN SEAL/SRC/FIELD/KORIMA_KAWA/STAGED_PALETTE.C	DrawSceneBeat	fakematch	1	Measured direct replacement: a direct call builds both stacked literals in r3; the reference builds palette 16 in r2 first.
brief-wave2-097	2026-10-01	Codex brief steering honesty	tbs	games/THE BROKEN SEAL/SRC/FIELD/KORIMA_KAWA/STAGED_PALETTE.C	FieldScene_RunActorTenPlacementScene	fakematch	1	Measured DrawPlacement replacement: a direct call builds both stacked literals in r3; the reference builds palette 16 in r2 first.; Measured placement-zero replacement: replacing the live zero below with 0 changes r5 allocation and the outgoing stack store order.
brief-wave2-098	2026-10-01	Codex brief steering honesty	tbs	games/THE BROKEN SEAL/SRC/FIELD/KORIMA_KAWA/STAGED_PALETTE.C	SceneEffect_AdjustPaletteColors	fakematch	1	Measured palette-counter replacement: using x directly removes the r3 result copy and changes the loop's compare register.
brief-wave2-099	2026-10-01	Codex brief steering honesty	tbs	games/THE BROKEN SEAL/SRC/FIELD/RUNPA_JO/JO.H	Actor_FaceDirection	fakematch	1	measured direct-call replacement changes caller output
brief-wave2-100	2026-10-01	Codex brief steering honesty	tbs	games/THE BROKEN SEAL/SRC/FIELD/RUNPA_JO/JO.H	Actor_SetAttachedEffect	fakematch	1	measured direct-call replacement changes caller output
brief-wave2-101	2026-10-01	Codex brief steering honesty	tbs	games/THE BROKEN SEAL/SRC/FIELD/RUNPA_JO/JO.H	Actor_SetDestination	fakematch	1	measured direct-call replacement changes caller output
brief-wave2-102	2026-10-01	Codex brief steering honesty	tbs	games/THE BROKEN SEAL/SRC/FIELD/RUNPA_JO/JO.H	Actor_SetDestinationOffset	fakematch	1	measured direct-call replacement changes caller output
brief-wave2-103	2026-10-01	Codex brief steering honesty	tbs	games/THE BROKEN SEAL/SRC/FIELD/RUNPA_JO/JO.H	Actor_SetPosition	fakematch	1	measured direct-call replacement changes caller output
brief-wave2-104	2026-10-01	Codex brief steering honesty	tbs	games/THE BROKEN SEAL/SRC/FIELD/RUNPA_JO/JO.H	Actor_SetSpeed	fakematch	1	measured direct-call replacement changes caller output
brief-wave2-105	2026-10-01	Codex brief steering honesty	tbs	games/THE BROKEN SEAL/SRC/FIELD/RUNPA_JO/JO.H	Actor_ShowEmote	fakematch	1	measured direct-call replacement changes caller output
brief-wave2-106	2026-10-01	Codex brief steering honesty	tbs	games/THE BROKEN SEAL/SRC/FIELD/RUNPA_JO/JO.H	Actor_WalkTo	fakematch	1	measured direct-call replacement changes caller output
brief-wave2-107	2026-10-01	Codex brief steering honesty	tbs	games/THE BROKEN SEAL/SRC/FIELD/RUNPA_JO/JO.H	Actor_WalkToAndWait	fakematch	1	measured direct-call replacement changes caller output
brief-wave2-108	2026-10-01	Codex brief steering honesty	tbs	games/THE BROKEN SEAL/SRC/FIELD/RUNPA_JO/JO.H	Camera_MoveTo	fakematch	1	measured direct-call replacement changes caller output
brief-wave2-109	2026-10-01	Codex brief steering honesty	tbs	games/THE BROKEN SEAL/SRC/FIELD/RUNPA_JO/JO.H	Camera_SetSpeed	fakematch	1	measured direct-call replacement changes caller output
brief-wave2-110	2026-10-01	Codex brief steering honesty	tbs	games/THE BROKEN SEAL/SRC/FIELD/RUNPA_JO/JO.H	GameFlag_IsSet	fakematch	1	measured direct-call replacement changes caller output
brief-wave2-111	2026-10-01	Codex brief steering honesty	tbs	games/THE BROKEN SEAL/SRC/FIELD/RUNPA_JO/JO.H	GameFlag_Set	fakematch	1	measured direct-call replacement changes caller output
brief-wave2-112	2026-10-01	Codex brief steering honesty	tbs	games/THE BROKEN SEAL/SRC/FIELD/RUNPA_JO/JO.H	Map_CopyCells	fakematch	1	measured direct-call replacement changes caller output
brief-wave2-113	2026-10-01	Codex brief steering honesty	tbs	games/THE BROKEN SEAL/SRC/FIELD/RUNPA_JO/JO.H	Work_SetValuesIfNonNegative	fakematch	1	measured direct-call replacement changes caller output
brief-wave2-114	2026-10-01	Codex brief steering honesty	tbs	games/THE BROKEN SEAL/SRC/FIELD/RUNPA_JO/RUNPA_JO.C	PlayStoryScene	fakematch	2	TAG do-once: first changed instruction: strb r2, [r3] => ldr r0, .Local10+28; 851/851 assembly lines; TAG do-once: first changed instruction: strb r2, [r3] => ldr r0, .Local0+32; 851/851 assembly lines; GameFlag_IsSet: push {r5, lr} => push {r5, r6, lr} (851/851 assembly lines); Camera_SetSpeed: push {r5, lr} => push {r5, r6, lr} (851/850 assembly lines); Actor_WalkToAndWait: push {r5, lr} => push {r5, r6, lr} (851/849 assembly lines); Actor_WalkTo: push {r5, lr} => push {r5, r6, lr} (851/850 assembly lines); Actor_ShowEmote: push {r5, lr} => push {r5, r6, lr} (851/844 assembly lines); Actor_SetSpeed: push {r5, lr} => push {r5, r6, r7, lr} (851/845 assembly lines); Actor_SetPosition: mov r0, #13 => lsl r1, r1, #17 (851/851 assembly lines); Actor_SetDestinationOffset: mov r0, #13 => neg r2, r2 (851/851 assembly lines); Actor_FaceDirection: push {r5, lr} => push {r5, r6, lr} (851/846 assembly lines)
brief-wave2-115	2026-10-01	Codex brief steering honesty	tbs	games/THE BROKEN SEAL/SRC/FIELD/SORU_SEKIZO/STATUE_HALL.H	ConfigureScene	fakematch	1	Measured direct replacement: a direct call changes ConfigureSceneAndCheckActors from mov r0, #2 to lsl r1, r1, #16 (22/22 assembly lines).
brief-wave2-116	2026-10-01	Codex brief steering honesty	tbs	games/THE BROKEN SEAL/SRC/FIELD/SORU_SEKIZO/STATUE_HALL.H	ConfigureScene_02003a30	fakematch	1	Measured direct replacement: a direct call changes ConfigureAlternateSceneAndCheckActors from mov r0, #2 to lsl r1, r1, #17 (22/22 assembly lines).
brief-wave2-117	2026-10-01	Codex brief steering honesty	tbs	games/THE BROKEN SEAL/SRC/FIELD/SUHARA_SABAKU/SABAKU.C	macro:QUEUE_IO_WRITE	fakematch	2	QUEUE_IO_WRITE: mov r1, r3 => strh r5, [r5] (163/163 assembly lines); QUEUE_IO_WRITE: strh r1, [r5] => mov r0, #208 (163/163 assembly lines); QUEUE_IO_WRITE: mov r1, r3 => strh r5, [r5] (150/150 assembly lines); QUEUE_IO_WRITE: strh r1, [r5] => mov r0, #208 (150/150 assembly lines)
brief-wave2-118	2026-10-01	Codex brief steering honesty	tbs	games/THE BROKEN SEAL/SRC/FIELD/TAKARA_SHIMA/SHIMA.C	AdvanceEffectMotion	fakematch	1	TAG do-once: first changed instruction: str r3, [r6, #12] => ldr r7, [r6, #76]; 47/47 assembly lines
brief-wave2-119	2026-10-01	Codex brief steering honesty	tbs	games/THE BROKEN SEAL/SRC/FIELD/TOREBI_MACHI/MACHI.H	PlaceActor	fakematch	1	Measured direct replacement: a direct call changes ConfigureAndPlaceActorOneHundredTwo from mov r0, #102 to lsl r1, r1, #14 (24/24 assembly lines).
brief-wave2-120	2026-10-01	Codex brief steering honesty	tbs	games/THE BROKEN SEAL/SRC/FIELD/TOREBI_MACHI/MACHI.H	PlaceActor_02001104	fakematch	1	Measured direct replacement: a direct call changes HideActorOneHundredTwo from mov r1, #1 to mov r2, #1 (24/23 assembly lines).
brief-wave2-121	2026-10-01	Codex brief steering honesty	tbs	games/THE BROKEN SEAL/SRC/FIELD/TORETO_HEYA/HEYA2.C	ToretoHeya_AdvanceEffectMotion	fakematch	1	TAG do-once: first changed instruction: str r3, [r6, #12] => ldr r7, [r6, #76]; 47/47 assembly lines
brief-wave2-122	2026-10-01	Codex brief steering honesty	tbs	games/THE BROKEN SEAL/SRC/FIELD/VINASU_HEYA/HEYA.C	Effect_AdvanceMotion	fakematch	1	TAG do-once: first changed instruction: str r3, [r6, #12] => ldr r7, [r6, #76]; 47/47 assembly lines
brief-wave2-123	2026-10-01	Codex brief steering honesty	tbs	games/THE BROKEN SEAL/SRC/FIELD/WORLD_MAP/MAP3.C	macro:QueueTransfer	fakematch	2	QueueTransfer: ldr r0, .Local0+44 => mov r1, #200 (622/622 assembly lines); QueueTransfer: mov r0, r3 => strh r5, [r5] (622/622 assembly lines)
brief-wave2-124	2026-10-01	Codex brief steering honesty	tbs	games/THE BROKEN SEAL/SRC/GAME/PARTY/PARTY2.C	Owner_RefreshActiveRatios	fakematch	1	TAG do-once: first changed instruction: strh r3, [r5, #58] => lsl r1, r1, #16; 98/98 assembly lines
brief-wave2-125	2026-10-01	Codex brief steering honesty	tbs	games/THE BROKEN SEAL/SRC/GAME/PARTY/PARTY2.C	Owner_RefreshRatiosOnFlag	fakematch	1	TAG do-once: first changed instruction: strh r3, [r5, #58] => mov r2, #56; 117/117 assembly lines
brief-wave2-126	2026-10-01	Codex brief steering honesty	tbs	games/THE BROKEN SEAL/SRC/GAME/PARTY/PARTY2.C	Party_ApplyStatePreset	fakematch	1	TAG do-once: first changed instruction: strh r3, [r5, #58] => lsl r1, r1, #16; 140/140 assembly lines
brief-wave2-127	2026-10-01	Codex brief steering honesty	tbs	games/THE BROKEN SEAL/SRC/GRAPHICS/DISPLAY/FADE_ALPHA_OUT.C	Graphics_FadeAlphaOut	fakematch	1	TAG do-once: first changed instruction: mov r0, #1 => add r5, r5, #2; 29/29 assembly lines
brief-wave2-128	2026-10-01	Codex brief steering honesty	tbs	games/THE BROKEN SEAL/SRC/GRAPHICS/PALETTE/PALETTE2.C	macro:QUEUE_PALETTE	fakematch	1	QUEUE_PALETTE: mov r1, #160 => ldr r4, .Local11 (186/186 assembly lines)
brief-wave2-129	2026-10-01	Codex brief steering honesty	tbs	games/THE BROKEN SEAL/SRC/GRAPHICS/PALETTE/PALETTE5.C	macro:QUEUE_WRITE	fakematch	1	QUEUE_WRITE: lsl r3, r3, #7 => ldr r4, .Local12 (196/196 assembly lines)
brief-wave2-130	2026-10-01	Codex brief steering honesty	tbs	games/THE BROKEN SEAL/SRC/GRAPHICS/PALETTE/UPDATE_PHASE.C	CopyPalette	fakematch	1	Measured direct replacement: a direct call adds an r9 save and changes allocation throughout the palette loop.
brief-wave2-131	2026-10-01	Codex brief steering honesty	tbs	games/THE BROKEN SEAL/SRC/GRAPHICS/TILE/TILE2.C	CopyWords	fakematch	1	Measured direct replacement: a direct call changes Tilemap_ConvertBuffer from mov r6, r8 to mov r6, sl (52/56 assembly lines).
brief-wave2-132	2026-10-01	Codex brief steering honesty	tbs	games/THE BROKEN SEAL/SRC/GRAPHICS/TILE/TILE3.C	Graphics_LoadCharacterBlockAndPalette	fakematch	1	TAG do-once: first changed instruction: mov r1, r7 => ldr r3, [r3]; 97/97 assembly lines
brief-wave2-133	2026-10-01	Codex brief steering honesty	tbs	games/THE BROKEN SEAL/SRC/GRAPHICS/TILE/TILE3.C	macro:Io_Write16	fakematch	2	register_word_temporary: ldr r3, .Local0 => ldr r3, .Local0+20 (144/163 assembly lines); macro_once_statement_scope: bl Scheduler_AddOrUpdateCallback => mov r5, #128 (144/144 assembly lines)
brief-wave2-134	2026-10-01	Codex brief steering honesty	tbs	games/THE BROKEN SEAL/SRC/MENU/CLEAR/CLEAR.C	macro:QUEUE_WRITE	fakematch	1	QUEUE_WRITE: lsr r5, r2, #17 => lsr r1, r2, #17 (84/84 assembly lines)
brief-wave2-135	2026-10-01	Codex brief steering honesty	tbs	games/THE BROKEN SEAL/SRC/MENU/ITEM/RUN_COMMANDS.C	CopyWords	fakematch	1	Measured direct replacement: direct calls share the 332-byte size in r5 and move the copy routine to r6.
brief-wave2-136	2026-10-01	Codex brief steering honesty	tbs	games/THE BROKEN SEAL/SRC/MENU/MENU10.C	CopyWords	fakematch	1	Measured direct replacement: direct calls add r9, sl and fp saves and change the backdrop stack layout.
brief-wave2-137	2026-10-01	Codex brief steering honesty	tbs	games/THE BROKEN SEAL/SRC/MENU/MENU10.C	FillWords	fakematch	1	Measured direct replacement: a direct call loads the fill value before constructing the size.
brief-wave2-138	2026-10-01	Codex brief steering honesty	tbs	games/THE BROKEN SEAL/SRC/MENU/MENU15.C	Menu_OpenWorkspaceOptions	fakematch	1	Document existing union steering in the affected caller: replacing the union with an equal-size struct changes mov r4, r0 to mov r1, fp in all six editions; reduced struct attempt compiles and remains a draft.
brief-wave2-139	2026-10-01	Codex brief steering honesty	tbs	games/THE BROKEN SEAL/SRC/MENU/OPEN_ACTION_MENU.C	CopyWords	fakematch	1	Measured direct replacement: direct calls change saved-pointer allocation and argument scheduling during menu setup.
brief-wave2-140	2026-10-01	Codex brief steering honesty	tbs	games/THE BROKEN SEAL/SRC/MENU/OPEN_ACTION_MENU.C	FillWords	fakematch	1	Measured direct replacement: a direct call loads the fill value before the routine, reversing their pool words.
brief-wave2-141	2026-10-01	Codex brief steering honesty	tbs	games/THE BROKEN SEAL/SRC/MENU/OPEN_CONFIRM_PROMPT.C	CopyWords	fakematch	1	Measured direct replacement: direct calls move the saved tile size from r9 to fp in the European editions.
brief-wave2-142	2026-10-01	Codex brief steering honesty	tbs	games/THE BROKEN SEAL/SRC/MENU/OPEN_CONFIRM_PROMPT.C	FillWords	fakematch	1	Measured direct replacement: a direct fill call changes the preceding copy's fp call register and adds moves.
brief-wave2-143	2026-10-01	Codex brief steering honesty	tbs	games/THE BROKEN SEAL/SRC/MENU/TITLE/TITLE.C	macro:QUEUE_WRITE	fakematch	1	QUEUE_WRITE: mov r1, r3 => strh r5, [r5] (177/180 assembly lines)
brief-wave2-144	2026-10-01	Codex brief steering honesty	tbs	games/THE BROKEN SEAL/SRC/SOUND/SOUND.C	AudioTest_RunParameterController	fakematch	1	TAG do-once: first changed instruction: mov r0, #2 => ldr r3, .Local0+4; 164/164 assembly lines
brief-wave2-145	2026-10-01	Codex brief steering honesty	tbs	games/THE BROKEN SEAL/SRC/SOUND/SOUND.C	MusicCommand_SetPitch	fakematch	2	TAG do-once: first changed instruction: ldr r0, .Local0 => asr r2, r2, #16; 15/15 assembly lines; TAG player pointer temporary: measured independently against approved TBS assembly
brief-wave2-146	2026-10-01	Codex brief steering honesty	tbs	games/THE BROKEN SEAL/SRC/SOUND/SOUND.C	MusicCommand_SetVolume	fakematch	1	TAG duplicated volume branch: measured independently against approved TBS assembly
brief-wave2-147	2026-10-01	Codex brief steering honesty	tbs	games/THE BROKEN SEAL/SRC/SYSTEM/IO.C	macro:DEFINE_QUEUE_IO_WRITE	fakematch	1	DEFINE_QUEUE_IO_WRITE: ldr r4, .Local0 => mov r6, r0 (35/35 assembly lines)
brief-wave2-148	2026-10-01	Codex brief steering honesty	tbs	games/THE BROKEN SEAL/SRC/SYSTEM/SYSTEM.C	macro:Io_Write16	fakematch	2	Io_Write16: b .Local23 => ldr r3, .Local20+20 (520/519 assembly lines); register_halfword_temporary: ldr r1, .Local0+4 => ldr r1, .Local0 (520/513 assembly lines)
brief-wave3-glyph-devices	2026-10-01	Codex brief Japanese renderer	tbs	games/THE BROKEN SEAL/SRC/GRAPHICS/TEXT/RENDER_GLYPH_PAIR.C	UiText_RenderGlyphPair	fakematch	3	Three separately measured Japanese devices: removing the empty out-live constraint changes four bytes; removing either mark-argument assignment changes six bytes. Every complete function extent remains 444 bytes. Compilable plain attempts remain in recon/tbs/ja/main/steering/renderer.
brief-wave3-glyph-spill-asm	2026-10-01	Codex brief Japanese renderer	tbs	games/THE BROKEN SEAL/SRC/GRAPHICS/TEXT/RENDER_GLYPH_PAIR.C	UiText_RenderGlyphPair	inline_asm	1	The empty r-input asm emits no instruction and schedules the existing out-pointer spill before the work-address load; its removal reverses those two instructions. Plain near misses remain in recon/tbs/ja/main/steering/renderer.
brief-wave3-title-row	2026-10-01	Codex brief localized title	tbs	games/THE BROKEN SEAL/SRC/MENU/TITLE/TITLE.C	Title_RevealSpriteRow	fakematch	1	The localized title uses four rows of thirty sprites; the measured inner label preserves the complete extent while an ordinary nested for loop adds twelve bytes and saves another register. Both shape and loop near misses remain in recon/tbs/de/overlays/title.
brief-wave3-dora-priority-fakematch	2026-10-01	Codex brief localized Dora priority	tbs	games/THE BROKEN SEAL/SRC/FIELD/HAIDIA_MURA/MURA.C	HaidiaMura_ApplyEntryState	fakematch	1	The ES/IT first-visit branch loads priority into r1 before selecting Dora in r0. Direct and both inline forwarding orders reverse the two instructions; their compilable near misses remain under recon/tbs/es/overlays/haidia_mura. The complete ES overlay extent matches.
brief-wave3-dora-priority-register_pin	2026-10-01	Codex brief localized Dora priority	tbs	games/THE BROKEN SEAL/SRC/FIELD/HAIDIA_MURA/MURA.C	HaidiaMura_ApplyEntryState	register_pin	2	The ES/IT first-visit branch loads priority into r1 before selecting Dora in r0. Direct and both inline forwarding orders reverse the two instructions; their compilable near misses remain under recon/tbs/es/overlays/haidia_mura. The complete ES overlay extent matches.
brief-wave3-deck-entry	2026-10-01	Codex brief localized deck entry	tbs	games/THE BROKEN SEAL/SRC/FIELD/FUNE_KANPAN/KANPAN.C	FuneKanpan_RunDeckStateEventFromEntry	fakematch	1	Call3 sets actor and x before shifting z; replacing it with a direct call changes six bytes in the complete 60-byte EU handler.
brief-wave3-japanese-repair-fakematch	2026-10-01	Codex brief Japanese house repair	tbs	games/THE BROKEN SEAL/SRC/FIELD/HAIDIA_MURA/MURA.C	Scene_RepairTheHouse	fakematch	1	The plain Japanese repair has the same complete 5592-byte extent but changes nine instruction bytes by keeping zero and the mask in opposite registers. The compilable ordinary attempt remains in recon/tbs/ja/overlays/haidia_mura/REPAIR.c.
brief-wave3-japanese-repair-register-pin	2026-10-01	Codex brief Japanese house repair	tbs	games/THE BROKEN SEAL/SRC/FIELD/HAIDIA_MURA/MURA.C	Scene_RepairTheHouse	register_pin	1	The measured Japanese zero store uses r6; removing its single pin changes nine instruction bytes without changing the complete 5592-byte extent. The compilable ordinary attempt remains in recon/tbs/ja/overlays/haidia_mura/REPAIR.c.
brief-wave3-japanese-lane-entry	2026-10-01	Codex brief Japanese lane entry	tbs	games/THE BROKEN SEAL/SRC/FIELD/HAIDIA_MURA/MURA.C	SceneState_ApplyRectAndRunTwo	fakematch	1	The Japanese entry retains a discarded Dora lookup selected by story flag 0x87a. Removing it shortens the complete function by 28 bytes; the compilable ordinary attempt remains in recon/tbs/ja/overlays/haidia_mura/LANE.c.
brief-wave3-ticket-label	2026-10-01	Codex brief Japanese ticket label	tbs	games/THE BROKEN SEAL/SRC/FIELD/COMMON/KAREI_TOREBI/TOREBI.C	FieldScene_RunOpeningAuxiliarySequence	fakematch	1	The Japanese coin window retains the first label register and updates it by the two PO-owned label enums; plain separate enums shorten the complete callback by twelve bytes.
brief-wave3-vinasu-leap-map-adapter	2026-10-01	Codex brief localized Vinasu map adapter	tbs	games/THE BROKEN SEAL/SRC/FIELD/VINASU_HEYA/HEYA.C	Scene_RunActorLeapSequence	fakematch	1	The direct Engine map call changes nine instruction bytes of destination-register and zero/state scheduling; the existing Map_CopyCellAttributes adapter matches all six complete scenes.
brief-wave3-debug-give-fakematch	2026-10-01	Codex brief localized debug item caller	tbs	games/THE BROKEN SEAL/SRC/DEBUG/MENU_TEST/TEST.C	DebugMenu_GiveItemToParty	fakematch	2	The localized caller keeps obsolete r1 setup while declaring the true one-argument item API; plain C omits four caller bytes.
brief-wave3-debug-give-register_pin	2026-10-01	Codex brief localized debug item caller	tbs	games/THE BROKEN SEAL/SRC/DEBUG/MENU_TEST/TEST.C	DebugMenu_GiveItemToParty	register_pin	1	The unused original second-argument zero is explicitly constrained to r1; a general input register emits another register.
brief-wave3-debug-give-inline_asm	2026-10-01	Codex brief localized debug item caller	tbs	games/THE BROKEN SEAL/SRC/DEBUG/MENU_TEST/TEST.C	DebugMenu_GiveItemToParty	inline_asm	1	An empty input constraint keeps the original unused r1 zero live; it emits no instructions and never patches output.
