channel	0x0
frame	0x600	4	0x1c	0
frame	0x620	4	0x3c	0
frame	0x640	4	0x5c	0
frame	0x660	4	0x7c	15
frame	0x680	4	0x1c	0
frame	0x6a0	4	0x3c	0
frame	0x6c0	4	0x5c	0
frame	0x6e0	4	0x7c	15
frame	0x700	4	0x1c	0
frame	0x720	4	0x3c	0
frame	0x740	4	0x5c	0
frame	0x760	4	0x7c	15
frame	0x780	4	0x1c	0
frame	0x7a0	4	0x3c	0
frame	0x7c0	4	0x5c	0
frame	0x7e0	4	0x7c	15
jump	0
channel	0x1
frame	0x604	2	0x9e	0
frame	0x624	2	0xbe	0
frame	0x644	2	0xde	0
frame	0x664	2	0xfe	0
frame	0x684	2	0x11e	0
frame	0x6a4	2	0x13e	0
frame	0x6c4	2	0x15e	0
frame	0x6e4	2	0x17e	0
frame	0x704	2	0x19e	0
frame	0x724	2	0x1be	5
frame	0x606	2	0x9e	0
frame	0x626	2	0xbe	0
frame	0x646	2	0xde	0
frame	0x666	2	0xfe	0
frame	0x686	2	0x11e	0
frame	0x6a6	2	0x13e	0
frame	0x6c6	2	0x15e	0
frame	0x6e6	2	0x17e	0
frame	0x706	2	0x19e	0
frame	0x726	2	0x1be	5
frame	0x608	2	0x9e	0
frame	0x628	2	0xbe	0
frame	0x648	2	0xde	0
frame	0x668	2	0xfe	0
frame	0x688	2	0x11e	0
frame	0x6a8	2	0x13e	0
frame	0x6c8	2	0x15e	0
frame	0x6e8	2	0x17e	0
frame	0x708	2	0x19e	0
frame	0x728	2	0x1be	5
frame	0x60a	2	0x9e	0
frame	0x62a	2	0xbe	0
frame	0x64a	2	0xde	0
frame	0x66a	2	0xfe	0
frame	0x68a	2	0x11e	0
frame	0x6aa	2	0x13e	0
frame	0x6ca	2	0x15e	0
frame	0x6ea	2	0x17e	0
frame	0x70a	2	0x19e	0
frame	0x72a	2	0x1be	5
jump	0
channel	0x2
frame	0x6b4	2	0x21e	16
frame	0x6b6	2	0x21e	16
frame	0x6b8	2	0x21e	16
frame	0x6ba	2	0x21e	16
jump	0
channel	0x3
frame	0x744	1	0x23f	0
frame	0x764	1	0x25f	0
frame	0x784	1	0x27f	16
frame	0x745	1	0x23f	0
frame	0x765	1	0x25f	0
frame	0x785	1	0x27f	16
frame	0x746	1	0x23f	0
frame	0x766	1	0x25f	0
frame	0x786	1	0x27f	16
frame	0x747	1	0x23f	0
frame	0x767	1	0x25f	0
frame	0x787	1	0x27f	16
jump	0
channel	0x4
frame	0x60c	2	0x29e	0
frame	0x62c	2	0x2be	0
frame	0x64c	2	0x2de	0
frame	0x66c	2	0x2fe	5
frame	0x60e	2	0x29e	0
frame	0x62e	2	0x2be	0
frame	0x64e	2	0x2de	0
frame	0x66e	2	0x2fe	5
frame	0x610	2	0x29e	0
frame	0x630	2	0x2be	0
frame	0x650	2	0x2de	0
frame	0x670	2	0x2fe	5
frame	0x612	2	0x29e	0
frame	0x632	2	0x2be	0
frame	0x652	2	0x2de	0
frame	0x672	2	0x2fe	5
jump	0
channel	0x5
frame	0x614	2	0x1de	0
frame	0x634	2	0x1fe	10
frame	0x616	2	0x1de	0
frame	0x636	2	0x1fe	10
frame	0x618	2	0x1de	0
frame	0x638	2	0x1fe	10
frame	0x61a	2	0x1de	0
frame	0x63a	2	0x1fe	10
jump	0
channel	0x6
frame	0x654	2	0x31e	0
frame	0x674	2	0x33e	0
frame	0x694	2	0x35e	9
frame	0x656	2	0x31e	0
frame	0x676	2	0x33e	0
frame	0x696	2	0x35e	9
frame	0x658	2	0x31e	0
frame	0x678	2	0x33e	0
frame	0x698	2	0x35e	9
frame	0x65a	2	0x31e	0
frame	0x67a	2	0x33e	0
frame	0x69a	2	0x35e	9
jump	0
channel	0x7
frame	0x68c	1	0x21c	0
frame	0x6ac	1	0x23c	0
frame	0x6cc	1	0x25c	0
frame	0x6ec	1	0x27c	0
frame	0x70c	1	0x29c	4
frame	0x68d	1	0x21c	0
frame	0x6ad	1	0x23c	0
frame	0x6cd	1	0x25c	0
frame	0x6ed	1	0x27c	0
frame	0x70d	1	0x29c	4
frame	0x68e	1	0x21c	0
frame	0x6ae	1	0x23c	0
frame	0x6ce	1	0x25c	0
frame	0x6ee	1	0x27c	0
frame	0x70e	1	0x29c	4
frame	0x68f	1	0x21c	0
frame	0x6af	1	0x23c	0
frame	0x6cf	1	0x25c	0
frame	0x6ef	1	0x27c	0
frame	0x70f	1	0x29c	4
jump	0
channel	0x8
frame	0x61c	1	0x21d	0
frame	0x63c	1	0x23d	0
frame	0x65c	1	0x25d	0
frame	0x67c	1	0x27d	0
frame	0x69c	1	0x29d	0
frame	0x6bc	1	0x2bd	0
frame	0x6dc	1	0x2dd	0
frame	0x6fc	1	0x2fd	2
frame	0x61d	1	0x21d	0
frame	0x63d	1	0x23d	0
frame	0x65d	1	0x25d	0
frame	0x67d	1	0x27d	0
frame	0x69d	1	0x29d	0
frame	0x6bd	1	0x2bd	0
frame	0x6dd	1	0x2dd	0
frame	0x6fd	1	0x2fd	2
frame	0x61e	1	0x21d	0
frame	0x63e	1	0x23d	0
frame	0x65e	1	0x25d	0
frame	0x67e	1	0x27d	0
frame	0x69e	1	0x29d	0
frame	0x6be	1	0x2bd	0
frame	0x6de	1	0x2dd	0
frame	0x6fe	1	0x2fd	2
frame	0x61f	1	0x21d	0
frame	0x63f	1	0x23d	0
frame	0x65f	1	0x25d	0
frame	0x67f	1	0x27d	0
frame	0x69f	1	0x29d	0
frame	0x6bf	1	0x2bd	0
frame	0x6df	1	0x2dd	0
frame	0x6ff	1	0x2fd	2
jump	0
channel	0x9
frame	0x75a	6	0x410	0
frame	0x77a	6	0x430	5
frame	0x79a	6	0x410	0
frame	0x7ba	6	0x430	5
frame	0x75a	6	0x410	0
frame	0x77a	6	0x430	5
frame	0x7da	6	0x410	0
frame	0x7fa	6	0x430	5
jump	0
end
