# Byte-exact TBS SMSH sequence sources, identified by ROM sound IDs.
sound_id	class	address	size	source
0	music	0x0815fb78	0x0000095c	BGM_000.MID
1	music	0x081604d4	0x00000aec	BGM_001.MID
2	music	0x08160fc0	0x000005bc	BGM_002.MID
3	music	0x0816157c	0x0000074c	BGM_003.MID
4	music	0x08161cc8	0x000003a4	BGM_004.MID
5	music	0x0816206c	0x000008d4	BGM_005.MID
6	music	0x08162940	0x000009e4	BGM_006.MID
7	music	0x08163324	0x00000a54	BGM_007.MID
8	music	0x08163d78	0x00000668	BGM_008.MID
9	music	0x081643e0	0x0000081c	BGM_009.MID
10	music	0x08164bfc	0x000006dc	BGM_010.MID
20	music	0x081652e0	0x00000a98	BGM_020.MID
21	music	0x08165d78	0x0000073c	BGM_021.MID
22	music	0x081664b4	0x000012e8	BGM_022.MID
23	music	0x0816779c	0x00000f10	BGM_023.MID
24	music	0x081686ac	0x000012dc	BGM_024.MID
25	music	0x08169988	0x00000c98	BGM_025.MID
26	music	0x0816a620	0x000006dc	BGM_026.MID
27	music	0x0816acfc	0x00000e9c	BGM_027.MID
28	music	0x0816bb98	0x00000c14	BGM_028.MID
29	music	0x0816c7ac	0x0000131c	BGM_029.MID
30	music	0x0816dac8	0x000005f0	BGM_030.MID
40	music	0x0816e0b8	0x00000a9c	BGM_040.MID
41	music	0x0816eb54	0x00000ac8	BGM_041.MID
42	music	0x0816f61c	0x00000c0c	BGM_042.MID
43	music	0x08170228	0x00000dbc	BGM_043.MID
50	music	0x08170fe4	0x00000b34	BGM_050.MID
51	music	0x08171b18	0x00001f24	BGM_051.MID
52	music	0x08173a3c	0x00001964	BGM_052.MID
53	music	0x081753a0	0x00001c0c	BGM_053.MID
54	music	0x08176fac	0x00001f1c	BGM_054.MID
55	music	0x08178ec8	0x00000b18	BGM_055.MID
58	music	0x081799e0	0x0000039c	BGM_058.MID
59	music	0x08179d7c	0x000001d0	BGM_059.MID
60	music	0x08179f4c	0x00000644	BGM_060.MID
61	music	0x0817a590	0x00000798	BGM_061.MID
62	music	0x0817ad28	0x0000035c	BGM_062.MID
63	music	0x0817b084	0x00000dd0	BGM_063.MID
64	music	0x0817be54	0x00000298	BGM_064.MID
67	music	0x0817c0ec	0x00001d68	BGM_067.MID
70	music	0x0817de54	0x00000ab8	BGM_070.MID
72	music	0x0817e90c	0x000007e0	BGM_072.MID
74	music	0x0817f0ec	0x00000b1c	BGM_074.MID
75	music	0x0817fc08	0x00000264	BGM_075.MID
76	music	0x0817fe6c	0x00000774	BGM_076.MID
80	music	0x081805e0	0x000000c0	BGM_080.MID
81	music	0x081806a0	0x000000f8	BGM_081.MID
82	music	0x08180798	0x000000bc	BGM_082.MID
83	music	0x08180854	0x000000f8	BGM_083.MID
84	music	0x0818094c	0x000000c8	BGM_084.MID
85	music	0x08180a14	0x00000060	BGM_085.MID
86	music	0x08180a74	0x00000184	BGM_086.MID
87	music	0x08180bf8	0x00000090	BGM_087.MID
88	music	0x08180c88	0x000000c4	BGM_088.MID
89	music	0x08180d4c	0x000000dc	BGM_089.MID
91	music	0x08180e28	0x00000064	BGM_091.MID
92	music	0x08180e8c	0x000000bc	BGM_092.MID
93	music	0x08180f48	0x00000170	BGM_093.MID
100	sfx	0x081810c0	0x0000002c	SE_100.MID
101	sfx	0x081810ec	0x00000038	SE_SHOP_PURCHASE.MID
102	sfx	0x08181124	0x0000003c	SE_102.MID
103	sfx	0x08181160	0x00000050	SE_103.MID
104	sfx	0x081811b0	0x00000048	SE_104.MID
105	sfx	0x081811f8	0x00000068	SE_105.MID
106	sfx	0x08181260	0x0000001c	SE_106.MID
107	sfx	0x0818127c	0x00000074	SE_107.MID
108	sfx	0x081812f0	0x00000024	SE_TRIPLE_TONE_LOW.MID
109	sfx	0x08181314	0x00000024	SE_TRIPLE_TONE_HIGH.MID
110	sfx	0x08181338	0x00000020	SE_110.MID
111	sfx	0x08181358	0x00000030	SE_MENU_CURSOR.MID
112	sfx	0x08181388	0x00000054	SE_MENU_OK.MID
113	sfx	0x081813dc	0x00000058	SE_MENU_CANCEL.MID
114	sfx	0x08181434	0x00000060	SE_MENU_ERROR.MID
115	sfx	0x08181494	0x00000044	SE_115.MID
116	sfx	0x081814d8	0x00000028	SE_116.MID
117	sfx	0x08181500	0x00000024	SE_117.MID
118	sfx	0x08181524	0x0000001c	SE_118.MID
119	sfx	0x08181540	0x0000001c	SE_119.MID
120	sfx	0x0818155c	0x00000028	SE_120.MID
121	sfx	0x08181584	0x00000048	SE_121.MID
122	sfx	0x081815cc	0x0000003c	SE_122.MID
123	sfx	0x08181608	0x00000064	SE_123.MID
124	sfx	0x0818166c	0x00000020	SE_124.MID
125	sfx	0x0818168c	0x00000020	SE_125.MID
126	sfx	0x081816ac	0x00000070	SE_RECOVERY.MID
127	sfx	0x0818171c	0x00000028	SE_127.MID
128	sfx	0x08181744	0x00000038	SE_128.MID
129	sfx	0x0818177c	0x00000038	SE_129.MID
130	sfx	0x081817b4	0x00000028	SE_130.MID
131	sfx	0x081817dc	0x00000044	SE_131.MID
132	sfx	0x08181820	0x00000028	SE_132.MID
133	sfx	0x08181848	0x00000034	SE_133.MID
134	sfx	0x0818187c	0x00000058	SE_HEAVY_IMPACT.MID
135	sfx	0x081818d4	0x00000050	SE_135.MID
136	sfx	0x08181924	0x00000028	SE_136.MID
137	sfx	0x0818194c	0x0000003c	SE_137.MID
138	sfx	0x08181988	0x00000028	SE_ITEM_BREAK.MID
139	sfx	0x081819c2	0x0000001e	SE_139.MID
140	sfx	0x081819e0	0x00000098	SE_140.MID
141	sfx	0x08181a78	0x00000058	SE_141.MID
142	sfx	0x08181ad0	0x00000080	SE_142.MID
143	sfx	0x08181b50	0x00000024	SE_143.MID
144	sfx	0x08181b74	0x0000006c	SE_144.MID
145	sfx	0x08181be0	0x0000006c	SE_145.MID
146	sfx	0x08181c4c	0x0000001c	SE_146.MID
147	sfx	0x08181c68	0x00000020	SE_147.MID
148	sfx	0x08181c88	0x00000020	SE_148.MID
149	sfx	0x08181ca8	0x00000034	SE_149.MID
150	sfx	0x08181cdc	0x00000020	SE_150.MID
151	sfx	0x08181cfc	0x00000044	SE_151.MID
152	sfx	0x08181d40	0x00000038	SE_152.MID
153	sfx	0x08181d78	0x00000040	SE_153.MID
154	sfx	0x08181db8	0x0000004c	SE_154.MID
155	sfx	0x08181e04	0x00000028	SE_155.MID
156	sfx	0x08181e2c	0x0000001c	SE_156.MID
157	sfx	0x08181e48	0x00000020	SE_157.MID
158	sfx	0x08181e68	0x00000038	SE_158.MID
159	sfx	0x08181ea0	0x00000024	SE_159.MID
160	sfx	0x08181ec4	0x00000028	SE_160.MID
161	sfx	0x08181eec	0x00000024	SE_161.MID
162	sfx	0x08181f10	0x0000002c	SE_162.MID
163	sfx	0x08181f3c	0x0000002c	SE_163.MID
164	sfx	0x08181f68	0x00000020	SE_164.MID
165	sfx	0x08181f88	0x00000078	SE_165.MID
166	sfx	0x08182000	0x00000028	SE_166.MID
167	sfx	0x08182028	0x00000028	SE_SCENE_TRANSITION.MID
168	sfx	0x08182050	0x00000034	SE_168.MID
169	sfx	0x08182084	0x00000028	SE_169.MID
170	sfx	0x081820ac	0x00000028	SE_170.MID
171	sfx	0x081820d4	0x00000024	SE_171.MID
172	sfx	0x081820f8	0x00000024	SE_172.MID
173	sfx	0x0818211c	0x00000054	SE_173.MID
174	sfx	0x08182170	0x00000054	SE_174.MID
175	sfx	0x081821c4	0x00000054	SE_175.MID
176	sfx	0x08182218	0x0000002c	SE_176.MID
177	sfx	0x08182244	0x0000002c	SE_177.MID
178	sfx	0x08182270	0x00000068	SE_178.MID
179	sfx	0x081822d8	0x00000044	SE_179.MID
180	sfx	0x0818231c	0x00000068	SE_180.MID
181	sfx	0x08182384	0x0000003c	SE_181.MID
182	sfx	0x081823c0	0x00000060	SE_182.MID
183	sfx	0x08182420	0x00000038	SE_183.MID
184	sfx	0x08182458	0x000000d4	SE_184.MID
185	sfx	0x0818252c	0x00000028	SE_185.MID
186	sfx	0x08182554	0x00000028	SE_186.MID
187	sfx	0x0818257c	0x00000028	SE_187.MID
188	sfx	0x081825a4	0x00000028	SE_188.MID
189	sfx	0x081825cc	0x00000060	SE_189.MID
190	sfx	0x0818262c	0x00000084	SE_190.MID
191	sfx	0x081826b0	0x0000001c	SE_191.MID
192	sfx	0x081826cc	0x00000030	SE_192.MID
193	sfx	0x081826fc	0x00000074	SE_193.MID
194	sfx	0x08182770	0x00000038	SE_194.MID
195	sfx	0x081827a8	0x00000030	SE_195.MID
196	sfx	0x081827d8	0x00000058	SE_196.MID
197	sfx	0x08182830	0x00000234	SE_197.MID
198	sfx	0x08182a64	0x0000019c	SE_198.MID
199	sfx	0x08182c00	0x000001d8	SE_199.MID
200	sfx	0x08182dd8	0x00000140	SE_200.MID
201	sfx	0x08182f18	0x00000050	SE_201.MID
202	sfx	0x08182f68	0x00000034	SE_202.MID
203	sfx	0x08182f9c	0x00000024	SE_203.MID
204	sfx	0x08182fc0	0x0000008c	SE_204.MID
205	sfx	0x0818304c	0x00000030	SE_205.MID
206	sfx	0x0818307c	0x00000034	SE_206.MID
208	sfx	0x081830b0	0x00000050	SE_208.MID
209	sfx	0x08183100	0x0000009c	SE_209.MID
210	sfx	0x0818319c	0x00000040	SE_210.MID
211	sfx	0x081831dc	0x00000038	SE_211.MID
212	sfx	0x08183214	0x00000034	SE_212.MID
213	sfx	0x08183248	0x0000004c	SE_213.MID
214	sfx	0x08183294	0x0000004c	SE_214.MID
215	sfx	0x081832e0	0x00000038	SE_215.MID
216	sfx	0x08183318	0x00000038	SE_216.MID
217	sfx	0x08183350	0x00000030	SE_217.MID
218	sfx	0x08183380	0x0000001c	SE_218.MID
219	sfx	0x0818339c	0x0000002c	SE_219.MID
220	sfx	0x081833c8	0x00000094	SE_220.MID
221	sfx	0x0818345c	0x0000002c	SE_221.MID
222	sfx	0x08183488	0x0000003c	SE_222.MID
223	sfx	0x081834c4	0x00000028	SE_223.MID
224	sfx	0x081834ec	0x00000030	SE_224.MID
225	sfx	0x0818351c	0x00000024	SE_225.MID
226	sfx	0x08183540	0x00000038	SE_226.MID
227	sfx	0x08183578	0x00000034	SE_227.MID
228	sfx	0x081835ac	0x00000024	SE_228.MID
229	sfx	0x081835d0	0x00000024	SE_229.MID
230	sfx	0x081835f4	0x00000028	SE_230.MID
231	sfx	0x0818361c	0x00000040	SE_231.MID
232	sfx	0x0818365c	0x00000038	SE_232.MID
233	sfx	0x08183694	0x000000a0	SE_233.MID
234	sfx	0x08183734	0x0000001c	SE_234.MID
235	sfx	0x08183750	0x000000a0	SE_235.MID
236	sfx	0x081837f0	0x00000024	SE_236.MID
237	sfx	0x08183814	0x0000002c	SE_237.MID
238	sfx	0x08183840	0x00000078	SE_238.MID
239	sfx	0x081838b8	0x0000008c	SE_239.MID
240	sfx	0x08183944	0x0000002c	SE_240.MID
241	sfx	0x08183970	0x000000c8	SE_241.MID
242	sfx	0x08183a38	0x00000060	SE_242.MID
243	sfx	0x08183a98	0x00000034	SE_243.MID
244	sfx	0x08183acc	0x00000078	SE_244.MID
245	sfx	0x08183b44	0x00000038	SE_245.MID
246	sfx	0x08183b7c	0x00000078	SE_246.MID
247	sfx	0x08183bf4	0x00000028	SE_247.MID
248	sfx	0x08183c1c	0x00000044	SE_248.MID
249	sfx	0x08183c60	0x00000034	SE_249.MID
250	sfx	0x08183c94	0x00000030	SE_250.MID
251	sfx	0x08183cc4	0x00000030	SE_251.MID
252	sfx	0x08183cf4	0x00000030	SE_252.MID
253	sfx	0x08183d24	0x00000058	SE_253.MID
256	sfx	0x08183d7c	0x00000020	SE_256.MID
257	sfx	0x08183d9c	0x00000020	SE_257.MID
258	sfx	0x08183dbc	0x00000020	SE_258.MID
259	sfx	0x08183ddc	0x00000020	SE_259.MID
260	sfx	0x08183dfc	0x00000020	SE_260.MID
261	sfx	0x08183e1c	0x00000020	SE_261.MID
262	sfx	0x08183e3c	0x00000020	SE_262.MID
263	sfx	0x08183e5c	0x00000024	SE_263.MID
264	sfx	0x08183e80	0x00000024	SE_264.MID
265	sfx	0x08183ea4	0x00000024	SE_265.MID
266	sfx	0x08183ec8	0x00000024	SE_266.MID
267	sfx	0x08183eec	0x00000024	SE_267.MID
268	sfx	0x08183f10	0x00000024	SE_268.MID
269	sfx	0x08183f34	0x00000024	SE_269.MID
270	sfx	0x08183f58	0x00000024	SE_270.MID
271	sfx	0x08183f7c	0x00000024	SE_271.MID
272	sfx	0x08183fa0	0x00000024	SE_272.MID
273	sfx	0x08183fc4	0x00000024	SE_273.MID
274	sfx	0x08183fe8	0x00000024	SE_274.MID
275	sfx	0x0818400c	0x00000024	SE_275.MID
276	sfx	0x08184030	0x00000024	SE_276.MID
277	sfx	0x08184054	0x00000024	SE_277.MID
278	sfx	0x08184078	0x00000024	SE_278.MID
279	sfx	0x0818409c	0x00000024	SE_279.MID
280	sfx	0x081840c0	0x00000028	SE_280.MID
281	sfx	0x081840e8	0x00000028	SE_281.MID
282	sfx	0x08184110	0x00000028	SE_282.MID
283	sfx	0x08184138	0x00000028	SE_283.MID
284	sfx	0x08184160	0x00000024	SE_284.MID
285	sfx	0x08184184	0x00000024	SE_285.MID
286	sfx	0x081841a8	0x00000028	SE_286.MID
287	sfx	0x081841d0	0x00000028	SE_287.MID
289	sfx	0x08184200	0x00000034	SE_289.MID
290	sfx	0x08184234	0x00000058	SE_290.MID
291	sfx	0x0818428c	0x0000005c	SE_291.MID
292	sfx	0x081842e8	0x00000038	SE_292.MID
293	sfx	0x08184320	0x00000038	SE_293.MID
300	sfx	0x08184360	0x00000028	SE_300.MID
301	sfx	0x08184388	0x00000024	SE_301.MID
302	sfx	0x081843ac	0x0000001c	SE_302.MID
303	sfx	0x081843c8	0x00000024	SE_303.MID
304	sfx	0x081843ec	0x00000038	SE_304.MID
305	sfx	0x08184424	0x0000002c	SE_305.MID
306	sfx	0x08184450	0x0000002c	SE_306.MID
307	sfx	0x0818447c	0x00000034	SE_307.MID
308	sfx	0x081844b0	0x00000090	SE_308.MID
309	sfx	0x08184540	0x0000003c	SE_309.MID
310	sfx	0x0818457c	0x00000054	SE_310.MID
311	sfx	0x081845d0	0x000000c8	SE_311.MID
