cell:u16	grid:128x128	fill:15c	at:0,0
4fff 4fff 4fff cfff cfff cfff cfff cfff cfff cfff cfff cfff 4fff 4fff 4fff 0fff 000f 000f 000f 000f 000f 000f 000f 000f 000f 000f 000f 000f 000f 000f 000f 0fff 000f 000f 000f 000f 000f 000f 000f 000f 000f 000f 000f 000f 000f 000f 000f 000f 000f 000f 000f 000f 000f 000f 000f 000f 000f 000f 000f 000f 000f 000f 000f 000f 0fff 0fff 0fff 0fff 0fff 0fff 0fff 0fff 0017 0fff 0fff 0fff 0fff 0fff 0fff 0fff 001f 001f 001f 001f 001f 001f 001f 001f 001f 001f 001f 001f 001f 001f 001f 001f 001f 001f 001f 001f 001f 001f 001f 001f 001f 001f 001f 001f 001f 001f 001f 001f 001f 001f 001f 001f 001f 001f 001f 001f 001f 001f 001f 001f 001f 001f 001f 001f
4fff 4fff 4fff cfff cfff cfff cfff cfff cfff cfff cfff cfff 4fff 4fff 4fff 000f 000f 000f 000f 000f 000f 000f 000f 000f 000f 000f 000f 000f 000f 000f 000f 000f 000f 000f 000f 000f 000f 000f 000f 000f 000f 000f 000f 000f 000f 000f 000f 000f 000f 000f 000f 000f 000f 000f 000f 000f 000f 000f 000f 000f 000f 000f 000f 000f 0fff 0fff 0fff 0017 0fff 0017 0017 0017 0017 0017 0017 0017 0fff 0fff 0fff 001f 001f 001f 001f 001f 001f 001f 001f 001f 001f 001f 001f 001f 001f 001f 001f 001f 001f 001f 001f 001f 001f 001f 001f 001f 001f 001f 001f 001f 001f 001f 001f 001f 001f 001f 001f 001f 001f 001f 001f 001f 001f 001f 001f 001f 001f 001f 001f 001f
4fff 4fff 4fff cfff cfff cfff cfff cfff cfff cfff cfff cfff 4fff 4fff 4fff 000f 000f 000f 000f 000f 000f 000f 000f 000f 000f 000f 000f 000f 000f 000f 000f 000f 000f 000f 000f 000f 000f 000f 000f 000f 000f 000f 000f 000f 000f 000f 000f 000f 000f 000f 000f 000f 000f 000f 000f 000f 000f 000f 000f 000f 000f 000f 000f 000f 0fff 0fff 0fff 0017 0017 0017 0017 0017 0017 0017 0017 0017 0fff 0fff 0fff 001f 001f 001f 001f 001f 001f 001f 001f 001f 001f 001f 001f 001f 001f 001f 001f 001f 001f 001f 001f 001f 001f 001f 001f 001f 001f 001f 001f 001f 001f 001f 001f 001f 001f 001f 001f 001f 001f 001f 001f 001f 001f 001f 001f 001f 001f 001f 001f 001f
4fff 4fff 4fff cfff cfff cfff cfff cfff cfff cfff cfff cfff 4fff 4fff 4fff 000f 000f 000f 000f 000f 000f 000f 000f 000f 000f 000f 000f 000f 000f 000f 000f 000f 000f 000f 000f 000f 000f 000f 000f 000f 000f 000f 000f 000f 000f 000f 000f 000f 000f 000f 000f 000f 000f 000f 000f 000f 000f 000f 000f 000f 000f 000f 000f 000f 0fff 0fff 0fff 0017 0017 0017 0017 0017 0017 0017 0017 0017 0fff 0fff 0fff 001f 001f 001f 001f 001f 001f 001f 001f 001f 001f 001f 001f 001f 001f 001f 001f 001f 001f 001f 001f 001f 001f 001f 001f 001f 001f 001f 001f 001f 001f 001f 001f 001f 001f 001f 001f 001f 001f 001f 001f 001f 001f 001f 001f 001f 001f 001f 001f 001f
4fff 4fff 4fff cfff cfff cfff cfff cfff cfff cfff cfff cfff 4fff 4fff 4fff 000f 000f 000f 000f 000f 000f 000f 000f 000f 000f 000f 000f 000f 000f 000f 000f 000f 000f 000f 000f 000f 000f 000f 000f 000f 000f 000f 000f 000f 000f 000f 000f 000f 000f 000f 000f 000f 000f 000f 000f 000f 000f 000f 000f 000f 000f 000f 000f 000f 0fff 0fff 0fff 0017 0017 0017 0017 0017 0017 0017 0017 0017 0070 0071 0fff 001f 001f 001f 001f 001f 001f 001f 001f 001f 001f 001f 001f 001f 001f 001f 001f 001f 001f 001f 001f 001f 001f 001f 001f 001f 001f 001f 001f 001f 001f 001f 001f 001f 001f 001f 001f 001f 001f 001f 001f 001f 001f 001f 001f 001f 001f 001f 001f 001f
4fff 4fff 4fff cfff cfff cfff cfff cfff cfff cfff cfff cfff 4fff 4fff 4fff 000f 000f 000f 000f 000f 000f 000f 000f 000f 000f 000f 000f 000f 000f 000f 000f 000f 000f 000f 000f 000f 000f 000f 000f 000f 000f 000f 000f 000f 000f 000f 000f 000f 000f 000f 000f 000f 000f 000f 000f 000f 000f 000f 000f 000f 000f 000f 000f 000f 0017 0070 0071 0017 0017 0017 0017 0017 0017 0017 0017 0017 0fff 0fff 0fff 001f 001f 001f 001f 001f 001f 001f 001f 001f 001f 001f 001f 001f 001f 001f 001f 001f 001f 001f 001f 001f 001f 001f 001f 001f 001f 001f 001f 001f 001f 001f 001f 001f 001f 001f 001f 001f 001f 001f 001f 001f 001f 001f 001f 001f 001f 001f 001f 001f
4fff 4fff 4fff cfff cfff cfff cfff cfff cfff cfff cfff cfff 4fff 4fff 4fff 000f 000f 000f 000f 000f 000f 000f 000f 000f 000f 000f 000f 000f 000f 000f 000f 000f 000f 000f 000f 000f 000f 000f 000f 000f 000f 000f 000f 000f 000f 000f 000f 000f 000f 000f 000f 000f 000f 000f 000f 000f 000f 000f 000f 000f 000f 000f 000f 000f 0fff 0070 0fff 0fff 0fff 0fff 0fff 0fff 0fff 0fff 0fff 0fff 0fff 0070 0fff 001f 001f 001f 001f 001f 001f 001f 001f 001f 001f 001f 001f 001f 001f 001f 001f 001f 001f 001f 001f 001f 001f 001f 001f 001f 001f 001f 001f 001f 001f 001f 001f 001f 001f 001f 001f 001f 001f 001f 001f 001f 001f 001f 001f 001f 001f 001f 001f 001f
4fff 4fff 4fff 4fff cfff cfff cfff cfff cfff cfff cfff 4fff 4fff 4fff 4fff 000f 000f 000f 000f 000f 000f 000f 000f 000f 000f 000f 000f 000f 000f 000f 000f 000f 000f 000f 000f 000f 000f 000f 000f 000f 000f 000f 000f 000f 000f 000f 000f 000f 000f 000f 000f 000f 000f 000f 000f 000f 000f 000f 000f 000f 000f 000f 000f 000f 0094 0fff 0fff 0fff 0fff 0fff 0fff 0fff 0fff 0fff 0fff 0fff 0fff 0070 0fff 001f 001f 001f 001f 001f 001f 001f 001f 001f 001f 001f 001f 001f 001f 001f 001f 001f 001f 001f 001f 001f 001f 001f 001f 001f 001f 001f 001f 001f 001f 001f 001f 001f 001f 001f 001f 001f 001f 001f 001f 001f 001f 001f 001f 001f 001f 001f 001f 001f
4fff 4fff 4fff 4fff 4fff 4fff 4fff 4fff 4fff 4fff 4fff 4fff 4fff 4fff 4fff 000f 000f 000f 000f 000f 000f 000f 000f 000f 000f 000f 000f 000f 000f 000f 000f 000f 000f 000f 000f 000f 000f 000f 000f 000f 000f 000f 000f 000f 000f 000f 000f 000f 000f 000f 000f 000f 000f 000f 000f 000f 000f 000f 000f 000f 000f 000f 000f 000f 0017 0fff 0017 0fff 0fff 0fff 0fff 0fff 0fff 0fff 0fff 0fff 0fff 00d6 0fff 001f 001f 001f 001f 001f 001f 001f 001f 001f 001f 001f 001f 001f 001f 001f 001f 001f 001f 001f 001f 001f 001f 001f 001f 001f 001f 001f 001f 001f 001f 001f 001f 001f 001f 001f 001f 001f 001f 001f 001f 001f 001f 001f 001f 001f 001f 001f 001f 001f
4fff 4fff 4fff 4fff 4fff 4fff 4fff 4fff 4fff 4fff 4fff 4fff 4fff 4fff 4fff 000f 000f 000f 000f 000f 000f 000f 000f 000f 000f 000f 000f 000f 000f 000f 000f 000f 000f 000f 000f 000f 000f 000f 000f 000f 000f 000f 000f 000f 000f 000f 000f 000f 000f 000f 000f 000f 000f 000f 000f 000f 000f 000f 000f 000f 000f 000f 000f 000f 0017 0fff 0017 0017 0017 0017 0017 0017 0017 0017 0017 0070 00d6 0fff 0fff 001f 001f 001f 001f 001f 001f 001f 001f 001f 001f 001f 001f 001f 001f 001f 001f 001f 001f 001f 001f 001f 001f 001f 001f 001f 001f 001f 001f 001f 001f 001f 001f 001f 001f 001f 001f 001f 001f 001f 001f 001f 001f 001f 001f 001f 001f 001f 001f 001f
0fff 0fff 0fff 0fff 0fff 0fff 4fff 4fff 4fff 0fff 0fff 0fff 0fff 0fff 0fff 000f 000f 000f 000f 000f 000f 000f 000f 000f 000f 000f 000f 000f 000f 000f 000f 000f 000f 000f 000f 000f 000f 000f 000f 000f 000f 000f 000f 000f 000f 000f 000f 000f 000f 000f 000f 000f 000f 000f 000f 000f 000f 000f 000f 000f 000f 000f 000f 000f 0017 00e7 0017 0017 0017 0017 0017 0017 0017 0017 0017 0070 00d6 00e8 00e9 001f 001f 001f 001f 001f 001f 001f 001f 001f 001f 001f 001f 001f 001f 001f 001f 001f 001f 001f 001f 001f 001f 001f 001f 001f 001f 001f 001f 001f 001f 001f 001f 001f 001f 001f 001f 001f 001f 001f 001f 001f 001f 001f 001f 001f 001f 001f 001f 001f
0fff 0fff 0fff 0fff 0fff 0fff 0fff 0fff 0fff 0fff 0fff 0fff 0fff 0fff 0fff 000f 000f 000f 000f 000f 000f 000f 000f 000f 000f 000f 000f 000f 000f 000f 000f 000f 000f 000f 000f 000f 000f 000f 000f 000f 000f 000f 000f 000f 000f 000f 000f 000f 000f 000f 000f 000f 000f 000f 000f 000f 000f 000f 000f 000f 000f 000f 000f 000f 0017 0fff 0fff 0fff 0017 0017 0017 0017 0017 0108 0109 010a 0017 0017 0017 001f 001f 001f 001f 001f 001f 001f 001f 001f 001f 001f 001f 001f 001f 001f 001f 001f 001f 001f 001f 001f 001f 001f 001f 001f 001f 001f 001f 001f 001f 001f 001f 001f 001f 001f 001f 001f 001f 001f 001f 001f 001f 001f 001f 001f 001f 001f 001f 001f
000f 000f 000f 000f 000f 000f 000f 000f 000f 000f 000f 000f 000f 000f 000f 000f 000f 000f 000f 000f 000f 000f 000f 000f 000f 000f 000f 000f 000f 000f 000f 000f 000f 000f 000f 000f 000f 000f 000f 000f 000f 000f 000f 000f 000f 000f 000f 000f 000f 000f 000f 000f 000f 000f 000f 000f 000f 000f 000f 000f 000f 000f 000f 000f 001f 001f 001f 001f 001f 001f 001f 001f 001f 001f 001f 001f 001f 001f 001f 001f 001f 001f 001f 001f 001f 001f 001f 001f 001f 001f 001f 001f 001f 001f 001f 001f 001f 001f 001f 001f 001f 001f 001f 001f 001f 001f 001f 001f 001f 001f 001f 001f 001f 001f 001f 001f 001f 001f 001f 001f 001f 001f 001f 001f 001f 001f 001f 001f
000f 000f 000f 000f 000f 000f 000f 000f 000f 000f 000f 000f 000f 000f 000f 000f 000f 000f 000f 000f 000f 000f 000f 000f 000f 000f 000f 000f 000f 000f 000f 000f 000f 000f 000f 000f 000f 000f 000f 000f 000f 000f 000f 000f 000f 000f 000f 000f 000f 000f 000f 000f 000f 000f 000f 000f 000f 000f 000f 000f 000f 000f 000f 000f 001f 001f 001f 001f 001f 001f 001f 001f 001f 001f 001f 001f 001f 001f 001f 001f 001f 001f 001f 001f 001f 001f 001f 001f 001f 001f 001f 001f 001f 001f 001f 001f 001f 001f 001f 001f 001f 001f 001f 001f 001f 001f 001f 001f 001f 001f 001f 001f 001f 001f 001f 001f 001f 001f 001f 001f 001f 001f 001f 001f 001f 001f 001f 001f
000f 000f 000f 000f 000f 000f 000f 000f 000f 000f 000f 000f 000f 000f 000f 000f 000f 000f 000f 000f 000f 000f 000f 000f 000f 000f 000f 000f 000f 000f 000f 000f 000f 000f 000f 000f 000f 000f 000f 000f 000f 000f 000f 000f 000f 000f 000f 000f 000f 000f 000f 000f 000f 000f 000f 000f 000f 000f 000f 000f 000f 000f 000f 000f 001f 001f 001f 001f 001f 001f 001f 001f 001f 001f 001f 001f 001f 001f 001f 001f 001f 001f 001f 001f 001f 001f 001f 001f 001f 001f 001f 001f 001f 001f 001f 001f 001f 001f 001f 001f 001f 001f 001f 001f 001f 001f 001f 001f 001f 001f 001f 001f 001f 001f 001f 001f 001f 001f 001f 001f 001f 001f 001f 001f 001f 001f 001f 001f
000f 000f 000f 000f 000f 000f 000f 000f 000f 000f 000f 000f 000f 000f 000f 000f 000f 000f 000f 000f 000f 000f 000f 000f 000f 000f 000f 000f 000f 000f 000f 000f 000f 000f 000f 000f 000f 000f 000f 000f 000f 000f 000f 000f 000f 000f 000f 000f 000f 000f 000f 000f 000f 000f 000f 000f 000f 000f 000f 000f 000f 000f 000f 000f 001f 001f 001f 001f 001f 001f 001f 001f 001f 001f 001f 001f 001f 001f 001f 001f 001f 001f 001f 001f 001f 001f 001f 001f 001f 001f 001f 001f 001f 001f 001f 001f 001f 001f 001f 001f 001f 001f 001f 001f 001f 001f 001f 001f 001f 001f 001f 001f 001f 001f 001f 001f 001f 001f 001f 001f 001f 001f 001f 001f 001f 001f 001f 001f
000f 000f 000f 000f 000f 000f 000f 000f 000f 000f 000f 000f 000f 000f 000f 000f 000f 000f 000f 000f 000f 000f 000f 000f 000f 000f 000f 000f 000f 000f 000f 000f 000f 000f 000f 000f 000f 000f 000f 000f 000f 000f 000f 000f 000f 000f 000f 000f 000f 000f 000f 000f 000f 000f 000f 000f 000f 000f 000f 000f 000f 000f 000f 000f 001f 001f 001f 001f 001f 001f 001f 001f 001f 001f 001f 001f 001f 001f 001f 001f 001f 001f 001f 001f 001f 001f 001f 001f 001f 001f 001f 001f 001f 001f 001f 001f 001f 001f 001f 001f 001f 001f 001f 001f 001f 001f 001f 001f 001f 001f 001f 001f 001f 001f 001f 001f 001f 001f 001f 001f 001f 001f 001f 001f 001f 001f 001f 001f
000f 000f 000f 000f 000f 000f 000f 000f 000f 000f 000f 000f 000f 000f 000f 000f 000f 000f 000f 000f 000f 000f 000f 000f 000f 000f 000f 000f 000f 000f 000f 000f 000f 000f 000f 000f 000f 000f 000f 000f 000f 000f 000f 000f 000f 000f 000f 000f 000f 000f 000f 000f 000f 000f 000f 000f 000f 000f 000f 000f 000f 000f 000f 000f 001f 001f 001f 001f 001f 001f 001f 001f 001f 001f 001f 001f 001f 001f 001f 001f 001f 001f 001f 001f 001f 001f 001f 001f 001f 001f 001f 001f 001f 001f 001f 001f 001f 001f 001f 001f 001f 001f 001f 001f 001f 001f 001f 001f 001f 001f 001f 001f 001f 001f 001f 001f 001f 001f 001f 001f 001f 001f 001f 001f 001f 001f 001f 001f
000f 000f 000f 000f 000f 000f 000f 000f 000f 000f 000f 000f 000f 000f 000f 000f 000f 000f 000f 000f 000f 000f 000f 000f 000f 000f 000f 000f 000f 000f 000f 000f 000f 000f 000f 000f 000f 000f 000f 000f 000f 000f 000f 000f 000f 000f 000f 000f 000f 000f 000f 000f 000f 000f 000f 000f 000f 000f 000f 000f 000f 000f 000f 000f 001f 001f 001f 001f 001f 001f 001f 001f 001f 001f 001f 001f 001f 001f 001f 001f 001f 001f 001f 001f 001f 001f 001f 001f 001f 001f 001f 001f 001f 001f 001f 001f 001f 001f 001f 001f 001f 001f 001f 001f 001f 001f 001f 001f 001f 001f 001f 001f 001f 001f 001f 001f 001f 001f 001f 001f 001f 001f 001f 001f 001f 001f 001f 001f
000f 000f 000f 000f 000f 000f 000f 000f 000f 000f 000f 000f 000f 000f 000f 000f 000f 000f 000f 000f 000f 000f 000f 000f 000f 000f 000f 000f 000f 000f 000f 000f 000f 000f 000f 000f 000f 000f 000f 000f 000f 000f 000f 000f 000f 000f 000f 000f 000f 000f 000f 000f 000f 000f 000f 000f 000f 000f 000f 000f 000f 000f 000f 000f 001f 001f 001f 001f 001f 001f 001f 001f 001f 001f 001f 001f 001f 001f 001f 001f 001f 001f 001f 001f 001f 001f 001f 001f 001f 001f 001f 001f 001f 001f 001f 001f 001f 001f 001f 001f 001f 001f 001f 001f 001f 001f 001f 001f 001f 001f 001f 001f 001f 001f 001f 001f 001f 001f 001f 001f 001f 001f 001f 001f 001f 001f 001f 001f
000f 000f 000f 000f 000f 000f 000f 000f 000f 000f 000f 000f 000f 000f 000f 000f 000f 000f 000f 000f 000f 000f 000f 000f 000f 000f 000f 000f 000f 000f 000f 000f 000f 000f 000f 000f 000f 000f 000f 000f 000f 000f 000f 000f 000f 000f 000f 000f 000f 000f 000f 000f 000f 000f 000f 000f 000f 000f 000f 000f 000f 000f 000f 000f 001f 001f 001f 001f 001f 001f 001f 001f 001f 001f 001f 001f 001f 001f 001f 0017 0018 0017 0fff 0fff 0fff 0fff 0fff 0fff 0fff 0fff 0fff 0fff 0fff 0fff 0fff 0fff 0fff 0fff 0fff 0fff 0fff 0fff 0fff 001f 001f 001f 001f 001f 001f 001f 001f 001f 001f 001f 001f 001f 001f 001f 001f 001f 001f 001f 001f 001f 001f 001f 001f 001f
0000 0001 0002 0003 0004 0005 0006 0007 0008 0009 000a 000b 000c 000d 000e 000f 000f 000f 000f 000f 000f 000f 000f 000f 000f 000f 000f 000f 000f 000f 000f 000f 000f 000f 000f 000f 000f 000f 000f 000f 000f 000f 000f 000f 000f 000f 000f 000f 000f 000f 000f 000f 000f 000f 000f 000f 000f 000f 000f 000f 000f 000f 000f 000f 0011 0012 0013 0014 0015 0016 0017 0018 0017 0019 001a 001b 001c 001d 001e 0017 0017 0017 0017 0017 0017 0017 0017 0017 0fff 010c 010d 0fff 010f 0110 0111 0112 0113 0114 0115 0116 0117 0118 0119 001f 001f 001f 001f 001f 001f 001f 001f 001f 0fff 0fff 0123 0123 0fff 001f 001f 001f 001f 001f 001f 001f 001f 001f 001f 001f
0020 0021 0022 0023 0024 0025 0026 0027 0028 0029 002a 002b 002c 002d 002e 000f 000f 000f 000f 000f 000f 000f 000f 000f 000f 000f 000f 000f 000f 000f 000f 000f 000f 000f 000f 000f 000f 000f 000f 000f 000f 000f 000f 000f 000f 000f 000f 000f 000f 000f 000f 000f 000f 000f 000f 000f 000f 000f 000f 000f 000f 000f 000f 000f 002f 0030 0031 0017 0032 0017 0017 0017 0017 0017 0017 0017 0033 0034 0035 0017 0017 0017 0017 0017 0017 0017 0017 0017 0017 0017 0017 0017 0017 0017 0120 010c 010d 0121 010f 0110 0111 0112 0113 001f 001f 001f 001f 001f 001f 001f 001f 001f 0122 0123 0123 0123 0124 001f 001f 001f 001f 001f 001f 001f 001f 001f 001f 001f
0036 0037 0038 0039 003a 003b 003c 003d 003e 003f 0040 0041 0042 0043 0044 000f 000f 000f 000f 000f 000f 000f 000f 000f 000f 000f 000f 000f 000f 000f 000f 000f 000f 000f 000f 000f 000f 000f 000f 000f 000f 000f 000f 000f 000f 000f 000f 000f 000f 000f 000f 000f 000f 000f 000f 000f 000f 000f 000f 000f 000f 000f 000f 000f 0045 0046 0047 0017 0017 0017 0017 0017 0017 0017 0017 0017 0048 0049 004a 0017 0017 0017 0017 0017 0017 0017 0017 0017 0017 0017 0017 0017 0017 0017 0017 0017 0017 0017 0017 0017 0120 010c 010d 001f 001f 001f 001f 001f 001f 001f 001f 001f 0122 0123 0123 0123 0124 001f 001f 001f 001f 001f 001f 001f 001f 001f 001f 001f
004b 004c 004d 004e 004f 0050 0051 0052 0053 0054 0055 0056 0057 0058 0059 000f 000f 000f 000f 000f 000f 000f 000f 000f 000f 000f 000f 000f 000f 000f 000f 000f 000f 000f 000f 000f 000f 000f 000f 000f 000f 000f 000f 000f 000f 000f 000f 000f 000f 000f 000f 000f 000f 000f 000f 000f 000f 000f 000f 000f 000f 000f 000f 000f 0fff 0fff 0fff 0017 0017 0017 0017 0017 0017 0017 0017 0017 0fff 0fff 0fff 0017 0017 0017 0017 0017 0017 0017 0017 0017 0017 0017 0017 0017 0017 0017 0017 0017 0017 0017 0017 0017 0017 0017 0017 001f 001f 001f 001f 001f 001f 001f 001f 001f 0122 0123 0123 0123 0124 001f 001f 001f 001f 001f 001f 001f 001f 001f 001f 001f
0060 0061 0062 0063 0064 0065 0066 0067 0068 0069 006a 006b 006c 006d 006e 000f 000f 000f 000f 000f 000f 000f 000f 000f 000f 000f 000f 000f 000f 000f 000f 000f 000f 000f 000f 000f 000f 000f 000f 000f 000f 000f 000f 000f 000f 000f 000f 000f 000f 000f 000f 000f 000f 000f 000f 000f 000f 000f 000f 000f 000f 000f 000f 000f 0fff 0fff 0fff 0017 0017 0017 0017 0017 0017 0017 0017 0017 0fff 0fff 0fff 0017 0017 0017 0017 0017 0017 0017 0017 0017 0017 0017 0017 0017 0017 0017 0017 0017 0017 0017 0017 0017 0017 0017 0017 001f 001f 001f 001f 001f 001f 001f 001f 001f 0122 0123 0123 0123 0124 001f 001f 001f 001f 001f 001f 001f 001f 001f 001f 001f
0073 0074 0075 0076 0077 0078 0079 007a 007b 007c 007d 007e 007f 0080 0081 000f 000f 000f 000f 000f 000f 000f 000f 000f 000f 000f 000f 000f 000f 000f 000f 000f 000f 000f 000f 000f 000f 000f 000f 000f 000f 000f 000f 000f 000f 000f 000f 000f 000f 000f 000f 000f 000f 000f 000f 000f 000f 000f 000f 000f 000f 000f 000f 000f 0fff 0fff 0fff 0017 0017 0017 0017 0017 0017 0017 0017 0017 0fff 0fff 0fff 0fff 0137 0137 0137 0137 0137 0137 0137 0137 0137 0137 0137 0137 0137 0137 0137 0137 0137 0137 0137 0137 0137 0137 0137 001f 001f 001f 001f 001f 001f 001f 001f 001f 0122 0123 0123 0123 0124 001f 001f 001f 001f 001f 001f 001f 001f 001f 001f 001f
0085 0086 0087 0088 0089 008a 008b 008c 008d 008e 008f 0090 0091 0092 0093 000f 000f 000f 000f 000f 000f 000f 000f 000f 000f 000f 000f 000f 000f 000f 000f 000f 000f 000f 000f 000f 000f 000f 000f 000f 000f 000f 000f 000f 000f 000f 000f 000f 000f 000f 000f 000f 000f 000f 000f 000f 000f 000f 000f 000f 000f 000f 000f 000f 0fff 0fff 0fff 0096 0097 0098 0099 009a 009b 009c 009d 009e 0fff 0fff 0fff 0fff 013e 013e 013e 013e 013e 013e 013e 013e 013e 013e 013e 013e 013e 013e 013e 013e 013e 013e 013e 013e 013e 013e 013e 001f 001f 001f 001f 001f 001f 001f 001f 001f 0122 0123 0123 0123 0124 001f 001f 001f 001f 001f 001f 001f 001f 001f 001f 001f
00a1 00a2 00a3 00a4 00a5 00a6 00a7 00a8 00a9 00aa 00ab 00ac 00ad 00ae 00af 000f 000f 000f 000f 000f 000f 000f 000f 000f 000f 000f 000f 000f 000f 000f 000f 000f 000f 000f 000f 000f 000f 000f 000f 000f 000f 000f 000f 000f 000f 000f 000f 000f 000f 000f 000f 000f 000f 000f 000f 000f 000f 000f 000f 000f 000f 000f 000f 000f 0fff 0fff 0fff 00b2 00b3 00b4 00b5 00b6 00b7 00b8 00b9 00ba 0fff 0fff 0fff 001f 001f 001f 001f 001f 001f 001f 001f 001f 001f 001f 001f 001f 001f 001f 001f 001f 001f 001f 001f 001f 001f 001f 001f 001f 001f 001f 001f 001f 001f 001f 001f 001f 001f 001f 001f 001f 001f 001f 001f 001f 001f 001f 001f 001f 001f 001f 001f 001f
00bd 00be 00bf 00c0 00c1 00c2 00c3 00c4 00c5 00c6 00c7 00c8 00c9 00ca 00cb 000f 000f 000f 000f 000f 000f 000f 000f 000f 000f 000f 000f 000f 000f 000f 000f 000f 000f 000f 000f 000f 000f 000f 000f 000f 000f 000f 000f 000f 000f 000f 000f 000f 000f 000f 000f 000f 000f 000f 000f 000f 000f 000f 000f 000f 000f 000f 000f 000f 0017 0fff 0017 00cd 00ce 00cf 00d0 00d1 00d2 00d3 00d4 0fff 0017 0fff 0fff 0fff 0fff 0fff 0fff 0fff 0fff 0fff 0fff 0fff 0fff 0fff 0fff 014f 0150 0151 0152 0153 0154 014f 0150 0151 0152 0153 0154 001f 001f 001f 001f 001f 001f 001f 001f 001f 001f 001f 001f 001f 001f 001f 001f 001f 001f 001f 001f 001f 001f 001f 001f 001f
00d8 00d9 00da 00db 00dc 00dd 00de 00df 00e0 00e1 00e2 00e3 00e4 00e5 00e6 000f 000f 000f 000f 000f 000f 000f 000f 000f 000f 000f 000f 000f 000f 000f 000f 000f 000f 000f 000f 000f 000f 000f 000f 000f 000f 000f 000f 000f 000f 000f 000f 000f 000f 000f 000f 000f 000f 000f 000f 000f 000f 000f 000f 000f 000f 000f 000f 000f 0017 0fff 0fff 010a 0017 0017 0017 0017 0017 0017 0017 0017 0fff 0fff 0fff 011a 011b 011c 011d 011e 011f 0149 014a 014b 014c 014d 014e 014f 0150 0151 0152 0153 0154 014f 0150 0151 0152 0153 0154 001f 001f 001f 001f 001f 001f 001f 001f 001f 001f 001f 001f 001f 001f 001f 001f 001f 001f 001f 001f 001f 001f 001f 001f 001f
000f 000f 000f 000f 000f 000f 000f 000f 000f 000f 000f 000f 000f 000f 000f 000f 000f 000f 000f 000f 000f 000f 000f 000f 000f 000f 000f 000f 000f 000f 000f 000f 000f 000f 000f 000f 000f 000f 000f 000f 000f 000f 000f 000f 000f 000f 000f 000f 000f 000f 000f 000f 000f 000f 000f 000f 000f 000f 000f 000f 000f 000f 000f 000f 001f 001f 001f 001f 001f 001f 001f 0018 001f 001f 001f 001f 001f 001f 001f 0114 0115 0116 0117 0118 0119 011a 011b 011c 011d 011e 011f 0149 014a 014b 014c 014d 014e 014f 0150 0151 0152 0153 0154 001f 001f 001f 001f 001f 001f 001f 001f 001f 001f 001f 001f 001f 001f 001f 001f 001f 001f 001f 001f 001f 001f 001f 001f 001f
000f 000f 000f 000f 000f 000f 000f 000f 000f 000f 000f 000f 000f 000f 000f 000f 000f 000f 000f 000f 000f 000f 000f 000f 000f 000f 000f 000f 000f 000f 000f 000f 000f 000f 000f 000f 000f 000f 000f 000f 000f 000f 000f 000f 000f 000f 000f 000f 000f 000f 000f 000f 000f 000f 000f 000f 000f 000f 000f 000f 000f 000f 000f 000f 001f 001f 001f 001f 001f 001f 001f 001f 001f 001f 001f 001f 001f 001f 001f 0121 010f 0110 0111 0112 0113 0114 0115 0116 0117 0118 0119 011a 011b 011c 011d 011e 011f 0149 014a 014b 014c 014d 014e 001f 001f 001f 001f 001f 001f 001f 001f 001f 001f 001f 001f 001f 001f 001f 001f 001f 001f 001f 001f 001f 001f 001f 001f 001f
000f 000f 000f 000f 000f 000f 000f 000f 000f 000f 000f 000f 000f 000f 000f 000f 000f 000f 000f 000f 000f 000f 000f 000f 000f 000f 000f 000f 000f 000f 000f 000f 000f 000f 000f 000f 000f 000f 000f 000f 000f 000f 000f 000f 000f 000f 000f 000f 000f 000f 000f 000f 000f 000f 000f 000f 000f 000f 000f 000f 000f 000f 000f 000f 001f 001f 001f 001f 001f 001f 001f 001f 001f 001f 001f 001f 001f 001f 001f 0017 0017 0017 0120 010c 010d 0121 010f 0110 0111 0112 0113 0114 0115 0116 0117 0118 0119 011a 011b 011c 011d 011e 011f 001f 001f 001f 001f 001f 001f 001f 001f 001f 001f 001f 001f 001f 001f 001f 001f 001f 001f 001f 001f 001f 001f 001f 001f 001f
000f 000f 000f 000f 000f 000f 000f 000f 000f 000f 000f 000f 000f 000f 000f 000f 000f 000f 000f 000f 000f 000f 000f 000f 000f 000f 000f 000f 000f 000f 000f 000f 000f 000f 000f 000f 000f 000f 000f 000f 000f 000f 000f 000f 000f 000f 000f 000f 000f 000f 000f 000f 000f 000f 000f 000f 000f 000f 000f 000f 000f 000f 000f 000f 001f 001f 001f 001f 001f 001f 001f 001f 001f 001f 001f 001f 001f 001f 001f 0017 0017 0017 0017 0017 0017 0017 0017 0017 0120 010c 010d 0121 010f 0110 0111 0112 0113 0114 0115 0116 0117 0118 0119 001f 001f 001f 001f 001f 001f 001f 001f 001f 001f 001f 001f 001f 001f 001f 001f 001f 001f 001f 001f 001f 001f 001f 001f 001f
000f 000f 000f 000f 000f 000f 000f 000f 000f 000f 000f 000f 000f 000f 000f 000f 000f 000f 000f 000f 000f 000f 000f 000f 000f 000f 000f 000f 000f 000f 000f 000f 000f 000f 000f 000f 000f 000f 000f 000f 000f 000f 000f 000f 000f 000f 000f 000f 000f 000f 000f 000f 000f 000f 000f 000f 000f 000f 000f 000f 000f 000f 000f 000f 001f 001f 001f 001f 001f 001f 001f 001f 001f 001f 001f 001f 001f 001f 001f 0137 0137 0137 0137 0137 0137 0137 0137 0137 0fff 015a 015a 015a 015a 015a 0120 010c 010d 0121 010f 0110 0111 0112 0113 001f 001f 001f 001f 001f 001f 001f 001f 001f 001f 001f 001f 001f 001f 001f 001f 001f 001f 001f 001f 001f 001f 001f 001f 001f
000f 000f 000f 000f 000f 000f 000f 000f 000f 000f 000f 000f 000f 000f 000f 000f 000f 000f 000f 000f 000f 000f 000f 000f 000f 000f 000f 000f 000f 000f 000f 000f 000f 000f 000f 000f 000f 000f 000f 000f 000f 000f 000f 000f 000f 000f 000f 000f 000f 000f 000f 000f 000f 000f 000f 000f 000f 000f 000f 000f 000f 000f 000f 000f 001f 001f 001f 001f 001f 001f 001f 001f 001f 001f 001f 001f 001f 001f 001f 013e 013e 013e 013e 013e 013e 013e 013e 013e 013e 013e 013e 013e 013e 013e 013e 013e 013e 013e 013e 013e 0120 010c 010d 001f 001f 001f 001f 001f 001f 001f 001f 001f 001f 001f 001f 001f 001f 001f 001f 001f 001f 001f 001f 001f 001f 001f 001f 001f
000f 000f 000f 000f 000f 000f 000f 000f 000f 000f 000f 000f 000f 000f 000f 000f 000f 000f 000f 000f 000f 000f 000f 000f 000f 000f 000f 000f 000f 000f 000f 000f 000f 000f 000f 000f 000f 000f 000f 000f 000f 000f 000f 000f 000f 000f 000f 000f 000f 000f 000f 000f 000f 000f 000f 000f 000f 000f 000f 000f 000f 000f 000f 000f 001f 001f 001f 001f 001f 001f 001f 001f 001f 001f 001f 001f 001f 001f 001f 001f 001f 001f 001f 001f 001f 001f 001f 001f 001f 001f 001f 001f 001f 001f 001f 001f 001f 001f 001f 001f 001f 001f 001f 001f 001f 001f 001f 001f 001f 001f 001f 001f 001f 001f 001f 001f 001f 001f 001f 001f 001f 001f 001f 001f 001f 001f 001f 001f
000f 000f 000f 000f 000f 000f 000f 000f 000f 000f 000f 000f 000f 000f 000f 000f 000f 000f 000f 000f 000f 000f 000f 000f 000f 000f 000f 000f 000f 000f 000f 000f 000f 000f 000f 000f 000f 000f 000f 000f 000f 000f 000f 000f 000f 000f 000f 000f 000f 000f 000f 000f 000f 000f 000f 000f 000f 000f 000f 000f 000f 000f 000f 000f 001f 001f 001f 001f 001f 001f 001f 001f 001f 001f 001f 001f 001f 001f 001f 001f 001f 001f 001f 001f 001f 001f 001f 001f 001f 001f 001f 001f 001f 001f 001f 001f 001f 001f 001f 001f 001f 001f 001f 001f 001f 001f 001f 001f 001f 001f 001f 001f 001f 001f 001f 001f 001f 001f 001f 001f 001f 001f 001f 001f 001f 001f 001f 001f
000f 000f 000f 000f 000f 000f 000f 000f 000f 000f 000f 000f 000f 000f 000f 000f 000f 000f 000f 000f 000f 000f 000f 000f 000f 000f 000f 000f 000f 000f 000f 000f 000f 000f 000f 000f 000f 000f 000f 000f 000f 000f 000f 000f 000f 000f 000f 000f 000f 000f 000f 000f 000f 000f 000f 000f 000f 000f 000f 000f 000f 000f 000f 000f 001f 001f 001f 001f 001f 001f 001f 001f 001f 001f 001f 001f 001f 001f 001f 001f 001f 001f 001f 001f 001f 001f 001f 001f 001f 001f 001f 001f 001f 001f 001f 001f 001f 001f 001f 001f 001f 001f 001f 001f 001f 001f 001f 001f 001f 001f 001f 001f 001f 001f 001f 001f 001f 001f 001f 001f 001f 001f 001f 001f 001f 001f 001f 001f
000f 000f 000f 000f 000f 000f 000f 000f 000f 000f 000f 000f 000f 000f 000f 000f 000f 000f 000f 000f 000f 000f 000f 000f 000f 000f 000f 000f 000f 000f 000f 000f 000f 000f 000f 000f 000f 000f 000f 000f 000f 000f 000f 000f 000f 000f 000f 000f 000f 000f 000f 000f 000f 000f 000f 000f 000f 000f 000f 000f 000f 000f 000f 000f 001f 001f 001f 001f 001f 001f 001f 001f 001f 001f 001f 001f 001f 001f 001f 001f 001f 001f 001f 001f 001f 001f 001f 001f 001f 001f 001f 001f 001f 001f 001f 001f 001f 001f 001f 001f 001f 001f 001f 001f 001f 001f 001f 001f 001f 001f 001f 001f 001f 001f 001f 001f 001f 001f 001f 001f 001f 001f 001f 001f 001f 001f 001f 001f
000f 000f 000f 000f 000f 000f 000f 000f 000f 000f 000f 000f 000f 000f 000f 000f 000f 000f 000f 000f 000f 000f 000f 000f 000f 000f 000f 000f 000f 000f 000f 000f 000f 000f 000f 000f 000f 000f 000f 000f 000f 000f 000f 000f 000f 000f 000f 000f 000f 000f 000f 000f 000f 000f 000f 000f 000f 000f 000f 000f 000f 000f 000f 000f 001f 001f 001f 001f 001f 001f 001f 001f 001f 001f 001f 001f 001f 001f 001f 001f 001f 001f 001f 001f 001f 001f 001f 001f 001f 001f 001f 001f 001f 001f 001f 001f 001f 001f 001f 001f 001f 001f 001f 001f 001f 001f 001f 001f 001f 001f 001f 001f 001f 001f 001f 001f 001f 001f 001f 001f 001f 001f 001f 001f 001f 001f 001f 001f
000f 000f 000f 000f 000f 000f 000f 000f 000f 000f 000f 000f 000f 000f 000f 000f 000f 000f 000f 000f 000f 000f 000f 000f 000f 000f 000f 000f 000f 000f 000f 000f 000f 000f 000f 000f 000f 000f 000f 000f 000f 000f 000f 000f 000f 000f 000f 000f 000f 000f 000f 000f 000f 000f 000f 000f 000f 000f 000f 000f 000f 000f 000f 000f 001f 001f 001f 001f 001f 001f 001f 001f 001f 001f 001f 001f 001f 001f 001f 001f 001f 001f 001f 001f 001f 001f 001f 001f 001f 001f 001f 001f 001f 001f 001f 001f 001f 001f 001f 001f 001f 001f 001f 001f 001f 001f 001f 001f 001f 001f 001f 001f 001f 001f 001f 001f 001f 001f 001f 001f 001f 001f 001f 001f 001f 001f 001f 001f
000f 000f 000f 000f 000f 000f 000f 000f 000f 000f 000f 000f 000f 000f 000f 000f 000f 000f 000f 000f 000f 000f 000f 000f 000f 000f 000f 000f 000f 000f 000f 000f 000f 000f 000f 000f 000f 000f 000f 000f 000f 000f 000f 000f 000f 000f 000f 000f 000f 000f 000f 000f 000f 000f 000f 000f 000f 000f 000f 000f 000f 000f 000f 000f 001f 001f 001f 001f 001f 001f 001f 001f 001f 001f 001f 001f 001f 001f 001f 001f 001f 001f 001f 001f 001f 001f 001f 001f 001f 001f 001f 001f 001f 001f 001f 001f 001f 001f 001f 001f 001f 001f 001f 001f 001f 001f 001f 001f 001f 001f 001f 001f 001f 001f 001f 001f 001f 001f 001f 001f 001f 001f 001f 001f 001f 001f 001f 001f
000f 000f 000f 000f 000f 000f 000f 000f 000f 000f 000f 000f 000f 000f 000f 000f 000f 000f 000f 000f 000f 000f 000f 000f 000f 000f 000f 000f 000f 000f 000f 000f 000f 000f 000f 000f 000f 000f 000f 000f 000f 000f 000f 000f 000f 000f 000f 000f 000f 000f 000f 000f 000f 000f 000f 000f 000f 000f 000f 000f 000f 000f 000f 000f 001f 001f 001f 001f 001f 001f 001f 001f 001f 001f 001f 001f 001f 001f 001f 001f 001f 001f 001f 001f 001f 001f 001f 001f 001f 001f 001f 001f 001f 001f 001f 001f 001f 001f 001f 001f 001f 001f 001f 001f 001f 001f 001f 001f 001f 001f 001f 001f 001f 001f 001f 001f 001f 001f 001f 001f 001f 001f 001f 001f 001f 001f 001f 001f
000f 000f 000f 000f 000f 000f 000f 000f 000f 000f 000f 000f 000f 000f 000f 000f 000f 000f 000f 000f 000f 000f 000f 000f 000f 000f 000f 000f 000f 000f 000f 000f 000f 000f 000f 000f 000f 000f 000f 000f 000f 000f 000f 000f 000f 000f 000f 000f 000f 000f 000f 000f 000f 000f 000f 000f 000f 000f 000f 000f 000f 000f 000f 000f 001f 001f 001f 001f 001f 001f 001f 001f 001f 001f 001f 001f 001f 001f 001f 001f 001f 001f 001f 001f 001f 001f 001f 001f 001f 001f 001f 001f 001f 001f 001f 001f 001f 001f 001f 001f 001f 001f 001f 001f 001f 001f 001f 001f 001f 001f 001f 001f 001f 001f 001f 001f 001f 001f 001f 001f 001f 001f 001f 001f 001f 001f 001f 001f
000f 000f 000f 000f 000f 000f 000f 000f 000f 000f 000f 000f 000f 000f 000f 000f 000f 000f 000f 000f 000f 000f 000f 000f 000f 000f 000f 000f 000f 000f 000f 000f 000f 000f 000f 000f 000f 000f 000f 000f 000f 000f 000f 000f 000f 000f 000f 000f 000f 000f 000f 000f 000f 000f 000f 000f 000f 000f 000f 000f 000f 000f 000f 000f 001f 001f 001f 001f 001f 001f 001f 001f 001f 001f 001f 001f 001f 001f 001f 001f 001f 001f 001f 001f 001f 001f 001f 001f 001f 001f 001f 001f 001f 001f 001f 001f 001f 001f 001f 001f 001f 001f 001f 001f 001f 001f 001f 001f 001f 001f 001f 001f 001f 001f 001f 001f 001f 001f 001f 001f 001f 001f 001f 001f 001f 001f 001f 001f
000f 000f 000f 000f 000f 000f 000f 000f 000f 000f 000f 000f 000f 000f 000f 000f 000f 000f 000f 000f 000f 000f 000f 000f 000f 000f 000f 000f 000f 000f 000f 000f 000f 000f 000f 000f 000f 000f 000f 000f 000f 000f 000f 000f 000f 000f 000f 000f 000f 000f 000f 000f 000f 000f 000f 000f 000f 000f 000f 000f 000f 000f 000f 000f 001f 001f 001f 001f 001f 001f 001f 001f 001f 001f 001f 001f 001f 001f 001f 001f 001f 001f 001f 001f 001f 001f 001f 001f 001f 001f 001f 001f 001f 001f 001f 001f 001f 001f 001f 001f 001f 001f 001f 001f 001f 001f 001f 001f 001f 001f 001f 001f 001f 001f 001f 001f 001f 001f 001f 001f 001f 001f 001f 001f 001f 001f 001f 001f
000f 000f 000f 000f 000f 000f 000f 000f 000f 000f 000f 000f 000f 000f 000f 000f 000f 000f 000f 000f 000f 000f 000f 000f 000f 000f 000f 000f 000f 000f 000f 000f 000f 000f 000f 000f 000f 000f 000f 000f 000f 000f 000f 000f 000f 000f 000f 000f 000f 000f 000f 000f 000f 000f 000f 000f 000f 000f 000f 000f 000f 000f 000f 000f 001f 001f 001f 001f 001f 001f 001f 001f 001f 001f 001f 001f 001f 001f 001f 001f 001f 001f 001f 001f 001f 001f 001f 001f 001f 001f 001f 001f 001f 001f 001f 001f 001f 001f 001f 001f 001f 001f 001f 001f 001f 001f 001f 001f 001f 001f 001f 001f 001f 001f 001f 001f 001f 001f 001f 001f 001f 001f 001f 001f 001f 001f 001f 001f
000f 000f 000f 000f 000f 000f 000f 000f 000f 000f 000f 000f 000f 000f 000f 000f 000f 000f 000f 000f 000f 000f 000f 000f 000f 000f 000f 000f 000f 000f 000f 000f 000f 000f 000f 000f 000f 000f 000f 000f 000f 000f 000f 000f 000f 000f 000f 000f 000f 000f 000f 000f 000f 000f 000f 000f 000f 000f 000f 000f 000f 000f 000f 000f 001f 001f 001f 001f 001f 001f 001f 001f 001f 001f 001f 001f 001f 001f 001f 001f 001f 001f 001f 001f 001f 001f 001f 001f 001f 001f 001f 001f 001f 001f 001f 001f 001f 001f 001f 001f 001f 001f 001f 001f 001f 001f 001f 001f 001f 001f 001f 001f 001f 001f 001f 001f 001f 001f 001f 001f 001f 001f 001f 001f 001f 001f 001f 001f
000f 000f 000f 000f 000f 000f 000f 000f 000f 000f 000f 000f 000f 000f 000f 000f 000f 000f 000f 000f 000f 000f 000f 000f 000f 000f 000f 000f 000f 000f 000f 000f 000f 000f 000f 000f 000f 000f 000f 000f 000f 000f 000f 000f 000f 000f 000f 000f 000f 000f 000f 000f 000f 000f 000f 000f 000f 000f 000f 000f 000f 000f 000f 000f 001f 001f 001f 001f 001f 001f 001f 001f 001f 001f 001f 001f 001f 001f 001f 001f 001f 001f 001f 001f 001f 001f 001f 001f 001f 001f 001f 001f 001f 001f 001f 001f 001f 001f 001f 001f 001f 001f 001f 001f 001f 001f 001f 001f 001f 001f 001f 001f 001f 001f 001f 001f 001f 001f 001f 001f 001f 001f 001f 001f 001f 001f 001f 001f
000f 000f 000f 000f 000f 000f 000f 000f 000f 000f 000f 000f 000f 000f 000f 000f 000f 000f 000f 000f 000f 000f 000f 000f 000f 000f 000f 000f 000f 000f 000f 000f 000f 000f 000f 000f 000f 000f 000f 000f 000f 000f 000f 000f 000f 000f 000f 000f 000f 000f 000f 000f 000f 000f 000f 000f 000f 000f 000f 000f 000f 000f 000f 000f 001f 001f 001f 001f 001f 001f 001f 001f 001f 001f 001f 001f 001f 001f 001f 001f 001f 001f 001f 001f 001f 001f 001f 001f 001f 001f 001f 001f 001f 001f 001f 001f 001f 001f 001f 001f 001f 001f 001f 001f 001f 001f 001f 001f 001f 001f 001f 001f 001f 001f 001f 001f 001f 001f 001f 001f 001f 001f 001f 001f 001f 001f 001f 001f
000f 000f 000f 000f 000f 000f 000f 000f 000f 000f 000f 000f 000f 000f 000f 000f 000f 000f 000f 000f 000f 000f 000f 000f 000f 000f 000f 000f 000f 000f 000f 000f 000f 000f 000f 000f 000f 000f 000f 000f 000f 000f 000f 000f 000f 000f 000f 000f 000f 000f 000f 000f 000f 000f 000f 000f 000f 000f 000f 000f 000f 000f 000f 000f 001f 001f 001f 001f 001f 001f 001f 001f 001f 001f 001f 001f 001f 001f 001f 001f 001f 001f 001f 001f 001f 001f 001f 001f 001f 001f 001f 001f 001f 001f 001f 001f 001f 001f 001f 001f 001f 001f 001f 001f 001f 001f 001f 001f 001f 001f 001f 001f 001f 001f 001f 001f 001f 001f 001f 001f 001f 001f 001f 001f 001f 001f 001f 001f
000f 000f 000f 000f 000f 000f 000f 000f 000f 000f 000f 000f 000f 000f 000f 000f 000f 000f 000f 000f 000f 000f 000f 000f 000f 000f 000f 000f 000f 000f 000f 000f 000f 000f 000f 000f 000f 000f 000f 000f 000f 000f 000f 000f 000f 000f 000f 000f 000f 000f 000f 000f 000f 000f 000f 000f 000f 000f 000f 000f 000f 000f 000f 000f 001f 001f 001f 001f 001f 001f 001f 001f 001f 001f 001f 001f 001f 001f 001f 001f 001f 001f 001f 001f 001f 001f 001f 001f 001f 001f 001f 001f 001f 001f 001f 001f 001f 001f 001f 001f 001f 001f 001f 001f 001f 001f 001f 001f 001f 001f 001f 001f 001f 001f 001f 001f 001f 001f 001f 001f 001f 001f 001f 001f 001f 001f 001f 001f
000f 000f 000f 000f 000f 000f 000f 000f 000f 000f 000f 000f 000f 000f 000f 000f 000f 000f 000f 000f 000f 000f 000f 000f 000f 000f 000f 000f 000f 000f 000f 000f 000f 000f 000f 000f 000f 000f 000f 000f 000f 000f 000f 000f 000f 000f 000f 000f 000f 000f 000f 000f 000f 000f 000f 000f 000f 000f 000f 000f 000f 000f 000f 000f 001f 001f 001f 001f 001f 001f 001f 001f 001f 001f 001f 001f 001f 001f 001f 001f 001f 001f 001f 001f 001f 001f 001f 001f 001f 001f 001f 001f 001f 001f 001f 001f 001f 001f 001f 001f 001f 001f 001f 001f 001f 001f 001f 001f 001f 001f 001f 001f 001f 001f 001f 001f 001f 001f 001f 001f 001f 001f 001f 001f 001f 001f 001f 001f
000f 000f 000f 000f 000f 000f 000f 000f 000f 000f 000f 000f 000f 000f 000f 000f 000f 000f 000f 000f 000f 000f 000f 000f 000f 000f 000f 000f 000f 000f 000f 000f 000f 000f 000f 000f 000f 000f 000f 000f 000f 000f 000f 000f 000f 000f 000f 000f 000f 000f 000f 000f 000f 000f 000f 000f 000f 000f 000f 000f 000f 000f 000f 000f 001f 001f 001f 001f 001f 001f 001f 001f 001f 001f 001f 001f 001f 001f 001f 001f 001f 001f 001f 001f 001f 001f 001f 001f 001f 001f 001f 001f 001f 001f 001f 001f 001f 001f 001f 001f 001f 001f 001f 001f 001f 001f 001f 001f 001f 001f 001f 001f 001f 001f 001f 001f 001f 001f 001f 001f 001f 001f 001f 001f 001f 001f 001f 001f
000f 000f 000f 000f 000f 000f 000f 000f 000f 000f 000f 000f 000f 000f 000f 000f 000f 000f 000f 000f 000f 000f 000f 000f 000f 000f 000f 000f 000f 000f 000f 000f 000f 000f 000f 000f 000f 000f 000f 000f 000f 000f 000f 000f 000f 000f 000f 000f 000f 000f 000f 000f 000f 000f 000f 000f 000f 000f 000f 000f 000f 000f 000f 000f 001f 001f 001f 001f 001f 001f 001f 001f 001f 001f 001f 001f 001f 001f 001f 001f 001f 001f 001f 001f 001f 001f 001f 001f 001f 001f 001f 001f 001f 001f 001f 001f 001f 001f 001f 001f 001f 001f 001f 001f 001f 001f 001f 001f 001f 001f 001f 001f 001f 001f 001f 001f 001f 001f 001f 001f 001f 001f 001f 001f 001f 001f 001f 001f
000f 000f 000f 000f 000f 000f 000f 000f 000f 000f 000f 000f 000f 000f 000f 000f 000f 000f 000f 000f 000f 000f 000f 000f 000f 000f 000f 000f 000f 000f 000f 000f 000f 000f 000f 000f 000f 000f 000f 000f 000f 000f 000f 000f 000f 000f 000f 000f 000f 000f 000f 000f 000f 000f 000f 000f 000f 000f 000f 000f 000f 000f 000f 000f 001f 001f 001f 001f 001f 001f 001f 001f 001f 001f 001f 001f 001f 001f 001f 001f 001f 001f 001f 001f 001f 001f 001f 001f 001f 001f 001f 001f 001f 001f 001f 001f 001f 001f 001f 001f 001f 001f 001f 001f 001f 001f 001f 001f 001f 001f 001f 001f 001f 001f 001f 001f 001f 001f 001f 001f 001f 001f 001f 001f 001f 001f 001f 001f
000f 000f 000f 000f 000f 000f 000f 000f 000f 000f 000f 000f 000f 000f 000f 000f 000f 000f 000f 000f 000f 000f 000f 000f 000f 000f 000f 000f 000f 000f 000f 000f 000f 000f 000f 000f 000f 000f 000f 000f 000f 000f 000f 000f 000f 000f 000f 000f 000f 000f 000f 000f 000f 000f 000f 000f 000f 000f 000f 000f 000f 000f 000f 000f 001f 001f 001f 001f 001f 001f 001f 001f 001f 001f 001f 001f 001f 001f 001f 001f 001f 001f 001f 001f 001f 001f 001f 001f 001f 001f 001f 001f 001f 001f 001f 001f 001f 001f 001f 001f 001f 001f 001f 001f 001f 001f 001f 001f 001f 001f 001f 001f 001f 001f 001f 001f 001f 001f 001f 001f 001f 001f 001f 001f 001f 001f 001f 001f
000f 000f 000f 000f 000f 000f 000f 000f 000f 000f 000f 000f 000f 000f 000f 000f 000f 000f 000f 000f 000f 000f 000f 000f 000f 000f 000f 000f 000f 000f 000f 000f 000f 000f 000f 000f 000f 000f 000f 000f 000f 000f 000f 000f 000f 000f 000f 000f 000f 000f 000f 000f 000f 000f 000f 000f 000f 000f 000f 000f 000f 000f 000f 000f 001f 001f 001f 001f 001f 001f 001f 001f 001f 001f 001f 001f 001f 001f 001f 001f 001f 001f 001f 001f 001f 001f 001f 001f 001f 001f 001f 001f 001f 001f 001f 001f 001f 001f 001f 001f 001f 001f 001f 001f 001f 001f 001f 001f 001f 001f 001f 001f 001f 001f 001f 001f 001f 001f 001f 001f 001f 001f 001f 001f 001f 001f 001f 001f
000f 000f 000f 000f 000f 000f 000f 000f 000f 000f 000f 000f 000f 000f 000f 000f 000f 000f 000f 000f 000f 000f 000f 000f 000f 000f 000f 000f 000f 000f 000f 000f 000f 000f 000f 000f 000f 000f 000f 000f 000f 000f 000f 000f 000f 000f 000f 000f 000f 000f 000f 000f 000f 000f 000f 000f 000f 000f 000f 000f 000f 000f 000f 000f 001f 001f 001f 001f 001f 001f 001f 001f 001f 001f 001f 001f 001f 001f 001f 001f 001f 001f 001f 001f 001f 001f 001f 001f 001f 001f 001f 001f 001f 001f 001f 001f 001f 001f 001f 001f 001f 001f 001f 001f 001f 001f 001f 001f 001f 001f 001f 001f 001f 001f 001f 001f 001f 001f 001f 001f 001f 001f 001f 001f 001f 001f 001f 001f
000f 000f 000f 000f 000f 000f 000f 000f 000f 000f 000f 000f 000f 000f 000f 000f 000f 000f 000f 000f 000f 000f 000f 000f 000f 000f 000f 000f 000f 000f 000f 000f 000f 000f 000f 000f 000f 000f 000f 000f 000f 000f 000f 000f 000f 000f 000f 000f 000f 000f 000f 000f 000f 000f 000f 000f 000f 000f 000f 000f 000f 000f 000f 000f 001f 001f 001f 001f 001f 001f 001f 001f 001f 001f 001f 001f 001f 001f 001f 001f 001f 001f 001f 001f 001f 001f 001f 001f 001f 001f 001f 001f 001f 001f 001f 001f 001f 001f 001f 001f 001f 001f 001f 001f 001f 001f 001f 001f 001f 001f 001f 001f 001f 001f 001f 001f 001f 001f 001f 001f 001f 001f 001f 001f 001f 001f 001f 001f
000f 000f 000f 000f 000f 000f 000f 000f 000f 000f 000f 000f 000f 000f 000f 000f 000f 000f 000f 000f 000f 000f 000f 000f 000f 000f 000f 000f 000f 000f 000f 000f 000f 000f 000f 000f 000f 000f 000f 000f 000f 000f 000f 000f 000f 000f 000f 000f 000f 000f 000f 000f 000f 000f 000f 000f 000f 000f 000f 000f 000f 000f 000f 000f 001f 001f 001f 001f 001f 001f 001f 001f 001f 001f 001f 001f 001f 001f 001f 001f 001f 001f 001f 001f 001f 001f 001f 001f 001f 001f 001f 001f 001f 001f 001f 001f 001f 001f 001f 001f 001f 001f 001f 001f 001f 001f 001f 001f 001f 001f 001f 001f 001f 001f 001f 001f 001f 001f 001f 001f 001f 001f 001f 001f 001f 001f 001f 001f
000f 000f 000f 000f 000f 000f 000f 000f 000f 000f 000f 000f 000f 000f 000f 000f 000f 000f 000f 000f 000f 000f 000f 000f 000f 000f 000f 000f 000f 000f 000f 000f 000f 000f 000f 000f 000f 000f 000f 000f 000f 000f 000f 000f 000f 000f 000f 000f 000f 000f 000f 000f 000f 000f 000f 000f 000f 000f 000f 000f 000f 000f 000f 000f 001f 001f 001f 001f 001f 001f 001f 001f 001f 001f 001f 001f 001f 001f 001f 001f 001f 001f 001f 001f 001f 001f 001f 001f 001f 001f 001f 001f 001f 001f 001f 001f 001f 001f 001f 001f 001f 001f 001f 001f 001f 001f 001f 001f 001f 001f 001f 001f 001f 001f 001f 001f 001f 001f 001f 001f 001f 001f 001f 001f 001f 001f 001f 001f
0fff 015b 015b 015b 015b 015b 015b 015b 015b 015b 015b 015b 015b 015b 015b 0fff 015c 015c 015c 015c 015c 015c 015c 015c 015c 015c 015c 015c 015c 015c 015c 015c 015c 015c 015c 015c 015c 015c 015c 015c 015c 015c 015c 015c 015c 015c 015c 015c 015c 015c 015c 015c 015c 015c 015c 015c 015c 015c 015c 015c 015c 015c 015c 015c 0fff 0fff 0fff 0fff 0fff 0fff 0fff 0fff 0fff 0fff 0fff 0fff 0fff 0fff 0fff 0fff 0fff 0fff 0fff 0fff 0fff 0fff 0fff 0fff 0fff 0fff 0fff 0fff 0fff 0fff 0fff 0fff 0fff 017d 017d 017d 017d 017d 017d 017d 017d 017d 017d 017d 017d 017d 017d 017d 017d 017d 017d 017d 017d 017d 017d 017d 017d 017d 017d 017d 017d 017d 017d 017d
015b 015b 015b 015b 015b 015b 015b 015b 015b 015b 015b 015b 015b 015b 015b 015c 015c 015c 015c 015c 015c 015c 015c 015c 015c 015c 015c 015c 015c 015c 015c 015c 015c 015c 015c 015c 015c 015c 015c 015c 015c 015c 015c 015c 015c 015c 015c 015c 015c 015c 015c 015c 015c 015c 015c 015c 015c 015c 015c 015c 015c 015c 015c 015c 0fff 0fff 0fff 0fff 0fff 0fff 0fff 0fff 0fff 0fff 0fff 0fff 0fff 0fff 0fff 0fff 0fff 0fff 0fff 0fff 0fff 0fff 0fff 0fff 0fff 0fff 0fff 0fff 0fff 0fff 0fff 0fff 017d 017d 017d 017d 017d 017d 017d 017d 017d 017d 017d 017d 017d 017d 017d 017d 017d 017d 017d 017d 017d 017d 017d 017d 017d 017d 017d 017d 017d 017d 017d 017d
0fff 019e 019e 019e 0fff 0fff 0fff 01a1 01a1 0fff 0fff 0fff 019e 019e 019e 015c 015c 015c 015c 015c 015c 015c 015c 015c 015c 015c 015c 015c 015c 015c 015c 015c 015c 015c 015c 015c 015c 015c 015c 015c 015c 015c 015c 015c 015c 015c 015c 015c 015c 015c 015c 015c 015c 015c 015c 015c 015c 015c 015c 015c 015c 015c 015c 015c 0fff 0fff 0fff 0fff 0fff 0fff 0fff 0fff 0fff 0fff 0fff 0fff 0fff 0fff 0fff 0fff 0fff 0fff 0fff 0fff 0fff 0fff 0fff 0fff 0fff 0fff 0fff 0fff 0fff 0fff 0fff 0fff 017d 017d 017d 017d 017d 017d 017d 017d 017d 017d 017d 017d 017d 017d 017d 017d 017d 017d 017d 017d 017d 017d 017d 017d 017d 017d 017d 017d 017d 017d 017d 017d
019e 019e 019e 0fff 0fff 0fff 0fff 01c8 01c8 0fff 0fff 0fff 019e 019e 019e 015c 015c 015c 015c 015c 015c 015c 015c 015c 015c 015c 015c 015c 015c 015c 015c 015c 015c 015c 015c 015c 015c 015c 015c 015c 015c 015c 015c 015c 015c 015c 015c 015c 015c 015c 015c 015c 015c 015c 015c 015c 015c 015c 015c 015c 015c 015c 015c 015c 0fff 0fff 0fff 0fff 0fff 0fff 0fff 0fff 0fff 0fff 0fff 0fff 0fff 0fff 0fff 0fff 0fff 0fff 0fff 0fff 0fff 0fff 0fff 0fff 0fff 0fff 0fff 0fff 0fff 0fff 0fff 0fff 017d 017d 017d 017d 017d 017d 017d 017d 017d 017d 017d 017d 017d 017d 017d 017d 017d 017d 017d 017d 017d 017d 017d 017d 017d 017d 017d 017d 017d 017d 017d 017d
019e 019e 019e 0fff 0fff 0fff 01ee 01ee 01ee 01ee 0fff 0fff 019e 019e 019e 015c 015c 015c 015c 015c 015c 015c 015c 015c 015c 015c 015c 015c 015c 015c 015c 015c 015c 015c 015c 015c 015c 015c 015c 015c 015c 015c 015c 015c 015c 015c 015c 015c 015c 015c 015c 015c 015c 015c 015c 015c 015c 015c 015c 015c 015c 015c 015c 015c 0fff 0fff 0fff 0fff 0fff 0fff 0fff 0fff 0fff 0fff 0fff 0fff 0fff 0fff 0fff 0fff 0fff 0fff 0fff 0fff 0fff 0fff 0fff 0fff 0fff 0fff 0fff 0fff 0fff 0fff 0fff 0fff 017d 017d 017d 017d 017d 017d 017d 017d 017d 017d 017d 017d 017d 017d 017d 017d 017d 017d 017d 017d 017d 017d 017d 017d 017d 017d 017d 017d 017d 017d 017d 017d
019e 019e 019e 01ee 01ee 01ee 01ee 01ee 01ee 01ee 01ee 01ee 019e 019e 019e 015c 015c 015c 015c 015c 015c 015c 015c 015c 015c 015c 015c 015c 015c 015c 015c 015c 015c 015c 015c 015c 015c 015c 015c 015c 015c 015c 015c 015c 015c 015c 015c 015c 015c 015c 015c 015c 015c 015c 015c 015c 015c 015c 015c 015c 015c 015c 015c 015c 0fff 0fff 0fff 0fff 0fff 0fff 0fff 0fff 0fff 0fff 0fff 0fff 0fff 0fff 0fff 0fff 0fff 0fff 0fff 0fff 0fff 0fff 0fff 0fff 0fff 0fff 0fff 0fff 0fff 0fff 0fff 0fff 017d 017d 017d 017d 017d 017d 017d 017d 017d 017d 017d 017d 017d 017d 017d 017d 017d 017d 017d 017d 017d 017d 017d 017d 017d 017d 017d 017d 017d 017d 017d 017d
019e 019e 019e 01ee 01ee 01ee 01ee 01ee 01ee 01ee 01ee 01ee 019e 019e 019e 015c 015c 015c 015c 015c 015c 015c 015c 015c 015c 015c 015c 015c 015c 015c 015c 015c 015c 015c 015c 015c 015c 015c 015c 015c 015c 015c 015c 015c 015c 015c 015c 015c 015c 015c 015c 015c 015c 015c 015c 015c 015c 015c 015c 015c 015c 015c 015c 015c 0fff 0fff 0fff 0fff 0fff 0fff 0fff 0fff 0fff 0fff 0fff 0fff 0fff 0fff 0fff 0fff 017d 017d 017d 017d 017d 017d 017d 017d 017d 017d 017d 017d 017d 017d 017d 017d 017d 017d 017d 017d 017d 017d 017d 017d 017d 017d 017d 017d 017d 017d 017d 017d 017d 017d 017d 017d 017d 017d 017d 017d 017d 017d 017d 017d 017d 017d 017d 017d
019e 019e 019e 01ee 01ee 01ee 01ee 01ee 01ee 01ee 01ee 01ee 019e 019e 019e 015c 015c 015c 015c 015c 015c 015c 015c 015c 015c 015c 015c 015c 015c 015c 015c 015c 015c 015c 015c 015c 015c 015c 015c 015c 015c 015c 015c 015c 015c 015c 015c 015c 015c 015c 015c 015c 015c 015c 015c 015c 015c 015c 015c 015c 015c 015c 015c 015c 0fff 0fff 0fff 0fff 0fff 0fff 0fff 0fff 0fff 0fff 0fff 0fff 0fff 0fff 0fff 0fff 017d 017d 017d 017d 017d 017d 017d 017d 017d 017d 017d 017d 017d 017d 017d 017d 017d 017d 017d 017d 017d 017d 017d 017d 017d 017d 017d 017d 017d 017d 017d 017d 017d 017d 017d 017d 017d 017d 017d 017d 017d 017d 017d 017d 017d 017d 017d 017d
019e 019e 019e 0fff 0fff 0fff 01ee 01ee 01ee 0fff 0fff 0fff 019e 019e 019e 015c 015c 015c 015c 015c 015c 015c 015c 015c 015c 015c 015c 015c 015c 015c 015c 015c 015c 015c 015c 015c 015c 015c 015c 015c 015c 015c 015c 015c 015c 015c 015c 015c 015c 015c 015c 015c 015c 015c 015c 015c 015c 015c 015c 015c 015c 015c 015c 015c 0fff 0fff 0fff 0fff 0fff 0fff 0fff 0fff 0fff 0fff 0fff 0fff 0fff 0fff 0fff 0fff 017d 017d 017d 017d 017d 017d 017d 017d 017d 017d 017d 017d 017d 017d 017d 017d 017d 017d 017d 017d 017d 017d 017d 017d 017d 017d 017d 017d 017d 017d 017d 017d 017d 017d 017d 017d 017d 017d 017d 017d 017d 017d 017d 017d 017d 017d 017d 017d
019e 019e 019e 0fff 0fff 0fff 0fff 026a 026a 0fff 0fff 0fff 019e 019e 019e 015c 015c 015c 015c 015c 015c 015c 015c 015c 015c 015c 015c 015c 015c 015c 015c 015c 015c 015c 015c 015c 015c 015c 015c 015c 015c 015c 015c 015c 015c 015c 015c 015c 015c 015c 015c 015c 015c 015c 015c 015c 015c 015c 015c 015c 015c 015c 015c 015c 0fff 0fff 0fff 0fff 0fff 0fff 0fff 0fff 0fff 0fff 0fff 0fff 0fff 0fff 0fff 0fff 017d 017d 017d 017d 017d 017d 017d 017d 017d 017d 017d 017d 017d 017d 017d 017d 017d 017d 017d 017d 017d 017d 017d 017d 017d 017d 017d 017d 017d 017d 017d 017d 017d 017d 017d 017d 017d 017d 017d 017d 017d 017d 017d 017d 017d 017d 017d 017d
019e 019e 019e 019e 019e 019e 019e 019e 019e 019e 019e 019e 019e 019e 019e 015c 015c 015c 015c 015c 015c 015c 015c 015c 015c 015c 015c 015c 015c 015c 015c 015c 015c 015c 015c 015c 015c 015c 015c 015c 015c 015c 015c 015c 015c 015c 015c 015c 015c 015c 015c 015c 015c 015c 015c 015c 015c 015c 015c 015c 015c 015c 015c 015c 0fff 0fff 0fff 0fff 0fff 0fff 0fff 0fff 0fff 0fff 0fff 0fff 0fff 0fff 0fff 0fff 017d 017d 017d 017d 017d 017d 017d 017d 017d 017d 017d 017d 017d 017d 017d 017d 017d 017d 017d 017d 017d 017d 017d 017d 017d 017d 017d 017d 017d 017d 017d 017d 017d 017d 017d 017d 017d 017d 017d 017d 017d 017d 017d 017d 017d 017d 017d 017d
019e 019e 019e 019e 019e 019e 019e 019e 019e 019e 019e 019e 019e 019e 019e 015c 015c 015c 015c 015c 015c 015c 015c 015c 015c 015c 015c 015c 015c 015c 015c 015c 015c 015c 015c 015c 015c 015c 015c 015c 015c 015c 015c 015c 015c 015c 015c 015c 015c 015c 015c 015c 015c 015c 015c 015c 015c 015c 015c 015c 015c 015c 015c 015c 0fff 0fff 0fff 0fff 0fff 0fff 0fff 0fff 0fff 0fff 0fff 0fff 0fff 0fff 0fff 0fff 017d 017d 017d 017d 017d 017d 017d 017d 017d 017d 017d 017d 017d 017d 017d 017d 017d 017d 017d 017d 017d 017d 017d 017d 017d 017d 017d 017d 017d 017d 017d 017d 017d 017d 017d 017d 017d 017d 017d 017d 017d 017d 017d 017d 017d 017d 017d 017d
019e 019e 019e 019e 019e 019e 019e 019e 019e 019e 019e 019e 019e 019e 019e 015c 015c 015c 015c 015c 015c 015c 015c 015c 015c 015c 015c 015c 015c 015c 015c 015c 015c 015c 015c 015c 015c 015c 015c 015c 015c 015c 015c 015c 015c 015c 015c 015c 015c 015c 015c 015c 015c 015c 015c 015c 015c 015c 015c 015c 015c 015c 015c 015c 0fff 0fff 0fff 0fff 0fff 0fff 0fff 0fff 0fff 0fff 0fff 0fff 0fff 0fff 0fff 0fff 017d 017d 017d 017d 017d 017d 017d 017d 017d 017d 017d 017d 017d 017d 017d 017d 017d 017d 017d 017d 017d 017d 017d 017d 017d 017d 017d 017d 017d 017d 017d 017d 017d 017d 017d 017d 017d 017d 017d 017d 017d 017d 017d 017d 017d 017d 017d 017d
019e 019e 019e 019e 019e 019e 019e 019e 019e 019e 019e 019e 019e 019e 019e 015c 015c 015c 015c 015c 015c 015c 015c 015c 015c 015c 015c 015c 015c 015c 015c 015c 015c 015c 015c 015c 015c 015c 015c 015c 015c 015c 015c 015c 015c 015c 015c 015c 015c 015c 015c 015c 015c 015c 015c 015c 015c 015c 015c 015c 015c 015c 015c 015c 0fff 0fff 0fff 0fff 0fff 0fff 0fff 0fff 0fff 0fff 0fff 0fff 0fff 0fff 0fff 0fff 017d 017d 017d 017d 017d 017d 017d 017d 017d 017d 017d 017d 017d 017d 017d 017d 017d 017d 017d 017d 017d 017d 017d 017d 017d 017d 017d 017d 017d 017d 017d 017d 017d 017d 017d 017d 017d 017d 017d 017d 017d 017d 017d 017d 017d 017d 017d 017d
015c 015c 015c 015c 015c 015c 015c 015c 015c 015c 015c 015c 015c 015c 015c 015c 015c 015c 015c 015c 015c 015c 015c 015c 015c 015c 015c 015c 015c 015c 015c 015c 015c 015c 015c 015c 015c 015c 015c 015c 015c 015c 015c 015c 015c 015c 015c 015c 015c 015c 015c 015c 015c 015c 015c 015c 015c 015c 015c 015c 015c 015c 015c 015c 0fff 0fff 0fff 0fff 0fff 0fff 0fff 0fff 0fff 0fff 0fff 0fff 0fff 0fff 0fff 0fff 017d 017d 017d 017d 017d 017d 017d 017d 017d 017d 017d 017d 017d 017d 017d 017d 017d 017d 017d 017d 017d 017d 017d 017d 017d 017d 017d 017d 017d 017d 017d 017d 017d 017d 017d 017d 017d 017d 017d 017d 017d 017d 017d 017d 017d 017d 017d 017d
015c 015c 015c 015c 015c 015c 015c 015c 015c 015c 015c 015c 015c 015c 015c 015c 015c 015c 015c 015c 015c 015c 015c 015c 015c 015c 015c 015c 015c 015c 015c 015c 015c 015c 015c 015c 015c 015c 015c 015c 015c 015c 015c 015c 015c 015c 015c 015c 015c 015c 015c 015c 015c 015c 015c 015c 015c 015c 015c 015c 015c 015c 015c 015c 0fff 0fff 0fff 0fff 0fff 0fff 0fff 0fff 0fff 0fff 0fff 0fff 0fff 0fff 0fff 0fff 017d 017d 017d 017d 017d 017d 017d 017d 017d 017d 017d 017d 017d 017d 017d 017d 017d 017d 017d 017d 017d 017d 017d 017d 017d 017d 017d 017d 017d 017d 017d 017d 017d 017d 017d 017d 017d 017d 017d 017d 017d 017d 017d 017d 017d 017d 017d 017d
015c 015c 015c 015c 015c 015c 015c 015c 015c 015c 015c 015c 015c 015c 015c 015c 015c 015c 015c 015c 015c 015c 015c 015c 015c 015c 015c 015c 015c 015c 015c 015c 015c 015c 015c 015c 015c 015c 015c 015c 015c 015c 015c 015c 015c 015c 015c 015c 015c 015c 015c 015c 015c 015c 015c 015c 015c 015c 015c 015c 015c 015c 015c 015c 0fff 0fff 0fff 0fff 0fff 0fff 0fff 0fff 0fff 0fff 0167 0168 0fff 0fff 0fff 0fff 017d 017d 017d 017d 017d 017d 017d 017d 017d 017d 017d 017d 017d 017d 017d 017d 017d 017d 017d 017d 017d 017d 017d 017d 017d 017d 017d 017d 017d 017d 017d 017d 017d 017d 017d 017d 017d 017d 017d 017d 017d 017d 017d 017d 017d 017d 017d 017d
015c 015c 015c 015c 015c 015c 015c 015c 015c 015c 015c 015c 015c 015c 015c 015c 015c 015c 015c 015c 015c 015c 015c 015c 015c 015c 015c 015c 015c 015c 015c 015c 015c 015c 015c 015c 015c 015c 015c 015c 015c 015c 015c 015c 015c 015c 015c 015c 015c 015c 015c 015c 015c 015c 015c 015c 015c 015c 015c 015c 015c 015c 015c 015c 0fff 0fff 0fff 0fff 0fff 0fff 0fff 0fff 0fff 0fff 0188 0fff 0fff 0fff 0fff 0fff 017d 017d 017d 017d 017d 017d 017d 017d 017d 017d 017d 017d 017d 017d 017d 017d 017d 017d 017d 017d 017d 017d 017d 017d 017d 017d 017d 017d 017d 017d 017d 017d 017d 017d 017d 017d 017d 017d 017d 017d 017d 017d 017d 017d 017d 017d 017d 017d
015c 015c 015c 015c 015c 015c 015c 015c 015c 015c 015c 015c 015c 015c 015c 015c 015c 015c 015c 015c 015c 015c 015c 015c 015c 015c 015c 015c 015c 015c 015c 015c 015c 015c 015c 015c 015c 015c 015c 015c 015c 015c 015c 015c 015c 015c 015c 015c 015c 015c 015c 015c 015c 015c 015c 015c 015c 015c 015c 015c 015c 015c 015c 015c 0fff 0fff 0fff 0fff 0fff 0fff 0fff 0fff 01ad 01ae 01af 0fff 0fff 0fff 0fff 0fff 017d 017d 017d 017d 017d 017d 017d 017d 017d 017d 017d 017d 017d 017d 017d 017d 017d 017d 017d 017d 017d 017d 017d 017d 017d 017d 017d 017d 017d 017d 017d 017d 017d 017d 017d 017d 017d 017d 017d 017d 017d 017d 017d 017d 017d 017d 017d 017d
015c 015c 015c 015c 015c 015c 015c 015c 015c 015c 015c 015c 015c 015c 015c 015c 015c 015c 015c 015c 015c 015c 015c 015c 015c 015c 015c 015c 015c 015c 015c 015c 015c 015c 015c 015c 015c 015c 015c 015c 015c 015c 015c 015c 015c 015c 015c 015c 015c 015c 015c 015c 015c 015c 015c 015c 015c 015c 015c 015c 015c 015c 015c 015c 0fff 0fff 0fff 0fff 0fff 0fff 0fff 0fff 01d4 01d5 01d6 01d7 0fff 0fff 0fff 0fff 017d 017d 017d 017d 017d 017d 017d 017d 017d 017d 017d 017d 017d 017d 017d 017d 017d 017d 017d 017d 017d 017d 017d 017d 017d 017d 017d 017d 017d 017d 017d 017d 017d 017d 017d 017d 017d 017d 017d 017d 017d 017d 017d 017d 017d 017d 017d 017d
015c 015c 015c 015c 015c 015c 015c 015c 015c 015c 015c 015c 015c 015c 015c 015c 015c 015c 015c 015c 015c 015c 015c 015c 015c 015c 015c 015c 015c 015c 015c 015c 015c 015c 015c 015c 015c 015c 015c 015c 015c 015c 015c 015c 015c 015c 015c 015c 015c 015c 015c 015c 015c 015c 015c 015c 015c 015c 015c 015c 015c 015c 015c 015c 0fff 0fff 0fff 0fff 0fff 0fff 0fff 0fff 0fff 0fff 0fff 01fc 01fd 0fff 0fff 0fff 017d 017d 017d 017d 017d 017d 017d 017d 017d 017d 017d 017d 017d 017d 017d 017d 017d 017d 017d 017d 017d 017d 017d 017d 017d 017d 017d 017d 017d 017d 017d 017d 017d 017d 017d 017d 017d 017d 017d 017d 017d 017d 017d 017d 017d 017d 017d 017d
015c 015c 015c 015c 015c 015c 015c 015c 015c 015c 015c 015c 015c 015c 015c 015c 015c 015c 015c 015c 015c 015c 015c 015c 015c 015c 015c 015c 015c 015c 015c 015c 015c 015c 015c 015c 015c 015c 015c 015c 015c 015c 015c 015c 015c 015c 015c 015c 015c 015c 015c 015c 015c 015c 015c 015c 015c 015c 015c 015c 015c 015c 015c 015c 0fff 0fff 0fff 0fff 0fff 0fff 0fff 0fff 0fff 0fff 0fff 0fff 0fff 0fff 0fff 0fff 017d 017d 017d 017d 017d 017d 017d 017d 017d 017d 017d 017d 017d 017d 017d 017d 017d 017d 017d 017d 017d 017d 017d 017d 017d 017d 017d 017d 017d 017d 017d 017d 017d 017d 017d 017d 017d 017d 017d 017d 017d 017d 017d 017d 017d 017d 017d 017d
015c 015c 015c 015c 015c 015c 015c 015c 015c 015c 015c 015c 015c 015c 015c 015c 015c 015c 015c 015c 015c 015c 015c 015c 015c 015c 015c 015c 015c 015c 015c 015c 015c 015c 015c 015c 015c 015c 015c 015c 015c 015c 015c 015c 015c 015c 015c 015c 015c 015c 015c 015c 015c 015c 015c 015c 015c 015c 015c 015c 015c 015c 015c 015c 0fff 0fff 0fff 0fff 0fff 0fff 0fff 0fff 0fff 0fff 0fff 0fff 0fff 0fff 0fff 0fff 017d 017d 017d 017d 017d 017d 017d 017d 017d 017d 017d 017d 017d 017d 017d 017d 017d 017d 017d 017d 017d 017d 017d 017d 017d 017d 017d 017d 017d 017d 017d 017d 017d 017d 017d 017d 017d 017d 017d 017d 017d 017d 017d 017d 017d 017d 017d 017d
015c 015c 015c 015c 015c 015c 015c 015c 015c 015c 015c 015c 015c 015c 015c 015c 015c 015c 015c 015c 015c 015c 015c 015c 015c 015c 015c 015c 015c 015c 015c 015c 015c 015c 015c 015c 015c 015c 015c 015c 015c 015c 015c 015c 015c 015c 015c 015c 015c 015c 015c 015c 015c 015c 015c 015c 015c 015c 015c 015c 015c 015c 015c 015c 0fff 0fff 0fff 0fff 0fff 0fff 0247 0fff 0fff 0fff 0fff 0fff 0fff 0fff 0fff 0fff 017d 017d 017d 017d 017d 017d 017d 017d 017d 017d 017d 017d 017d 017d 017d 017d 017d 017d 017d 017d 017d 017d 017d 017d 017d 017d 017d 017d 017d 017d 017d 017d 017d 017d 017d 017d 017d 017d 017d 017d 017d 017d 017d 017d 017d 017d 017d 017d
015c 015c 015c 015c 015c 015c 015c 015c 015c 015c 015c 015c 015c 015c 015c 015c 015c 015c 015c 015c 015c 015c 015c 015c 015c 015c 015c 015c 015c 015c 015c 015c 015c 015c 015c 015c 015c 015c 015c 015c 015c 015c 015c 015c 015c 015c 015c 015c 015c 015c 015c 015c 015c 015c 015c 015c 015c 015c 015c 015c 015c 015c 015c 015c 0fff 0fff 0fff 0fff 0fff 0fff 025d 0fff 0fff 0fff 0fff 0fff 0fff 0fff 0fff 0fff 017d 017d 017d 017d 017d 017d 017d 017d 017d 017d 017d 017d 017d 017d 017d 017d 017d 017d 017d 017d 017d 017d 017d 017d 017d 017d 017d 017d 017d 017d 017d 017d 017d 017d 017d 017d 017d 017d 017d 017d 017d 017d 017d 017d 017d 017d 017d 017d
015c 015c 015c 015c 015c 015c 015c 015c 015c 015c 015c 015c 015c 015c 015c 015c 015c 015c 015c 015c 015c 015c 015c 015c 015c 015c 015c 015c 015c 015c 015c 015c 015c 015c 015c 015c 015c 015c 015c 015c 015c 015c 015c 015c 015c 015c 015c 015c 015c 015c 015c 015c 015c 015c 015c 015c 015c 015c 015c 015c 015c 015c 015c 015c 0fff 0fff 0fff 0fff 0fff 0fff 0274 0fff 0fff 0fff 0fff 0fff 0fff 0fff 0fff 0fff 017d 017d 017d 017d 017d 017d 017d 017d 017d 017d 017d 017d 017d 017d 017d 017d 017d 017d 017d 017d 017d 017d 017d 017d 017d 017d 017d 017d 017d 017d 017d 017d 017d 017d 017d 017d 017d 017d 017d 017d 017d 017d 017d 017d 017d 017d 017d 017d
015c 015c 015c 015c 015c 015c 015c 015c 015c 015c 015c 015c 015c 015c 015c 015c 015c 015c 015c 015c 015c 015c 015c 015c 015c 015c 015c 015c 015c 015c 015c 015c 015c 015c 015c 015c 015c 015c 015c 015c 015c 015c 015c 015c 015c 015c 015c 015c 015c 015c 015c 015c 015c 015c 015c 015c 015c 015c 015c 015c 015c 015c 015c 015c 027e 027f 0280 0281 0282 0283 0284 0fff 0fff 0fff 0fff 0289 028a 028b 028c 028d 017d 017d 017d 017d 017d 017d 017d 017d 017d 017d 017d 017d 017d 017d 017d 017d 017d 017d 017d 017d 017d 017d 017d 017d 017d 017d 017d 017d 017d 017d 017d 017d 017d 017d 017d 017d 017d 017d 017d 017d 017d 017d 017d 017d 017d 017d 017d 017d
015c 015c 015c 015c 015c 015c 015c 015c 015c 015c 015c 015c 015c 015c 015c 015c 015c 015c 015c 015c 015c 015c 015c 015c 015c 015c 015c 015c 015c 015c 015c 015c 015c 015c 015c 015c 015c 015c 015c 015c 015c 015c 015c 015c 015c 015c 015c 015c 015c 015c 015c 015c 015c 015c 015c 015c 015c 015c 015c 015c 015c 015c 015c 015c 028e 028f 0290 0291 0292 0293 0294 0295 0296 0297 0298 0299 029a 029b 029c 029d 017d 017d 017d 017d 017d 017d 017d 017d 017d 017d 017d 017d 017d 017d 017d 017d 017d 017d 017d 017d 017d 017d 017d 017d 017d 017d 017d 017d 017d 017d 017d 017d 017d 017d 017d 017d 017d 017d 017d 017d 017d 017d 017d 017d 017d 017d 017d 017d
015c 015c 015c 015c 015c 015c 015c 015c 015c 015c 015c 015c 015c 015c 015c 015c 015c 015c 015c 015c 015c 015c 015c 015c 015c 015c 015c 015c 015c 015c 015c 015c 015c 015c 015c 015c 015c 015c 015c 015c 015c 015c 015c 015c 015c 015c 015c 015c 015c 015c 015c 015c 015c 015c 015c 015c 015c 015c 015c 015c 015c 015c 015c 015c 029e 029f 02a0 02a1 02a2 02a3 02a4 02a5 02a6 02a7 02a8 02a9 02aa 02ab 02ac 02ad 017d 017d 017d 017d 017d 017d 017d 017d 017d 017d 017d 017d 017d 017d 017d 017d 017d 017d 017d 017d 017d 017d 017d 017d 017d 017d 017d 017d 017d 017d 017d 017d 017d 017d 017d 017d 017d 017d 017d 017d 017d 017d 017d 017d 017d 017d 017d 017d
015c 015c 015c 015c 015c 015c 015c 015c 015c 015c 015c 015c 015c 015c 015c 015c 015c 015c 015c 015c 015c 015c 015c 015c 015c 015c 015c 015c 015c 015c 015c 015c 015c 015c 015c 015c 015c 015c 015c 015c 015c 015c 015c 015c 015c 015c 015c 015c 015c 015c 015c 015c 015c 015c 015c 015c 015c 015c 015c 015c 015c 015c 015c 015c 02ae 02af 02b0 02b1 02b2 02b3 02b4 02b5 02b6 02b7 02b8 02b9 02ba 02bb 02bc 02bd 017d 017d 017d 017d 017d 017d 017d 017d 017d 017d 017d 017d 017d 017d 017d 017d 017d 017d 017d 017d 017d 017d 017d 017d 017d 017d 017d 017d 017d 017d 017d 017d 017d 017d 017d 017d 017d 017d 017d 017d 017d 017d 017d 017d 017d 017d 017d 017d
015c 015c 015c 015c 015c 015c 015c 015c 015c 015c 015c 015c 015c 015c 015c 015c 015c 015c 015c 015c 015c 015c 015c 015c 015c 015c 015c 015c 015c 015c 015c 015c 015c 015c 015c 015c 015c 015c 015c 015c 015c 015c 015c 015c 015c 015c 015c 015c 015c 015c 015c 015c 015c 015c 015c 015c 015c 015c 015c 015c 015c 015c 015c 015c 015c 019e 0fff 0fff 0fff 0fff 0fff 0fff 02c6 02c7 02c8 02c9 0fff 0fff 0fff 0fff 017d 017d 017d 017d 017d 017d 017d 017d 017d 017d 017d 017d 017d 017d 017d 017d 017d 017d 017d 017d 017d 017d 017d 017d 017d 017d 017d 017d 017d 017d 017d 017d 017d 017d 017d 017d 017d 017d 017d 017d 017d 017d 017d 017d 017d 017d 017d 017d
015c 015c 015c 015c 015c 015c 015c 015c 015c 015c 015c 015c 015c 015c 015c 015c 015c 015c 015c 015c 015c 015c 015c 015c 015c 015c 015c 015c 015c 015c 015c 015c 015c 015c 015c 015c 015c 015c 015c 015c 015c 015c 015c 015c 015c 015c 015c 015c 015c 015c 015c 015c 015c 015c 015c 015c 015c 015c 015c 015c 015c 015c 015c 015c 0fff 0018 0fff 0fff 0fff 0fff 0fff 0fff 0fff 0fff 02d8 02d9 0fff 0fff 0fff 0fff 017d 017d 017d 017d 017d 017d 017d 017d 017d 017d 017d 017d 017d 017d 017d 017d 017d 017d 017d 017d 017d 017d 017d 017d 017d 017d 017d 017d 017d 017d 017d 017d 017d 017d 017d 017d 017d 017d 017d 017d 017d 017d 017d 017d 017d 017d 017d 017d
015c 015c 015c 015c 015c 015c 015c 015c 015c 015c 015c 015c 015c 015c 015c 015c 015c 015c 015c 015c 015c 015c 015c 015c 015c 015c 015c 015c 015c 015c 015c 015c 015c 015c 015c 015c 015c 015c 015c 015c 015c 015c 015c 015c 015c 015c 015c 015c 015c 015c 015c 015c 015c 015c 015c 015c 015c 015c 015c 015c 015c 015c 015c 015c 015d 015e 015f 0160 0161 0162 0163 0164 0165 0166 0167 0168 0169 016a 016b 016c 017d 017d 017d 017d 017d 017d 017d 017d 017d 017d 017d 017d 017d 017d 017d 017d 017d 017d 017d 017d 017d 017d 017d 017d 017d 017d 017d 017d 017d 017d 017d 017d 017d 017d 017d 017d 017d 017d 017d 017d 017d 017d 017d 017d 017d 017d 017d 017d
015c 015c 015c 015c 015c 015c 015c 015c 015c 015c 015c 015c 015c 015c 015c 015c 015c 015c 015c 015c 015c 015c 015c 015c 015c 015c 015c 015c 015c 015c 015c 015c 015c 015c 015c 015c 015c 015c 015c 015c 015c 015c 015c 015c 015c 015c 015c 015c 015c 015c 015c 015c 015c 015c 015c 015c 015c 015c 015c 015c 015c 015c 015c 015c 017e 017f 0180 0181 0182 0183 0184 0185 0186 0187 0188 0189 018a 018b 018c 018d 017d 017d 017d 017d 017d 017d 017d 017d 017d 017d 017d 017d 017d 017d 017d 017d 017d 017d 017d 017d 017d 017d 017d 017d 017d 017d 017d 017d 017d 017d 017d 017d 017d 017d 017d 017d 017d 017d 017d 017d 017d 017d 017d 017d 017d 017d 017d 017d
015c 015c 015c 015c 015c 015c 015c 015c 015c 015c 015c 015c 015c 015c 015c 015c 015c 015c 015c 015c 015c 015c 015c 015c 015c 015c 015c 015c 015c 015c 015c 015c 015c 015c 015c 015c 015c 015c 015c 015c 015c 015c 015c 015c 015c 015c 015c 015c 015c 015c 015c 015c 015c 015c 015c 015c 015c 015c 015c 015c 015c 015c 015c 015c 0fff 0fff 0fff 0fff 0fff 0fff 0fff 0fff 0fff 0fff 0fff 0fff 0fff 0fff 0fff 0fff 017d 017d 017d 017d 017d 017d 017d 017d 017d 017d 017d 017d 017d 017d 017d 017d 017d 017d 017d 017d 017d 017d 017d 017d 017d 017d 017d 017d 017d 017d 017d 017d 017d 017d 017d 017d 017d 017d 017d 017d 017d 017d 017d 017d 017d 017d 017d 017d
015c 015c 015c 015c 015c 015c 015c 015c 015c 015c 015c 015c 015c 015c 015c 015c 015c 015c 015c 015c 015c 015c 015c 015c 015c 015c 015c 015c 015c 015c 015c 015c 015c 015c 015c 015c 015c 015c 015c 015c 015c 015c 015c 015c 015c 015c 015c 015c 015c 015c 015c 015c 015c 015c 015c 015c 015c 015c 015c 015c 015c 015c 015c 015c 0fff 0fff 0fff 0fff 0fff 0fff 0fff 0fff 0fff 0fff 0fff 0fff 0fff 0fff 0fff 017d 017d 017d 017d 017d 017d 017d 017d 017d 017d 017d 017d 017d 017d 017d 017d 017d 017d 017d 017d 017d 017d 017d 017d 017d 017d 017d 017d 017d 017d 017d 017d 017d 017d 017d 017d 017d 017d 017d 017d 017d 017d 017d 017d 017d 017d 017d 017d 017d
015c 015c 015c 015c 015c 015c 015c 015c 015c 015c 015c 015c 015c 015c 015c 015c 015c 015c 015c 015c 015c 015c 015c 015c 015c 015c 015c 015c 015c 015c 015c 015c 015c 015c 015c 015c 015c 015c 015c 015c 015c 015c 015c 015c 015c 015c 015c 015c 015c 015c 015c 015c 015c 015c 015c 015c 015c 015c 015c 015c 015c 015c 015c 015c 0fff 0fff 0fff 0fff 0fff 0fff 0fff 0fff 0fff 0fff 0fff 0fff 0fff 0fff 0fff 017d 017d 017d 017d 017d 017d 017d 017d 017d 017d 017d 017d 017d 017d 017d 017d 017d 017d 017d 017d 017d 017d 017d 017d 017d 017d 017d 017d 017d 017d 017d 017d 017d 017d 017d 017d 017d 017d 017d 017d 017d 017d 017d 017d 017d 017d 017d 017d 017d
015c 015c 015c 015c 015c 015c 015c 015c 015c 015c 015c 015c 015c 015c 015c 015c 015c 015c 015c 015c 015c 015c 015c 015c 015c 015c 015c 015c 015c 015c 015c 015c 015c 015c 015c 015c 015c 015c 015c 015c 015c 015c 015c 015c 015c 015c 015c 015c 015c 015c 015c 015c 015c 015c 015c 015c 015c 015c 015c 015c 015c 015c 015c 015c 0fff 0fff 0fff 0fff 0fff 0fff 0fff 0fff 0fff 0fff 0fff 0fff 0fff 0fff 0fff 017d 017d 017d 017d 017d 017d 017d 017d 017d 017d 017d 017d 017d 017d 017d 017d 017d 017d 017d 017d 017d 017d 017d 017d 017d 017d 017d 017d 017d 017d 017d 017d 017d 017d 017d 017d 017d 017d 017d 017d 017d 017d 017d 017d 017d 017d 017d 017d 017d
015c 015c 015c 015c 015c 015c 015c 015c 015c 015c 015c 015c 015c 015c 015c 015c 015c 015c 015c 015c 015c 015c 015c 015c 015c 015c 015c 015c 015c 015c 015c 015c 015c 015c 015c 015c 015c 015c 015c 015c 015c 015c 015c 015c 015c 015c 015c 015c 015c 015c 015c 015c 015c 015c 015c 015c 015c 015c 015c 015c 015c 015c 015c 015c 0fff 0fff 0fff 0fff 0fff 0fff 0fff 0fff 0fff 0fff 0fff 0fff 0fff 0fff 0fff 017d 017d 017d 017d 017d 017d 017d 017d 017d 017d 017d 017d 017d 017d 017d 017d 017d 017d 017d 017d 017d 017d 017d 017d 017d 017d 017d 017d 017d 017d 017d 017d 017d 017d 017d 017d 017d 017d 017d 017d 017d 017d 017d 017d 017d 017d 017d 017d 017d
015c 015c 015c 015c 015c 015c 015c 015c 015c 015c 015c 015c 015c 015c 015c 015c 015c 015c 015c 015c 015c 015c 015c 015c 015c 015c 015c 015c 015c 015c 015c 015c 015c 015c 015c 015c 015c 015c 015c 015c 015c 015c 015c 015c 015c 015c 015c 015c 015c 015c 015c 015c 015c 015c 015c 015c 015c 015c 015c 015c 015c 015c 015c 015c 0fff 0fff 0fff 0fff 0fff 0fff 0fff 0fff 0fff 0fff 0fff 0fff 0fff 0fff 0fff 017d 017d 017d 017d 017d 017d 017d 017d 017d 017d 017d 017d 017d 017d 017d 017d 017d 017d 017d 017d 017d 017d 017d 017d 017d 017d 017d 017d 017d 017d 017d 017d 017d 017d 017d 017d 017d 017d 017d 017d 017d 017d 017d 017d 017d 017d 017d 017d 017d
015c 015c 015c 015c 015c 015c 015c 015c 015c 015c 015c 015c 015c 015c 015c 015c 015c 015c 015c 015c 015c 015c 015c 015c 015c 015c 015c 015c 015c 015c 015c 015c 015c 015c 015c 015c 015c 015c 015c 015c 015c 015c 015c 015c 015c 015c 015c 015c 015c 015c 015c 015c 015c 015c 015c 015c 015c 015c 015c 015c 015c 015c 015c 015c 0fff 0fff 0fff 0fff 0fff 0fff 0fff 0fff 0fff 0fff 0fff 0fff 0fff 0fff 0fff 017d 017d 017d 017d 017d 017d 017d 017d 017d 017d 017d 017d 017d 017d 017d 017d 017d 017d 017d 017d 017d 017d 017d 017d 017d 017d 017d 017d 017d 017d 017d 017d 017d 017d 017d 017d 017d 017d 017d 017d 017d 017d 017d 017d 017d 017d 017d 017d 017d
015c 015c 015c 015c 015c 015c 015c 015c 015c 015c 015c 015c 015c 015c 015c 015c 015c 015c 015c 015c 015c 015c 015c 015c 015c 015c 015c 015c 015c 015c 015c 015c 015c 015c 015c 015c 015c 015c 015c 015c 015c 015c 015c 015c 015c 015c 015c 015c 015c 015c 015c 015c 015c 015c 015c 015c 015c 015c 015c 015c 015c 015c 015c 015c 0fff 0fff 0fff 0fff 0fff 0fff 0fff 0fff 0fff 0fff 0fff 0fff 0fff 0fff 0fff 017d 017d 017d 017d 017d 017d 017d 017d 017d 017d 017d 017d 017d 017d 017d 017d 017d 017d 017d 017d 017d 017d 017d 017d 017d 017d 017d 017d 017d 017d 017d 017d 017d 017d 017d 017d 017d 017d 017d 017d 017d 017d 017d 017d 017d 017d 017d 017d 017d
015c 015c 015c 015c 015c 015c 015c 015c 015c 015c 015c 015c 015c 015c 015c 015c 015c 015c 015c 015c 015c 015c 015c 015c 015c 015c 015c 015c 015c 015c 015c 015c 015c 015c 015c 015c 015c 015c 015c 015c 015c 015c 015c 015c 015c 015c 015c 015c 015c 015c 015c 015c 015c 015c 015c 015c 015c 015c 015c 015c 015c 015c 015c 015c 0fff 0fff 0fff 0fff 0fff 0fff 0fff 0fff 0fff 0fff 0fff 0fff 0fff 0fff 0fff 017d 017d 017d 017d 017d 017d 017d 017d 017d 017d 017d 017d 017d 017d 017d 017d 017d 017d 017d 017d 017d 017d 017d 017d 017d 017d 017d 017d 017d 017d 017d 017d 017d 017d 017d 017d 017d 017d 017d 017d 017d 017d 017d 017d 017d 017d 017d 017d 017d
015c 015c 015c 015c 015c 015c 015c 015c 015c 015c 015c 015c 015c 015c 015c 015c 015c 015c 015c 015c 015c 015c 015c 015c 015c 015c 015c 015c 015c 015c 015c 015c 015c 015c 015c 015c 015c 015c 015c 015c 015c 015c 015c 015c 015c 015c 015c 015c 015c 015c 015c 015c 015c 015c 015c 015c 015c 015c 015c 015c 015c 015c 015c 015c 0fff 0fff 0fff 0fff 0fff 0fff 0fff 0fff 0fff 0fff 0fff 0fff 0fff 0fff 0fff 017d 017d 017d 017d 017d 017d 017d 017d 017d 017d 017d 017d 017d 017d 017d 017d 017d 017d 017d 017d 017d 017d 017d 017d 017d 017d 017d 017d 017d 017d 017d 017d 017d 017d 017d 017d 017d 017d 017d 017d 017d 017d 017d 017d 017d 017d 017d 017d 017d
015c 015c 015c 015c 015c 015c 015c 015c 015c 015c 015c 015c 015c 015c 015c 015c 015c 015c 015c 015c 015c 015c 015c 015c 015c 015c 015c 015c 015c 015c 015c 015c 015c 015c 015c 015c 015c 015c 015c 015c 015c 015c 015c 015c 015c 015c 015c 015c 015c 015c 015c 015c 015c 015c 015c 015c 015c 015c 015c 015c 015c 015c 015c 015c 0fff 0fff 0fff 0fff 0fff 0fff 0fff 0fff 0fff 0fff 0fff 0fff 0fff 0fff 0fff 017d 017d 017d 017d 017d 017d 017d 017d 017d 017d 017d 017d 017d 017d 017d 017d 017d 017d 017d 017d 017d 017d 017d 017d 017d 017d 017d 017d 017d 017d 017d 017d 017d 017d 017d 017d 017d 017d 017d 017d 017d 017d 017d 017d 017d 017d 017d 017d 017d
015c 015c 015c 015c 015c 015c 015c 015c 015c 015c 015c 015c 015c 015c 015c 015c 015c 015c 015c 015c 015c 015c 015c 015c 015c 015c 015c 015c 015c 015c 015c 015c 015c 015c 015c 015c 015c 015c 015c 015c 015c 015c 015c 015c 015c 015c 015c 015c 015c 015c 015c 015c 015c 015c 015c 015c 015c 015c 015c 015c 015c 015c 015c 015c 017d 017d 017d 017d 017d 017d 017d 017d 017d 017d 017d 017d 017d 017d 017d 017d 017d 017d 017d 017d 017d 017d 017d 017d 017d 017d 017d 017d 017d 017d 017d 017d 017d 017d 017d 017d 017d 017d 017d 017d 017d 017d 017d 017d 017d 017d 017d 017d 017d 017d 017d 017d 017d 017d 017d 017d 017d 017d 017d 017d 017d 017d 017d 017d
015c 015c 015c 015c 015c 015c 015c 015c 015c 015c 015c 015c 015c 015c 015c 015c 015c 015c 015c 015c 015c 015c 015c 015c 015c 015c 015c 015c 015c 015c 015c 015c 015c 015c 015c 015c 015c 015c 015c 015c 015c 015c 015c 015c 015c 015c 015c 015c 015c 015c 015c 015c 015c 015c 015c 015c 015c 015c 015c 015c 015c 015c 015c 015c 017d 017d 017d 017d 017d 017d 017d 017d 017d 017d 017d 017d 017d 017d 017d 017d 017d 017d 017d 017d 017d 017d 017d 017d 017d 017d 017d 017d 017d 017d 017d 017d 017d 017d 017d 017d 017d 017d 017d 017d 017d 017d 017d 017d 017d 017d 017d 017d 017d 017d 017d 017d 017d 017d 017d 017d 017d 017d 017d 017d 017d 017d 017d 017d
015c 015c 015c 015c 015c 015c 015c 015c 015c 015c 015c 015c 015c 015c 015c 015c 015c 015c 015c 015c 015c 015c 015c 015c 015c 015c 015c 015c 015c 015c 015c 015c 015c 015c 015c 015c 015c 015c 015c 015c 015c 015c 015c 015c 015c 015c 015c 015c 015c 015c 015c 015c 015c 015c 015c 015c 015c 015c 015c 015c 015c 015c 015c 015c 017d 017d 017d 017d 017d 017d 017d 017d 017d 017d 017d 017d 017d 017d 017d 017d 017d 017d 017d 017d 017d 017d 017d 017d 017d 017d 017d 017d 017d 017d 017d 017d 017d 017d 017d 017d 017d 017d 017d 017d 017d 017d 017d 017d 017d 017d 017d 017d 017d 017d 017d 017d 017d 017d 017d 017d 017d 017d 017d 017d 017d 017d 017d 017d
015c 015c 015c 015c 015c 015c 015c 015c 015c 015c 015c 015c 015c 015c 015c 015c 015c 015c 015c 015c 015c 015c 015c 015c 015c 015c 015c 015c 015c 015c 015c 015c 015c 015c 015c 015c 015c 015c 015c 015c 015c 015c 015c 015c 015c 015c 015c 015c 015c 015c 015c 015c 015c 015c 015c 015c 015c 015c 015c 015c 015c 015c 015c 015c 017d 017d 017d 017d 017d 017d 017d 017d 017d 017d 017d 017d 017d 017d 017d 017d 017d 017d 017d 017d 017d 017d 017d 017d 017d 017d 017d 017d 017d 017d 017d 017d 017d 017d 017d 017d 017d 017d 017d 017d 017d 017d 017d 017d 017d 017d 017d 017d 017d 017d 017d 017d 017d 017d 017d 017d 017d 017d 017d 017d 017d 017d 017d 017d
015c 015c 015c 015c 015c 015c 015c 015c 015c 015c 015c 015c 015c 015c 015c 015c 015c 015c 015c 015c 015c 015c 015c 015c 015c 015c 015c 015c 015c 015c 015c 015c 015c 015c 015c 015c 015c 015c 015c 015c 015c 015c 015c 015c 015c 015c 015c 015c 015c 015c 015c 015c 015c 015c 015c 015c 015c 015c 015c 015c 015c 015c 015c 015c 017d 017d 017d 017d 017d 017d 017d 017d 017d 017d 017d 017d 017d 017d 017d 017d 017d 017d 017d 017d 017d 017d 017d 017d 017d 017d 017d 017d 017d 017d 017d 017d 017d 017d 017d 017d 017d 017d 017d 017d 017d 017d 017d 017d 017d 017d 017d 017d 017d 017d 017d 017d 017d 017d 017d 017d 017d 017d 017d 017d 017d 017d 017d 017d
015c 015c 015c 015c 015c 015c 015c 015c 015c 015c 015c 015c 015c 015c 015c 015c 015c 015c 015c 015c 015c 015c 015c 015c 015c 015c 015c 015c 015c 015c 015c 015c 015c 015c 015c 015c 015c 015c 015c 015c 015c 015c 015c 015c 015c 015c 015c 015c 015c 015c 015c 015c 015c 015c 015c 015c 015c 015c 015c 015c 015c 015c 015c 015c 017d 017d 017d 017d 017d 017d 017d 017d 017d 017d 017d 017d 017d 017d 017d 017d 017d 017d 017d 017d 017d 017d 017d 017d 017d 017d 017d 017d 017d 017d 017d 017d 017d 017d 017d 017d 017d 017d 017d 017d 017d 017d 017d 017d 017d 017d 017d 017d 017d 017d 017d 017d 017d 017d 017d 017d 017d 017d 017d 017d 017d 017d 017d 017d
015c 015c 015c 015c 015c 015c 015c 015c 015c 015c 015c 015c 015c 015c 015c 015c 015c 015c 015c 015c 015c 015c 015c 015c 015c 015c 015c 015c 015c 015c 015c 015c 015c 015c 015c 015c 015c 015c 015c 015c 015c 015c 015c 015c 015c 015c 015c 015c 015c 015c 015c 015c 015c 015c 015c 015c 015c 015c 015c 015c 015c 015c 015c 015c 017d 017d 017d 017d 017d 017d 017d 017d 017d 017d 017d 017d 017d 017d 017d 017d 017d 017d 017d 017d 017d 017d 017d 017d 017d 017d 017d 017d 017d 017d 017d 017d 017d 017d 017d 017d 017d 017d 017d 017d 017d 017d 017d 017d 017d 017d 017d 017d 017d 017d 017d 017d 017d 017d 017d 017d 017d 017d 017d 017d 017d 017d 017d 017d
015c 015c 015c 015c 015c 015c 015c 015c 015c 015c 015c 015c 015c 015c 015c 015c 015c 015c 015c 015c 015c 015c 015c 015c 015c 015c 015c 015c 015c 015c 015c 015c 015c 015c 015c 015c 015c 015c 015c 015c 015c 015c 015c 015c 015c 015c 015c 015c 015c 015c 015c 015c 015c 015c 015c 015c 015c 015c 015c 015c 015c 015c 015c 015c 017d 017d 017d 017d 017d 017d 017d 017d 017d 017d 017d 017d 017d 017d 017d 017d 017d 017d 017d 017d 017d 017d 017d 017d 017d 017d 017d 017d 017d 017d 017d 017d 017d 017d 017d 017d 017d 017d 017d 017d 017d 017d 017d 017d 017d 017d 017d 017d 017d 017d 017d 017d 017d 017d 017d 017d 017d 017d 017d 017d 017d 017d 017d 017d
015c 015c 015c 015c 015c 015c 015c 015c 015c 015c 015c 015c 015c 015c 015c 015c 015c 015c 015c 015c 015c 015c 015c 015c 015c 015c 015c 015c 015c 015c 015c 015c 015c 015c 015c 015c 015c 015c 015c 015c 015c 015c 015c 015c 015c 015c 015c 015c 015c 015c 015c 015c 015c 015c 015c 015c 015c 015c 015c 015c 015c 015c 015c 015c 017d 017d 017d 017d 017d 017d 017d 017d 017d 017d 017d 017d 017d 017d 017d 017d 017d 017d 017d 017d 017d 017d 017d 017d 017d 017d 017d 017d 017d 017d 017d 017d 017d 017d 017d 017d 017d 017d 017d 017d 017d 017d 017d 017d 017d 017d 017d 017d 017d 017d 017d 017d 017d 017d 017d 017d 017d 017d 017d 017d 017d 017d 017d 017d
015c 015c 015c 015c 015c 015c 015c 015c 015c 015c 015c 015c 015c 015c 015c 015c 015c 015c 015c 015c 015c 015c 015c 015c 015c 015c 015c 015c 015c 015c 015c 015c 015c 015c 015c 015c 015c 015c 015c 015c 015c 015c 015c 015c 015c 015c 015c 015c 015c 015c 015c 015c 015c 015c 015c 015c 015c 015c 015c 015c 015c 015c 015c 015c 017d 017d 017d 017d 017d 017d 017d 017d 017d 017d 017d 017d 017d 017d 017d 017d 017d 017d 017d 017d 017d 017d 017d 017d 017d 017d 017d 017d 017d 017d 017d 017d 017d 017d 017d 017d 017d 017d 017d 017d 017d 017d 017d 017d 017d 017d 017d 017d 017d 017d 017d 017d 017d 017d 017d 017d 017d 017d 017d 017d 017d 017d 017d 017d
015c 015c 015c 015c 015c 015c 015c 015c 015c 015c 015c 015c 015c 015c 015c 015c 015c 015c 015c 015c 015c 015c 015c 015c 015c 015c 015c 015c 015c 015c 015c 015c 015c 015c 015c 015c 015c 015c 015c 015c 015c 015c 015c 015c 015c 015c 015c 015c 015c 015c 015c 015c 015c 015c 015c 015c 015c 015c 015c 015c 015c 015c 015c 015c 017d 017d 017d 017d 017d 017d 017d 017d 017d 017d 017d 017d 017d 017d 017d 017d 017d 017d 017d 017d 017d 017d 017d 017d 017d 017d 017d 017d 017d 017d 017d 017d 017d 017d 017d 017d 017d 017d 017d 017d 017d 017d 017d 017d 017d 017d 017d 017d 017d 017d 017d 017d 017d 017d 017d 017d 017d 017d 017d 017d 017d 017d 017d 017d
015c 015c 015c 015c 015c 015c 015c 015c 015c 015c 015c 015c 015c 015c 015c 015c 015c 015c 015c 015c 015c 015c 015c 015c 015c 015c 015c 015c 015c 015c 015c 015c 015c 015c 015c 015c 015c 015c 015c 015c 015c 015c 015c 015c 015c 015c 015c 015c 015c 015c 015c 015c 015c 015c 015c 015c 015c 015c 015c 015c 015c 015c 015c 015c 017d 017d 017d 017d 017d 017d 017d 017d 017d 017d 017d 017d 017d 017d 017d 017d 017d 017d 017d 017d 017d 017d 017d 017d 017d 017d 017d 017d 017d 017d 017d 017d 017d 017d 017d 017d 017d 017d 017d 017d 017d 017d 017d 017d 017d 017d 017d 017d 017d 017d 017d 017d 017d 017d 017d 017d 017d 017d 017d 017d 017d 017d 017d 017d
015c 015c 015c 015c 015c 015c 015c 015c 015c 015c 015c 015c 015c 015c 015c 015c 015c 015c 015c 015c 015c 015c 015c 015c 015c 015c 015c 015c 015c 015c 015c 015c 015c 015c 015c 015c 015c 015c 015c 015c 015c 015c 015c 015c 015c 015c 015c 015c 015c 015c 015c 015c 015c 015c 015c 015c 015c 015c 015c 015c 015c 015c 015c 015c 017d 017d 017d 017d 017d 017d 017d 017d 017d 017d 017d 017d 017d 017d 017d 017d 017d 017d 017d 017d 017d 017d 017d 017d 017d 017d 017d 017d 017d 017d 017d 017d 017d 017d 017d 017d 017d 017d 017d 017d 017d 017d 017d 017d 017d 017d 017d 017d 017d 017d 017d 017d 017d 017d 017d 017d 017d 017d 017d 017d 017d 017d 017d 017d
015c 015c 015c 015c 015c 015c 015c 015c 015c 015c 015c 015c 015c 015c 015c 015c 015c 015c 015c 015c 015c 015c 015c 015c 015c 015c 015c 015c 015c 015c 015c 015c 015c 015c 015c 015c 015c 015c 015c 015c 015c 015c 015c 015c 015c 015c 015c 015c 015c 015c 015c 015c 015c 015c 015c 015c 015c 015c 015c 015c 015c 015c 015c 015c 017d 017d 017d 017d 017d 017d 017d 017d 017d 017d 017d 017d 017d 017d 017d 017d 017d 017d 017d 017d 017d 017d 017d 017d 017d 017d 017d 017d 017d 017d 017d 017d 017d 017d 017d 017d 017d 017d 017d 017d 017d 017d 017d 017d 017d 017d 017d 017d 017d 017d 017d 017d 017d 017d 017d 017d 017d 017d 017d 017d 017d 017d 017d 017d
015c 015c 015c 015c 015c 015c 015c 015c 015c 015c 015c 015c 015c 015c 015c 015c 015c 015c 015c 015c 015c 015c 015c 015c 015c 015c 015c 015c 015c 015c 015c 015c 015c 015c 015c 015c 015c 015c 015c 015c 015c 015c 015c 015c 015c 015c 015c 015c 015c 015c 015c 015c 015c 015c 015c 015c 015c 015c 015c 015c 015c 015c 015c 015c 017d 017d 017d 017d 017d 017d 017d 017d 017d 017d 017d 017d 017d 017d 017d 017d 017d 017d 017d 017d 017d 017d 017d 017d 017d 017d 017d 017d 017d 017d 017d 017d 017d 017d 017d 017d 017d 017d 017d 017d 017d 017d 017d 017d 017d 017d 017d 017d 017d 017d 017d 017d 017d 017d 017d 017d 017d 017d 017d 017d 017d 017d 017d 017d
015c 015c 015c 015c 015c 015c 015c 015c 015c 015c 015c 015c 015c 015c 015c 015c 015c 015c 015c 015c 015c 015c 015c 015c 015c 015c 015c 015c 015c 015c 015c 015c 015c 015c 015c 015c 015c 015c 015c 015c 015c 015c 015c 015c 015c 015c 015c 015c 015c 015c 015c 015c 015c 015c 015c 015c 015c 015c 015c 015c 015c 015c 015c 015c 017d 017d 017d 017d 017d 017d 017d 017d 017d 017d 017d 017d 017d 017d 017d 017d 017d 017d 017d 017d 017d 017d 017d 017d 017d 017d 017d 017d 017d 017d 017d 017d 017d 017d 017d 017d 017d 017d 017d 017d 017d 017d 017d 017d 017d 017d 017d 017d 017d 017d 017d 017d 017d 017d 017d 017d 017d 017d 017d 017d 017d 017d 017d 017d
015c 015c 015c 015c 015c 015c 015c 015c 015c 015c 015c 015c 015c 015c 015c 015c 015c 015c 015c 015c 015c 015c 015c 015c 015c 015c 015c 015c 015c 015c 015c 015c 015c 015c 015c 015c 015c 015c 015c 015c 015c 015c 015c 015c 015c 015c 015c 015c 015c 015c 015c 015c 015c 015c 015c 015c 015c 015c 015c 015c 015c 015c 015c 015c 017d 017d 017d 017d 017d 017d 017d 017d 017d 017d 017d 017d 017d 017d 017d 017d 017d 017d 017d 017d 017d 017d 017d 017d 017d 017d 017d 017d 017d 017d 017d 017d 017d 017d 017d 017d 017d 017d 017d 017d 017d 017d 017d 017d 017d 017d 017d 017d 017d 017d 017d 017d 017d 017d 017d 017d 017d 017d 017d 017d 017d 017d 017d 017d
015c 015c 015c 015c 015c 015c 015c 015c 015c 015c 015c 015c 015c 015c 015c 015c 015c 015c 015c 015c 015c 015c 015c 015c 015c 015c 015c 015c 015c 015c 015c 015c 015c 015c 015c 015c 015c 015c 015c 015c 015c 015c 015c 015c 015c 015c 015c 015c 015c 015c 015c 015c 015c 015c 015c 015c 015c 015c 015c 015c 015c 015c 015c 015c 017d 017d 017d 017d 017d 017d 017d 017d 017d 017d 017d 017d 017d 017d 017d 017d 017d 017d 017d 017d 017d 017d 017d 017d 017d 017d 017d 017d 017d 017d 017d 017d 017d 017d 017d 017d 017d 017d 017d 017d 017d 017d 017d 017d 017d 017d 017d 017d 017d 017d 017d 017d 017d 017d 017d 017d 017d 017d 017d 017d 017d 017d 017d 017d
015c 015c 015c 015c 015c 015c 015c 015c 015c 015c 015c 015c 015c 015c 015c 015c 015c 015c 015c 015c 015c 015c 015c 015c 015c 015c 015c 015c 015c 015c 015c 015c 015c 015c 015c 015c 015c 015c 015c 015c 015c 015c 015c 015c 015c 015c 015c 015c 015c 015c 015c 015c 015c 015c 015c 015c 015c 015c 015c 015c 015c 015c 015c 015c 017d 017d 017d 017d 017d 017d 017d 017d 017d 017d 017d 017d 017d 017d 017d 017d 017d 017d 017d 017d 017d 017d 017d 017d 017d 017d 017d 017d 017d 017d 017d 017d 017d 017d 017d 017d 017d 017d 017d 017d 017d 017d 017d 017d 017d 017d 017d 017d 017d 017d 017d 017d 017d 017d 017d 017d 017d 017d 017d 017d 017d 017d 017d 017d
