first	20
top	0
rows	f
20	5
21	4
22	6
23	8
24	9
25	9
26	a
27	4
28	5
29	5
2a	9
2b	8
2c	3
2d	7
2e	3
2f	9
30	7
31	3
32	7
33	6
34	7
35	7
36	7
37	7
38	6
39	7
3a	5
3b	5
3c	5
3d	7
3e	6
3f	7
40	9
41	9
42	8
43	7
44	8
45	8
46	7
47	7
48	9
49	4
4a	8
4b	9
4c	7
4d	a
4e	9
4f	8
50	8
51	8
52	8
53	7
54	6
55	7
56	8
57	a
58	a
59	7
5a	8
5b	5
5c	6
5d	4
5e	5
5f	8
60	3
61	7
62	7
63	7
64	8
65	7
66	6
67	7
68	7
69	3
6a	8
6b	8
6c	4
6d	9
6e	7
6f	7
70	7
71	7
72	8
73	7
74	6
75	7
76	8
77	a
78	8
79	7
7a	8
7b	6
7c	3
7d	6
7e	9
7f	0
80	8
81	8
82	8
83	8
84	8
85	8
86	8
87	8
88	8
89	8
8a	8
8b	8
8c	0
8d	0
8e	6
8f	9
90	0
91	0
92	0
93	0
94	0
95	0
96	0
97	0
98	0
99	0
9a	0
9b	0
9c	0
9d	0
9e	0
9f	0
a0	0
a1	4
a2	6
a3	7
a4	0
a5	8
a6	0
a7	8
a8	5
a9	7
aa	6
ab	8
ac	6
ad	0
ae	7
af	5
b0	4
b1	7
b2	0
b3	0
b4	4
b5	9
b6	a
b7	2
b8	3
b9	0
ba	6
bb	8
bc	0
bd	d
be	b
bf	8
c0	9
c1	9
c2	9
c3	9
c4	9
c5	9
c6	d
c7	8
c8	8
c9	8
ca	8
cb	8
cc	5
cd	5
ce	6
cf	6
d0	0
d1	9
d2	8
d3	8
d4	8
d5	8
d6	8
d7	0
d8	b
d9	8
da	8
db	8
dc	8
dd	0
de	0
df	8
e0	7
e1	7
e2	7
e3	7
e4	7
e5	7
e6	b
e7	7
e8	7
e9	7
ea	7
eb	7
ec	4
ed	4
ee	5
ef	5
f0	0
f1	7
f2	7
f3	7
f4	7
f5	8
f6	7
f7	8
f8	a
f9	7
fa	7
fb	7
fc	7
fd	0
fe	0
ff	7
