anim	00 06 f1 00
anim	00 50 05 06 00 5a 14 a0 00 1e 05 06 00 1e 05 06 00 be 05 06 fd 00
anim	32 07 19 07 1e 07 23 07 28 07 2d 07 fd 00
anim	0a 0a fe 01
anim	0f 05 00 03 14 05 00 03 0f 05 00 03 14 05 00 03 fe 01
anim	32 04 19 04 1e 04 23 04 28 04 2d 04 fd 00
anim	32 0e f1 00
anim	32 0e f1 00
anim	32 0e 19 0c 1e 0c 23 0e 28 0c 2d 0c fd 00
anim	fe 01
anim	38 04 3d 18 42 08 47 0f f1 00
anim	f0 11 37 07 f1 00
anim	38 04 3d 18 f1 00
anim	3d 02 42 08 47 0f f1 00
anim	32 0e f1 00
anim	32 0e f1 00
anim	32 04 19 04 1e 04 23 04 28 04 2d 04 fd 00
animations	0 1 2 3 4 5 6 7 8 9 10 10 10 10 10 10 10 10 11 11 12 13 14 15 15 15 15 15 15 16 16
