stem	best_diff	size	best_mode	draft
08078144	0	228/228	-fno-sched-alias	work/candidates/08078144.c
080044d0	1	212/212	-fsched-low-dest-first	work/hand/080044d0/080044d0.c
0808fecc	2	48/48	BASE	work/candidates/0808fecc.c
080942e0	2	116/116	BASE	work/hand/080942e0/080942e0.c
0801faa8	3	160/160	BASE	work/agents/codex_0801faa8/search-results/000/0801faa8.c
08022768	3	180/180	BASE	work/hand/08022768/08022768.c
080286a0	3	188/188	BASE	work/agents/080286a0-next/080286a0.c
08098b10	3	248/248	-fno-cse-pool-immediate	work/candidates/08098b10.c
080a1870	4	236/236	BASE	work/hand/080a1870/best/080a1870.c
080b5d3c	4	214/214	-fno-cse-two-insn-immediate	work/agents/080b5d3c/080b5d3c.c
080f7f30	5	72/72	-fno-cse-pool-immediate	work/hand/080f7f30/080f7f30.c
08090824	6	104/104	-mgrouped-dma-store	work/hand/08090824.c
080f0614	6	100/100	BASE	work/agents/solve_08019944/080f0614.c
0801965c	7	104/104	-fno-cse-two-insn-immediate	work/hand/0801965c/explicit-loop-limit/0801965c.c
080a8578	7	140/140	-fno-rerun-cse-after-loop	work/agents/codex_080a8578/080a8578.c
08077394	8	68/68	-fno-cse-two-insn-immediate	work/agents/codex_08077394/variants/extern_result/08077394.c
0801a4fc	9	166/166	BASE	work/agents/0801a4fc/0801a4fc.c
08096810	9	336/336	-fsched-low-dest-first	work/agents/08096810/08096810.c
080ae99c	9	84/84	-mthumb-immediate-latency	work/agents/codex_080ae9f0/080ae99c.c
08011fd8	10	96/96	BASE	work/hand/08011fd8/08011fd8.c
0808b868	11	128/128	BASE	work/hand/0808b868.c
080c0130	11	84/84	-mgrouped-dma-store	work/hand/080c0130/080c0130.c
08021be0	12	84/84	-fno-schedule-insns2	work/hand/08021be0/08021be0.c
080a6a98	12	204/204	-fno-cse-two-insn-immediate	work/candidates/080a6a98.c
080ae9f0	12	92/92	-fsched-store-first	work/hand/080ae9f0/080ae9f0.c
080f9afc	12	24/20	-fsched-high-dest-first	work/manual/080f9afc.c
080fa1ac	12	28/26	-fno-regmove	work/matches/m2c/080fa1ac.c
0801c188	13	148/148	-fno-cse-two-insn-immediate	work/agents/0801c188/0801c188.c
0809a7f4	13	156/156	BASE	work/hand/0809a7f4/0809a7f4.c
0809ba90	13	164/164	-mgrouped-dma-store	work/agents/0809ba90/0809ba90.c
080f4028	13	140/140	-fno-sched-depend-count	work/hand/080f4028/080f4028.c
080fa264	13	28/28	-fno-expensive-optimizations	work/manual/080fa264.c
08004760	14	60/60	-fno-cse-pool-immediate	work/hand/08004x-small/04760_grouped_locals/08004760.c
080c1fa8	14	84/84	-fno-sched-depend-count	work/hand/080c1fa8/080c1fa8.c
080fb410	14	28/30	-fno-sched-alias	work/agents/codex_080fb410/reassign/080fb410.c
08011a84	15	92/92	-mgrouped-dma-store	work/hand/08011a84/08011a84.c
08019d2c	15	124/124	-fno-cse-two-insn-immediate	work/agents/solve_08019944/08019d2c.c
0809397c	15	152/152	BASE	work/hand/0809397c/0809397c.c
080a40ac	15	100/100	BASE	work/agents/codex_080a40ac/080a40ac.c
080052f4	16	76/76	-mgrouped-dma-store	work/hand/080052f4/080052f4.c
080fa280	16	36/32	-fno-schedule-insns2	work/manual/080fa280.c
08002dd8	17	40/40	-fno-regmove,-fno-schedule-insns2	work/matches/m2c/08002dd8.c
0801ea3c	17	164/160	-fno-regmove,-fno-expensive-optimizations	work/hand/0801ea3c.c
0807a550	17	92/94	-fno-gcse-insert-load	work/hand/0807a550/0807a550.c
080c0eb8	17	36/36	-fsched-store-first	work/agents/080c0eb8/080c0eb8.c
080f9a30	17	36/32	-fno-cse-pool-immediate	work/manual/080f9a30.c
080054e4	18	80/80	-mgrouped-dma-store	work/candidates/080054e4.c
08005534	18	80/80	-mgrouped-dma-store	work/candidates/08005534.c
0800562c	18	80/80	-mgrouped-dma-store	work/candidates/0800562c.c
0800567c	18	80/80	-mgrouped-dma-store	work/candidates/0800567c.c
080b7548	18	148/148	-fsched-store-first	work/agents/080b7548/080b7548.c
08004278	19	80/80	-fno-regmove,-fno-schedule-insns2	work/agents/solve_08004278/08004278.c
080fb2a4	20	32/40	BASE	work/hand/080fb2a4.c
0800543c	21	84/84	-mgrouped-dma-store	work/hand/0800543c/0800543c.c
08021950	21	120/120	-fno-cse-pool-immediate	work/candidates/08021950.c
08098848	21	268/268	-fsched-high-dest-first	work/matches/m2c/08098848.c
08020198	22	168/172	BASE	work/agents/08020198/08020198.c
080a22f4	22	48/48	-fno-cse-pool-immediate	work/manual/a22/080a22f4.c
080a2324	22	156/156	-fno-sched-depend-count	work/hand/080a2324.c
080f9a18	22	44/22	BASE	work/matches/m2c/080f9a18.c
08016178	23	184/184	-fno-gcse	work/candidates/08016178.c
080170c4	23	48/52	-fno-sched-depend-count	work/manual/080170c4.c
0801fd34	23	84/80	-fsched-store-first	work/matches/m2c/0801fd34.c
080788c4	23	132/132	BASE	work/hand/080788c4/080788c4.c
08003fa4	24	152/152	-fsched-low-dest-first	work/hand/08003fa4/08003fa4.c
080049ac	24	64/60	-fno-schedule-insns2	work/candidates/080049ac.c
080a3354	24	126/128	BASE	work/candidates/080a3354.c
080bd7a4	24	36/56	-mgrouped-dma-store	work/hand/080bd7a4/080bd7a4.c
0808fe38	25	126/120	-mgrouped-dma-store	work/agents/codex_0808fe38/0808fe38.c
080949a8	25	288/288	-mgrouped-dma-store	work/agents/080949a8/080949a8.c
080a3ddc	25	78/76	BASE	work/hand/080a3ddc/080a3ddc.c
080a7380	25	192/192	-fno-cse-two-insn-immediate	work/hand/080a7380/080a7380.c
080c00d8	25	88/88	-fno-cse-two-insn-immediate,-fsched-low-dest-first	work/hand/080c00d8/080c00d8.c
080cd358	25	192/192	-fno-cse-two-insn-immediate,-fno-cse-pool-immediate	work/matches/m2c/080cd358.c
080a1f74	26	96/96	BASE	work/hand/080a1f74/080a1f74.c
080165d8	27	150/150	-fno-gcse	work/hand/080165d8/080165d8.c
080907b0	27	116/116	BASE	work/hand/080907b0.c
080a8914	27	508/508	BASE	work/agents/080a8914/080a8914.c
0800447c	28	76/84	-fno-cse-two-insn-immediate	work/hand/0800447c/0800447c.c
08004bd4	28	76/72	-fno-sched-alias	work/hand/08004bd4/08004bd4.c
08004c6c	28	76/72	-fsched-store-first	work/candidates/08004c6c.c
080936a0	28	112/112	-fsched-store-first	work/hand/080936a0/080936a0.c
080b5ad4	28	68/64	-fno-schedule-insns2	work/hand/080b5ad4/080b5ad4.c
080bac6c	28	124/124	BASE	work/hand/080bac6c/080bac6c.c
080cd52c	28	104/104	-mthumb-immediate-latency	work/agents/codex_080cd52c/080cd52c.c
080b0840	29	92/84	-fno-cse-two-insn-immediate	work/matches/m2c/080b0840.c
080c1ebc	29	148/148	-mthumb-immediate-latency	work/agents/080c1ebc/080c1ebc.c
080d6750	29	138/138	-mthumb-immediate-latency	work/agents/solve_08019944/080d6750.c
080f9ef8	29	68/68	BASE	work/hand/compiler-cohort-proof/080f9ef8/080f9ef8.c
080175c0	30	96/96	-mthumb-immediate-latency	work/hand/080175c0/080175c0.c
08004c1c	31	84/80	-fno-sched-depend-count	work/agents/08004c1c/08004c1c.c
08004cb4	31	64/60	BASE	work/hand/08004cb4/08004cb4.c
08004cf0	31	64/60	BASE	work/hand/08004cf0/08004cf0.c
08005584	32	80/84	-mgrouped-dma-store	work/candidates/08005584.c
08006408	32	84/80	-fno-cse-follow-jumps,-fno-cse-skip-blocks	work/matches/m2c/08006408.c
080a46b4	32	152/160	-fno-expensive-optimizations	work/hand/080a46b4/080a46b4.c
080b0a20	32	56/74	-fno-cse-two-insn-immediate	work/matches/m2c/080b0a20.c
08005490	33	80/84	-mgrouped-dma-store	work/agents/08005490-next/08005490.c
080055d8	33	80/84	-mgrouped-dma-store	work/candidates/080055d8.c
0800bb20	33	160/160	-fno-regmove,-fno-schedule-insns2	work/hand/0800bb20/0800bb20.c
0800651c	34	72/64	-fsched-store-first	work/matches/m2c/0800651c.c
080a448c	34	320/320	-fno-rerun-cse-after-loop	work/matches/m2c/080a448c.c
080f0254	34	88/92	-mgrouped-dma-store	work/hand/080f0254/080f0254.c
08078708	35	212/212	BASE	work/agents/codex_08078708/08078708.c
08078e28	35	164/164	-fno-cse-two-insn-immediate	work/hand/08078e28/08078e28.c
080bd850	35	52/72	BASE	work/matches/m2c/080bd850.c
080fa16c	36	72/64	BASE	work/matches/m2c/080fa16c.c
08094154	37	136/138	-fno-cse-pool-immediate	work/matches/m2c/08094154.c
080e727c	37	92/98	BASE	work/hand/080e727c/search/0020/080e727c.c
080167e0	39	136/136	BASE	work/hand/080167e0/080167e0.c
080937b8	39	184/186	-fno-cse-pool-immediate	work/candidates/080937b8.c
080c0cec	39	264/264	-fsched-low-dest-first	work/agents/080c0cec-next/080c0cec.c
080f9438	39	140/142	-fno-cse-pool-immediate	work/hand/080f9438/080f9438.c
080063bc	40	84/76	BASE	work/matches/m2c/080063bc.c
0800fac8	40	120/112	BASE	work/matches/m2c/0800fac8.c
080f377c	40	108/112	-fno-cse-two-insn-immediate,-fno-cse-pool-immediate,-fno-sched-depend-count	work/rico-probe/dsetest/080f377c.c
08004144	41	64/84	BASE	work/08004144.c
08015f30	41	136/136	-mgrouped-dma-store	work/hand/08015f30/08015f30.c
08011f54	43	132/132	-fno-expensive-optimizations	work/agents/08011f54/08011f54.c
08028808	44	156/160	BASE	work/hand/08028808/08028808.c
08097868	44	100/92	-fno-expensive-optimizations	work/matches/m2c/08097868.c
080c0f98	45	118/122	-fno-schedule-insns2	work/matches/m2c/080c0f98.c
08015fb8	46	84/96	BASE	work/matches/m2c/08015fb8.c
080c0228	46	116/112	-fno-regmove,-fno-expensive-optimizations	work/matches/m2c/080c0228.c
080160fc	47	124/124	-fno-cse-two-insn-immediate	work/agents/solve_080160fc/080160fc.c
0808b158	47	128/128	-fno-rerun-cse-after-loop	work/agents/0808b158/0808b158.c
0808d394	47	148/148	-fno-rerun-cse-after-loop	work/agents/0808d394/0808d394.c
08003e58	48	124/124	-fno-schedule-insns2	work/agents/codex_08003e58/08003e58.c
0808b320	48	104/120	-fno-expensive-optimizations	work/hand/0808b320/0808b320.c
080d66cc	48	136/132	-fno-expensive-optimizations	work/matches/m2c/080d66cc.c
0801edec	49	116/124	-mgrouped-dma-store	work/hand/0801edec/0801edec.c
08010560	50	112/116	-fno-gcse	work/matches/m2c/08010560.c
08079b24	50	160/160	-fno-gcse	work/hand/08079b24/08079b24.c
080b1dec	50	140/148	-fno-rerun-cse-after-loop	work/agents/080b1dec/080b1dec.c
080e7338	50	54/102	-fno-cse-pool-immediate	work/hand/080e7338/080e7338.c
080164d4	51	150/150	-fno-expensive-optimizations	work/agents/080164d4/v10/080164d4.c
080a2144	51	116/108	-fno-cse-two-insn-immediate,-fno-cse-pool-immediate,-fno-sched-depend-count	work/matches/m2c/080a2144.c
08012388	52	80/108	-fno-schedule-insns2	work/candidates/08012388.c
080a9c18	52	162/162	-fno-gcse	work/hand/080a9c18/corrected_m2c/080a9c18.c
0807a3a8	53	168/176	-fno-expensive-optimizations	work/candidates/0807a3a8.c
080c9048	53	164/156	-fno-cse-pool-immediate	work/matches/m2c/080c9048.c
08011590	55	184/180	-fno-sched-depend-count	work/agents/codex_08011590/08011590.c
0801c8a0	55	124/132	-fno-gcse	work/matches/m2c/0801c8a0.c
0808b98c	55	116/108	-fno-schedule-insns2	work/hand/0808b98c/0808b98c.c
080a1a40	55	112/126	-fno-cse-pool-immediate	work/matches/m2c/080a1a40.c
080b6c08	55	132/136	-fno-gcse-insert-load	work/hand/080b6c08.c
080113e4	56	188/188	-fno-expensive-optimizations	work/hand/080113e4/080113e4.c
0801868c	56	260/260	-fno-cse-two-insn-immediate	work/matches/m2c/0801868c.c
0808ddec	56	304/304	-fno-expensive-optimizations	work/agents/0808ddec/0808ddec.c
080a8c2c	57	144/148	-fno-schedule-insns2	work/agents/solve_080a8c2c/080a8c2c.c
080cdb24	57	146/154	-fno-expensive-optimizations	work/hand/080cdb24/high01/080cdb24.c
080f60a0	57	176/168	-fsched-store-first	work/matches/m2c/080f60a0.c
080b5b18	58	236/240	-fsched-store-first	work/agents/fresh_family_080b5b18/080b5b18.c
08019854	59	140/136	BASE	work/hand/08019854.c
08021848	59	144/148	-fno-schedule-insns2	work/agents/solve_08021848/08021848.c
08091f14	59	120/124	-fno-regmove	work/agents/solve_08091f14/08091f14.c
080b60a0	59	168/166	BASE	work/hand/080b60a0/080b60a0.c
08006a78	60	74/128	-fno-cse-pool-immediate	work/matches/m2c/08006a78.c
08016f2c	60	208/216	BASE	work/agents/08016f2c/08016f2c.c
080a9598	60	320/320	-fno-expensive-optimizations	work/matches/m2c/080a9598.c
0800bbc0	62	128/134	BASE	work/hand/0800bbc0/0800bbc0.c
08019000	62	140/140	BASE	work/hand/08019000/08019000.c
08099838	62	236/232	BASE	work/hand/08099838/08099838.c
080bad7c	62	190/194	-fno-gcse,-fno-cse-follow-jumps	work/agents/fresh_main_080bad7c/080bad7c.c
080f95f0	62	128/132	BASE	work/agents/solve_080f95f0/080f95f0.c
0809b86c	63	128/136	BASE	work/agents/solve_08019944/0809b86c.c
080a19a0	63	152/160	-fno-regmove,-fno-gcse	work/matches/m2c/080a19a0.c
0800fec8	64	144/140	-fno-sched-depend-count	work/manual/0800fec8.c
0808a5f8	65	236/236	BASE	work/agents/fresh_main_0808a5f8/0808a5f8.c
08092f84	65	160/188	BASE	work/matches/m2c/08092f84.c
08006910	66	132/148	-fno-gcse	work/matches/m2c/08006910.c
08006af8	66	140/140	-fno-cse-pool-immediate	work/hand/08006af8.c
0807a7a0	66	132/136	-fsched-store-first	work/agents/solve_08019944/0807a7a0.c
080a602c	66	180/168	-fno-gcse	work/hand/080a602c/080a602c.c
08010704	67	144/132	-mthumb-immediate-latency	work/agents/solve_08010704/08010704.c
0801bd98	67	220/232	-fno-regmove,-fno-expensive-optimizations	work/manual/0801bd98.c
0800ff54	68	172/172	BASE	work/hand/0800ff54/0800ff54.c
0807a0f4	68	188/192	BASE	work/candidates/0807a0f4.c
08095680	70	248/248	BASE	work/hand/08095680/08095680.c
080983a0	70	288/288	BASE	work/agents/080983a0/080983a0.c
0800c004	71	190/194	-mgrouped-dma-store	work/agents/0800c004/0800c004.c
080a1d08	72	290/302	-fno-cse-two-insn-immediate,-fno-cse-pool-immediate	work/matches/m2c/080a1d08.c
080292c4	73	200/200	BASE	work/candidates/080292c4.c
0800ba30	74	164/154	-fno-regmove,-mthumb-immediate-latency	work/hand/0800ba30/0800ba30.c
080b08b8	74	140/160	-fsched-store-first	work/hand/080b08b8/re_audit/register/00/080b08b8.c
080a77a4	75	172/170	-fsched-store-first	work/hand/080a77a4/080a77a4.c
08011644	76	246/248	-fno-cse-two-insn-immediate,-fsched-store-first	work/agents/codex_08011644/08011644.c
080798e0	77	212/208	-fno-schedule-insns2	work/matches/m2c/080798e0.c
080f6148	77	148/160	-fno-cse-two-insn-immediate,-fno-cse-pool-immediate	work/hand/080f6148/080f6148.c
080b5a0c	78	200/200	-fno-rerun-cse-after-loop	work/hand/080b5a0c/080b5a0c.c
0800479c	81	176/156	-mthumb-immediate-latency	work/matches/m2c/0800479c.c
0801e318	82	168/176	-fno-cse-two-insn-immediate,-fno-cse-pool-immediate	work/hand/0801e318_v2/0801e318.c
0808df1c	84	348/348	-fno-expensive-optimizations	work/manual/0808df1c.c
0809b208	84	352/348	-fno-schedule-insns2	work/hand/early-frame-family/0809b208.c
0801a5a4	85	188/200	-fno-cse-two-insn-immediate,-fsched-store-first	work/hand/0801a5a4/0801a5a4.c
080c0be4	85	264/264	-mthumb-immediate-latency	work/agents/080c0be4-next/080c0be4.c
0800b074	87	234/242	BASE	work/hand/0800b074/0800b074.c
080114a0	90	184/200	-fno-regmove	work/candidates/080114a0.c
080e46f0	90	184/200	-fno-strength-reduce	work/hand/080e46f0/080e46f0.c
0808f1c0	92	196/204	-mthumb-immediate-latency	work/matches/m2c/0808f1c0.c
08093af8	92	264/264	-fno-expensive-optimizations	work/matches/m2c/08093af8.c
080b5864	93	244/248	-mthumb-immediate-latency	work/matches/m2c/080b5864.c
08010d48	95	192/204	-fno-cse-two-insn-immediate	work/candidates/08010d48.c
08012e28	97	248/248	-fno-cse-two-insn-immediate	work/candidates/08012e28.c
0808b090	97	180/200	-fno-cse-pool-immediate	work/matches/m2c/0808b090.c
080aad10	98	252/260	-fno-cse-two-insn-immediate,-fsched-store-first	work/matches/m2c/080aad10.c
08090488	99	260/250	-fno-expensive-optimizations	work/matches/m2c/08090488.c
080f02b0	99	214/204	-fsched-high-dest-first	work/matches/m2c/080f02b0.c
0808e14c	100	236/240	-fno-gcse-insert-load	work/candidates/0808e14c.c
080bb65c	100	356/356	-fno-regmove,-fno-expensive-optimizations	work/matches/m2c/080bb65c.c
080f0538	100	224/220	BASE	work/agents/080f0538-next/m2c-experiment/080f0538.c
080ccaec	102	196/240	BASE	work/matches/m2c/080ccaec.c
08005fcc	106	232/186	-fno-regmove,-fno-expensive-optimizations	work/matches/m2c/08005fcc.c
08021390	107	228/248	-fno-gcse	work/matches/m2c/08021390.c
08017248	108	278/282	-fno-regmove	work/hand/08017248/08017248.c
080ad40c	111	256/252	-fno-rerun-cse-after-loop	work/hand/080ad40c/080ad40c.c
080cd260	111	256/248	-fno-cse-two-insn-immediate,-fsched-low-dest-first	work/matches/m2c/080cd260.c
0808d48c	112	256/260	BASE	work/matches/m2c/0808d48c.c
080b9dc4	113	232/252	-fno-strength-reduce	work/m2c-fresh-20260722/080b9dc4.c
080b920c	114	268/278	-fno-schedule-insns2	work/matches/m2c/080b920c.c
080a1ac0	118	272/266	-fno-expensive-optimizations	work/matches/m2c/080a1ac0.c
08097194	119	240/248	BASE	work/matches/m2c/08097194.c
0808bb2c	121	280/280	-fno-schedule-insns2	work/hand/0808bb2c_v2/0808bb2c.c
0808ba38	123	264/244	-fno-gcse	work/matches/m2c/0808ba38.c
080ac8fc	123	246/264	-fno-strength-reduce	work/m2c-fresh-20260722/080ac8fc.c
080cdd58	123	302/310	-fno-cse-two-insn-immediate,-fsched-store-first	work/matches/m2c/080cdd58.c
080a4800	124	288/292	-fno-expensive-optimizations	work/matches/m2c/080a4800.c
08019bfc	125	264/272	-fno-regmove,-mthumb-immediate-latency	work/agents/fresh_08019bfc/08019bfc.c
0801ef68	125	292/288	-fsched-high-dest-first	work/matches/m2c/0801ef68.c
08097384	125	288/264	-fno-cse-follow-jumps,-fno-cse-skip-blocks	work/matches/m2c/08097384.c
0801179c	128	276/268	-fno-cse-two-insn-immediate,-fno-cse-pool-immediate	work/matches/m2c/0801179c.c
0808ace0	128	276/272	-mthumb-immediate-latency	work/matches/m2c/0808ace0.c
080105d4	129	280/304	-fno-sched-depend-count	work/matches/m2c/080105d4.c
08021488	132	344/344	-mhigh-register-move-first	work/hand/08021488/08021488.c
080a5b94	132	318/300	-fno-cse-two-insn-immediate,-fno-cse-pool-immediate,-fno-sched-depend-count	work/matches/m2c/080a5b94.c
080b29a8	133	376/360	-fno-expensive-optimizations	work/matches/m2c/080b29a8.c
0801dd28	135	308/308	-fno-cse-two-insn-immediate,-fno-cse-pool-immediate	work/agents/fresh_0801dd28/0801dd28.c
08010424	136	304/316	-fno-expensive-optimizations	work/matches/m2c/08010424.c
08010788	136	292/316	-fno-sched-depend-count	work/matches/m2c/08010788.c
080162d4	137	284/280	-fno-regmove,-fno-expensive-optimizations	work/matches/m2c/080162d4.c
0808e4b4	137	276/292	-fno-cse-pool-immediate	work/matches/m2c/0808e4b4.c
080aae14	137	320/324	-fno-regmove	work/matches/m2c/080aae14.c
0801908c	138	312/320	-fno-cse-pool-immediate	work/hand/0801908c/0801908c.c
08021228	138	284/312	-fno-schedule-insns2	work/matches/m2c/08021228.c
080a15f0	139	304/316	-fsched-store-first	work/matches/m2c/080a15f0.c
0802938c	140	308/326	-fno-gcse,-fno-cse-follow-jumps	work/matches/m2c/0802938c.c
080a524c	140	304/316	-fno-expensive-optimizations	work/matches/m2c/080a524c.c
0801b248	142	280/292	-fno-gcse	work/candidates/0801b248.c
0800bc70	143	360/356	-fno-cse-two-insn-immediate	work/agents/0800bc70/0800bc70.c
080b0fa4	144	322/296	-mthumb-immediate-latency	work/matches/m2c/080b0fa4.c
0801a66c	145	300/268	BASE	work/candidates/0801a66c.c
0802977c	145	412/404	-fno-cse-two-insn-immediate,-fno-cse-pool-immediate,-fsched-high-dest-first	work/matches/m2c/0802977c.c
080b9324	145	356/332	BASE	work/matches/m2c/080b9324.c
0801a7f4	147	324/282	BASE	work/matches/m2c/0801a7f4.c
08090658	147	350/344	-fno-expensive-optimizations	work/matches/m2c/08090658.c
080056cc	148	316/322	BASE	work/matches/m2c/080056cc.c
080228e4	149	328/340	BASE	work/matches/m2c/080228e4.c
080901c0	152	432/440	-fno-regmove,-fno-expensive-optimizations	work/matches/m2c/080901c0.c
080cc960	153	388/396	-fno-cse-follow-jumps,-fno-cse-skip-blocks	work/matches/m2c/080cc960.c
08012b2c	155	496/500	-fno-strength-reduce	work/matches/m2c/08012b2c.c
08029094	155	344/334	-fno-schedule-insns2	work/matches/m2c/08029094.c
080b0278	158	460/460	-fno-gcse	work/matches/m2c/080b0278.c
080b8c1c	167	396/412	-fno-rerun-cse-after-loop	work/matches/m2c/080b8c1c.c
0808f32c	174	368/364	-fno-cse-pool-immediate	work/matches/m2c/0808f32c.c
08028c04	176	396/368	BASE	work/matches/m2c/08028c04.c
080f2f10	178	384/360	-fno-gcse,-fno-cse-follow-jumps	work/matches/m2c/080f2f10.c
080a7850	179	482/482	-fno-gcse	work/matches/m2c/080a7850.c
0809bb64	182	378/368	-fno-strength-reduce	work/matches/m2c/0809bb64.c
080908e0	186	400/380	-fno-gcse,-fno-cse-follow-jumps	work/matches/m2c/080908e0.c
080b8574	189	400/376	-fno-expensive-optimizations	work/matches/m2c/080b8574.c
08094820	193	400/392	-fno-regmove,-fno-expensive-optimizations	work/matches/m2c/08094820.c
080a5388	194	424/428	-fno-cse-pool-immediate	work/matches/m2c/080a5388.c
0800c880	197	424/428	-fno-sched-depend-count	work/matches/m2c/0800c880.c
080a24d0	199	444/432	-fno-cse-follow-jumps,-fno-cse-skip-blocks	work/matches/m2c/080a24d0.c
0809a484	202	464/472	-mthumb-immediate-latency	work/matches/m2c/0809a484.c
0801db70	207	480/440	-fsched-store-first	work/matches/m2c/0801db70.c
080912b8	218	458/474	-fno-schedule-insns2	work/matches/m2c/080912b8.c
080178b0	219	468/436	-fno-gcse	work/matches/m2c/080178b0.c
08094bbc	225	496/484	-fno-expensive-optimizations	work/matches/m2c/08094bbc.c
080b5368	227	468/460	BASE	work/matches/m2c/080b5368.c
0809c138	234	526/476	-fno-cse-two-insn-immediate	work/matches/m2c/0809c138.c
0801b664	238	490/428	-fno-strength-reduce	work/matches/m2c/0801b664.c
0801b810	242	488/408	-fno-gcse	work/matches/m2c/0801b810.c
08077d38	243	436/520	-fno-regmove,-fno-schedule-insns2	work/matches/m2c/08077d38.c
0808e9c0	243	608/596	-fno-gcse	work/matches/m2c/0808e9c0.c
0800b168	249	506/544	-fno-sched-depend-count	work/matches/m2c/0800b168.c
0809ae64	251	588/588	-fno-cse-two-insn-immediate,-fno-sched-depend-count	work/matches/m2c/0809ae64.c
0801a088	264	558/540	-fno-expensive-optimizations	work/matches/m2c/0801a088.c
08018cac	281	592/590	-fno-expensive-optimizations	work/matches/m2c/08018cac.c
080ba978	282	612/612	-fno-gcse	work/matches/m2c/080ba978.c
080dc1ec	284	632/616	-mhigh-register-move-first	work/hand/080dc1ec/080dc1ec.c
0808e23c	296	636/632	-fno-regmove,-fno-cse-two-insn-immediate	work/matches/m2c/0808e23c.c
080f07f0	296	568/620	-fno-gcse	work/matches/m2c/080f07f0.c
080ccc38	306	624/644	-fno-expensive-optimizations	work/matches/m2c/080ccc38.c
080ba2c0	333	724/708	-fno-gcse	work/matches/m2c/080ba2c0.c
080cd86c	339	720/696	-fno-regmove,-fno-expensive-optimizations	work/matches/m2c/080cd86c.c
080999f0	340	784/808	-fno-sched-depend-count	work/matches/m2c/080999f0.c
080cd594	363	764/728	-fno-regmove,-fno-expensive-optimizations	work/matches/m2c/080cd594.c
08098cd8	365	836/832	-fno-cse-pool-immediate	work/matches/m2c/08098cd8.c
080a5cc0	368	798/798	-fno-rerun-cse-after-loop	work/matches/m2c/080a5cc0.c
080cc5d8	382	840/904	-fno-sched-depend-count	work/matches/m2c/080cc5d8.c
08097c3c	388	848/836	-fno-gcse	work/matches/m2c/08097c3c.c
080a414c	414	892/832	-fno-gcse	work/matches/m2c/080a414c.c
