cell:u8	grid:128x128	fill:0	at:0,2
00 ff 00 00 00 00 ff 00 ff 00 00 00 00 ff 00 00 00 00 00 00 ff 00 00 00 00 ff 00 ff
00 00 00 00 00 00 ff 00 ff 00 00 00 00 00 00 00 02 02 00 00 00 00 00 00 00 ff 00 ff
00 ff 00 00 00 00 ff 00 ff 00 00 00 00 00 00 00 00 00 00 00 00 00 00 00 00 ff 00 ff 00 00 00 ff
00 00 00 00 00 f3 ff 00 ff ff ff ff ff 00 00 00 00 00 00 00 00 ff ff ff ff ff 00 ff 00 ff
00 00 00 00 00 f3 ff ff ff 00 00 00 ff ff ff ff 00 00 ff ff ff ff 00 00 00 ff ff ff ff
00 00 00 00 ff 00 ff 00 ff ff ff ff ff 00 00 ff 00 00 ff 00 00 ff ff ff ff ff
00 00 00 ff 00 00 00 00 00 00 00 00 ff ff ff ff 00 00 ff ff ff ff 00 ff 00 00 00 ff
ff 00 ff
00 00 00 ff 00 ff 00 00 00 00 ff 00 00 00 00 00 00 0a 00 00 00 00 00 00 00 00 00 00 ff
00 00 00 00 00 ff ff ff ff ff ff 00 00 00 00 00 00 0a
ff ff 00 00 00 00 00 00 00 00 00 00 00 00 00 00 00 0a 00 00 00 00 00 ff 00 ff 00 00 00 ff
ff ff
ff ff ff 00 00 00 00 00 00 00 00 00 00 00 00 00 00 00 00 00 00 00 00 00 00 00 00 00 ff
00 00 00 ff 00 00 00 00 00 00 00 00 00 ff ff ff ff ff ff ff ff
00 00 00 00 00 00 00 00 00 ff ff ff 00 00 00 00 00 00 00 00 00 00 ff ff ff ff ff

00 00 00 00 00 00 00 00 ff
00 00 00 00 01 01 01 01 ff ff ff ff ff ff 00 00 00 ff ff ff ff ff 00 00 00 00 00 00 ff
00 00 00 00 00 00 00 00 ff 00 00 00 00 00 ff ff ff 00 00 00 00 00 ff ff ff ff ff ff

00 ff 00 00 00 00 00 00 00 00 00 00 00 00 00 00 00 00 00 00 00 00 00 00 00 ff 00 00 00 00 ff ff
00 00 00 00 00 00 00 00 00 00 00 00 00 00 00 00 00 00 00 00 00 00 00 00 00 00 00 00 00 00 ff ff
