cell:u8	grid:128x128	fill:0	at:1,0
00 00 00 00 00 00 00 00 00 00 00 00 00 00 00 00 00 00 00 00 00 00 00 00 00 00 00 00 00 00 00 00 00 00 00 15














00 00 00 00 00 00 00 00 00 00 00 00 00 00 00 00 00 00 00 00 f2
00 00 00 00 00 ff 00 f2 00 08 00 f2 00 f2 00 00 00 00 00 00 00 f2
00 00 00 00 00 00 00 f2 00 00 00 f2 00 00 00 00 00 03 00 00 00 00 00 00 00 f4
00 00 00 00 00 00 00 00 00 00 00 00 00 00 00 00 00 00 00 00 00 00 00 05
00 00 00 00 00 00 00 00 00 00 00 1a 00 00 00 00 00 00 00 00 00 00 00 00 00 00 00 f2 07 07 00 00 00 00 00 00 00 00 00 00 00 00 00 00 00 00 00 00 00 00 0b
00 00 00 00 00 00 00 00 00 00 00 1a 00 00 00 00 00 00 00 00 00 00 00 00 00 00 00 00 00 00 00 00 00 00 00 00 00 00 00 00 ff 00 00 00 f4 f4 00 00 00 00 00 00 00 00 00 f2 f4 00 00 ff
00 00 00 00 00 00 00 00 00 00 f4 00 00 00 00 00 00 00 00 00 00 f4 00 00 00 00 00 00 00 00 00 00 00 00 00 00 00 00 00 00 ff 00 00 0a 00 00 00 00 ff ff ff ff ff 00 00 00 f2 f2 00 ff
00 00 00 00 00 00 00 00 00 00 00 00 00 00 00 00 00 00 00 00 00 f4 00 00 00 00 f2 00 00 f4 00 00 00 00 00 00 00 00 00 00 ff ff ff ff ff ff ff ff ff 00 00 00 ff ff ff ff ff ff ff ff
00 00 00 00 00 00 f4 00 00 00 00 00 00 00 00 00 00 00 00 00 00 00 00 00 00 00 f2 f2 ff 00 ff
00 00 00 00 00 00 00 00 04 00 00 f3 f4 f4 f4 00 00 00 00 00 f3 00 00 00 06
00 00 00 00 00 00 00 00 00 00 00 00 f4 00 f4
00 00 00 00 00 00 00 00 f3 00 00 00 00 00 00 00 00 00 00 00 00 00 00 f3 f3 f3



00 00 00 00 00 00 ff ff ff ff ff ff ff ff
ff ff ff ff ff ff ff ff ff ff ff ff ff ff
ff ff ff ff ff ff 00 00 00 00 00 00 00 00 00 ff 00 18
ff ff 00 00 00 ff 00 00 00 00 00 00 00 00 00 ff ff
ff ff 00 00 00 ff 00 00 01 00 00 00 00 00 00 ff ff 00 00 00 00 00 f5 00 f5
ff 00 00 00 00 00 00 00 00 00 00 00 00 00 00 00 ff 64 64 64 00 f5 00 00 00 f5
ff ff 00 00 00 ff ff ff ff 00 ff ff ff ff ff ff 00 00 00 00 00 00 f5 00 f5
ff ff 00 02 00 ff 00 00 00 00 ff ff ff
ff 00 00 00 00 00 ff ff ff
ff ff 00 00 00 ff ff ff ff 00 ff ff ff ff ff ff
ff ff 00 00 00 ff ff ff ff ff ff ff ff ff ff ff 13 13 13 13 13 13 ff ff ff ff ff ff ff ff
ff ff ff ff ff ff 00 00 00 00 00 00 00 ff ff ff 00 00 00 00 00 ff ff ff ff ff ff ff ff ff
ff ff ff ff ff ff 00 00 00 00 00 00 00 ff ff ff ff ff 14 ff ff ff
00 00 00 00 ff ff 00 00 00 00 00 00 00 ff ff ff ff ff 00 ff 00 00 00 00 00 00 00 00 00 00 00 00 00 00 00 00 00 00 00 00 00 00 00 00 00 00 00 00 00 00 00 00 ff ff ff ff ff ff
00 00 00 00 ff ff 00 00 00 00 00 00 00 ff ff ff 00 00 00 00 00 00 00 00 00 00 00 00 00 00 00 00 00 00 00 00 00 00 00 f4 f3 00 00 00 00 00 00 00 00 00 00 ff ff 00 00 00 00 ff ff
00 00 00 00 ff ff ff ff ff ff ff ff ff ff ff 00 ff 00 00 00 00 00 00 00 00 00 00 00 00 00 00 00 00 00 00 00 00 00 00 00 00 00 00 00 00 00 00 00 00 00 00 ff 00 00 00 00 00 00 ff
00 00 00 00 00 00 ff ff ff ff ff ff ff ff 00 ff ff 09 09 09 00 00 00 00 00 00 00 00 00 00 00 00 00 00 00 00 00 00 f3 00 00 00 00 00 00 00 00 00 00 00 00 ff 00 00 00 00 00 00 ff
00 00 00 00 00 00 00 00 00 00 00 00 00 00 00 ff ff 09 09 09 00 00 00 00 00 00 00 00 00 00 00 00 00 00 00 00 00 00 00 00 00 00 00 00 f3 00 00 00 00 00 ff ff 00 00 00 00 00 00 ff
00 00 00 00 00 00 00 00 00 00 00 00 00 00 00 00 00 00 00 00 00 00 00 00 00 00 00 00 00 00 00 00 00 00 00 00 00 00 00 00 00 00 00 00 00 00 00 00 00 00 ff 00 00 00 00 00 00 00 ff ff
00 00 00 00 00 00 00 00 00 00 00 00 00 00 00 00 00 00 00 00 00 00 00 00 00 00 00 00 00 00 00 00 00 00 00 00 00 00 00 00 f3 00 00 00 00 00 00 00 00 00 ff 00 00 00 00 00 00 00 00 ff
00 00 00 00 00 00 00 00 00 00 00 00 00 00 00 00 00 00 00 00 00 00 00 00 00 00 00 00 00 00 00 00 00 00 00 00 00 00 00 00 00 00 00 00 00 00 00 00 00 00 00 00 00 00 00 00 00 00 00 ff
00 00 00 00 00 00 00 00 00 00 00 00 00 00 00 00 00 00 00 00 00 00 00 00 00 00 00 00 00 00 00 00 00 00 00 00 00 00 00 00 00 00 00 00 00 00 00 00 00 ff ff 00 00 00 00 00 f3 00 00 ff
00 00 00 00 00 00 00 00 00 00 00 00 00 00 00 00 00 00 00 00 00 00 00 00 00 00 00 00 00 00 00 00 00 00 00 00 00 00 00 00 00 00 00 00 00 00 00 00 00 ff 00 00 00 00 00 00 00 00 00 ff
00 00 00 00 00 00 00 00 00 00 00 00 00 00 00 00 00 00 00 00 00 00 00 00 00 00 00 00 00 00 00 00 00 00 00 00 00 00 00 00 00 00 00 00 00 00 ff ff ff 00 00 00 00 00 00 00 f3 00 00 ff
00 00 00 00 00 00 00 00 00 00 00 00 00 00 00 00 00 00 00 00 00 00 00 00 00 00 00 00 00 00 00 00 00 00 00 00 00 00 00 00 00 00 00 00 ff ff ff 00 00 00 00 00 00 00 00 f3 f4 00 00 ff
00 00 00 00 00 00 00 00 00 00 00 00 00 00 00 00 00 00 00 00 00 00 00 00 00 00 00 00 00 00 00 00 00 00 00 00 00 00 00 00 00 00 00 00 ff 00 00 00 00 f3 00 00 00 00 00 f3 00 00 ff ff
00 00 00 00 00 00 00 00 00 00 00 00 00 00 00 00 00 00 00 00 00 00 00 00 00 00 00 00 00 00 00 00 00 00 00 00 00 00 00 00 00 00 00 00 ff 00 00 00 00 00 00 00 00 00 00 00 00 ff ff
00 00 00 00 00 00 00 00 00 00 00 00 00 00 00 00 00 00 00 00 00 00 00 00 00 00 00 00 00 00 00 00 00 00 00 00 00 00 00 00 00 00 00 00 00 00 00 00 00 00 00 00 00 00 00 00 00 ff
00 00 00 00 00 00 00 00 00 00 00 00 00 00 00 00 00 00 00 00 00 00 00 00 00 00 00 00 00 00 00 00 00 00 00 00 00 00 00 00 00 00 00 00 00 00 00 00 00 00 00 00 00 00 00 00 00 ff
00 00 00 00 00 00 00 00 00 00 00 00 00 00 00 00 00 00 00 00 00 00 00 00 00 00 00 00 00 00 00 00 00 00 00 00 00 00 00 00 ff 00 f3 00 00 00 00 00 00 00 00 00 00 ff 00 00 00 ff ff ff ff ff ff
00 00 00 00 00 00 00 00 00 00 00 00 00 00 00 00 00 00 00 00 00 00 00 00 00 00 00 00 00 00 00 00 00 00 00 00 00 00 00 00 ff 00 00 00 00 00 00 00 00 00 00 ff ff ff ff 00 ff ff ff
00 00 00 00 00 00 00 00 00 00 00 00 00 00 00 00 00 00 00 00 00 00 00 00 00 00 00 00 00 00 00 00 00 00 00 00 00 00 00 00 ff 00 00 00 00 00 00 00 00 00 ff ff
00 00 00 00 00 00 00 00 00 00 00 00 00 00 00 00 00 00 00 00 00 00 00 00 00 00 00 00 00 00 00 00 00 00 00 00 00 00 00 00 ff ff 00 00 00 00 00 00 00 00 ff
00 00 00 00 00 00 00 00 00 00 00 00 00 00 00 00 00 00 00 00 00 00 00 00 00 00 00 00 00 00 00 00 00 00 00 00 00 00 00 00 ff 00 00 00 00 00 00 00 00 00 ff
