x0:u16	x1:u16	x2:u16	x3:u16	x4:u16	x5:u16	x6:u16	x7:u16	x8:u16	x9:u16	x10:u16	x11:u16	x12:u16	x13:u16	x14:u16	x15:u16	x16:u16	x17:u16	x18:u16	x19:u16	x20:u16	x21:u16	x22:u16	x23:u16	x24:u16	x25:u16	x26:u16	x27:u16	x28:u16	x29:u16	x30:u16	x31:u16	x32:u16	x33:u16	x34:u16	x35:u16	x36:u16	x37:u16	x38:u16	x39:u16	x40:u16	x41:u16	x42:u16	x43:u16	x44:u16	x45:u16	x46:u16	x47:u16	x48:u16	x49:u16	x50:u16	x51:u16	x52:u16	x53:u16	x54:u16	x55:u16	x56:u16	x57:u16	x58:u16	x59:u16	x60:u16	x61:u16	x62:u16	x63:u16	x64:u16	x65:u16	x66:u16	x67:u16	x68:u16	x69:u16	x70:u16	x71:u16	x72:u16	x73:u16	x74:u16	x75:u16	x76:u16	x77:u16	x78:u16	x79:u16	x80:u16	x81:u16	x82:u16	x83:u16	x84:u16	x85:u16	x86:u16	x87:u16	x88:u16	x89:u16	x90:u16	x91:u16	x92:u16	x93:u16	x94:u16	x95:u16	x96:u16	x97:u16	x98:u16	x99:u16	x100:u16	x101:u16	x102:u16	x103:u16	x104:u16	x105:u16	x106:u16	x107:u16	x108:u16	x109:u16	x110:u16	x111:u16	x112:u16	x113:u16	x114:u16	x115:u16	x116:u16	x117:u16	x118:u16	x119:u16	x120:u16	x121:u16	x122:u16	x123:u16	x124:u16	x125:u16	x126:u16	x127:u16
0xfff	0x0	0x0	0x0	0x0	0x0	0x0	0x0	0x0	0x0	0x0	0x0	0x0	0x0	0x0	0x0	0x0	0x0	0x0	0x0	0x0	0x0	0x0	0x0	0x0	0x0	0x0	0x0	0x0	0x0	0x0	0x0	0x0	0x0	0x0	0x0	0x0	0x0	0x0	0x0	0x0	0x0	0x0	0x0	0x0	0x0	0x0	0x0	0x0	0x0	0x0	0x0	0x0	0x0	0x0	0x0	0x0	0x0	0x0	0x0	0x0	0x0	0x0	0xfff	0x1	0xfff	0xfff	0x1	0x1	0x2	0x3	0x1	0x1	0x2	0x3	0x1	0x1	0x2	0x3	0x1	0x1	0x2	0x3	0x1	0x1	0x2	0x3	0x1	0x1	0x2	0x3	0x1	0x1	0x2	0x3	0x1	0x1	0x2	0x3	0x1	0x1	0x2	0x3	0x1	0x1	0x2	0x3	0x1	0x1	0x2	0x3	0x1	0x1	0x2	0x3	0x1	0x1	0x1	0x2	0x3	0x1	0x1	0x2	0x3	0x1	0x1	0x2	0x3
0x0	0x0	0x0	0x0	0x0	0x0	0x0	0x0	0x0	0x0	0x0	0x0	0x0	0x0	0x0	0x0	0x0	0x0	0x0	0x0	0x0	0x0	0x0	0x0	0x0	0x0	0x0	0x0	0x0	0x0	0x0	0x0	0x0	0x0	0x0	0x0	0x0	0x0	0x0	0x0	0x0	0x0	0x0	0x0	0x0	0x0	0x0	0x0	0x0	0x0	0x0	0x0	0x0	0x0	0x0	0x0	0x0	0x0	0x0	0x0	0x0	0x0	0x0	0x1	0x1	0x2	0x3	0x1	0x1	0x2	0x3	0x1	0x1	0x2	0x3	0x1	0x1	0x2	0x3	0x1	0x1	0x2	0x3	0x1	0x1	0x2	0x3	0x1	0x1	0x2	0x3	0x1	0x1	0x2	0x3	0x1	0x1	0x2	0x3	0x1	0x1	0x2	0x3	0x1	0x1	0x2	0x3	0x1	0x1	0x2	0x3	0x1	0x1	0x2	0x3	0x1	0x1	0x1	0x2	0x3	0x1	0x1	0x2	0x3	0x1	0x1	0x2	0x3
0x0	0x0	0x0	0x0	0x0	0x0	0x0	0x0	0x0	0x0	0x0	0x0	0x0	0x0	0x0	0x0	0x0	0x0	0x0	0x0	0x0	0x0	0x0	0x0	0x0	0x0	0x0	0x0	0x0	0x0	0x0	0x0	0x0	0x0	0x0	0x0	0x0	0x0	0x0	0x0	0x0	0x0	0x0	0x0	0x0	0x0	0x0	0x0	0x0	0x0	0x0	0x0	0x0	0x0	0x0	0x0	0x0	0x0	0x0	0x0	0x0	0x0	0x0	0xfff	0x4	0xfff	0xfff	0x4	0x4	0x5	0x2	0x3	0x4	0x5	0x6	0x4	0x4	0x5	0x6	0x4	0x4	0x5	0x6	0x4	0x4	0x5	0x6	0x4	0x4	0x5	0x6	0x4	0x4	0x5	0x6	0x4	0x4	0x5	0x6	0x4	0x4	0x5	0x6	0x4	0x4	0x5	0x6	0x4	0x4	0x5	0x6	0x4	0x4	0x5	0x6	0x4	0x4	0x4	0x5	0x6	0x4	0x4	0x5	0x6	0x4	0x4	0x5	0x6
0x0	0x0	0x0	0x0	0x0	0x0	0x0	0x0	0x0	0x0	0x0	0x0	0x0	0x0	0x0	0x0	0x0	0x0	0x0	0x0	0x0	0x0	0x0	0x0	0x0	0x0	0x0	0x0	0x0	0x0	0x0	0x0	0x0	0x0	0x0	0x0	0x0	0x0	0x0	0x0	0x0	0x0	0x0	0x0	0x0	0x0	0x0	0x0	0x0	0x0	0x0	0x0	0x0	0x0	0x0	0x0	0x0	0x0	0x0	0x0	0x0	0x0	0x0	0xfff	0x7	0xfff	0xfff	0x7	0x7	0x8	0xfff	0xfff	0x7	0x8	0x9	0x7	0x7	0x8	0x9	0x7	0x7	0x8	0x9	0x7	0x7	0x8	0x9	0x7	0x7	0x8	0x9	0x7	0x7	0x8	0x9	0x7	0x7	0x8	0x9	0x7	0x7	0x8	0x9	0x7	0x7	0x8	0x9	0x7	0x7	0x8	0x9	0x7	0x7	0x8	0x9	0x7	0x7	0x7	0x8	0x9	0x7	0x7	0x8	0x9	0x7	0x7	0x8	0x9
0x0	0x0	0x0	0x0	0x0	0x0	0x0	0x0	0x0	0x0	0x0	0x0	0x0	0x0	0x0	0x0	0x0	0x0	0x0	0x0	0x0	0x0	0x0	0x0	0x0	0x0	0x0	0x0	0x0	0x0	0x0	0x0	0x0	0x0	0x0	0x0	0x0	0x0	0x0	0x0	0x0	0x0	0x0	0x0	0x0	0x0	0x0	0x0	0x0	0x0	0x0	0x0	0x0	0x0	0x0	0x0	0x0	0x0	0x0	0x0	0x0	0x0	0x0	0x7	0x7	0x8	0x9	0x7	0x7	0x8	0x9	0x7	0x7	0x8	0x9	0x7	0x7	0x8	0x9	0x7	0x7	0x8	0x9	0x7	0x7	0x8	0x9	0x7	0x7	0x8	0x9	0x7	0x7	0x8	0x9	0x7	0x7	0x8	0x9	0x7	0x7	0x8	0x9	0x7	0x7	0x8	0x9	0x7	0x7	0x8	0x9	0x7	0x7	0x8	0x9	0x7	0x7	0x7	0x8	0x9	0x7	0x7	0x8	0x9	0x7	0x7	0x8	0x9
0x0	0x0	0x0	0xfff	0xfff	0xfff	0xc	0xfff	0xfff	0xfff	0xc	0xf	0x10	0x11	0xc	0xc	0xfff	0xfff	0x0	0x0	0x0	0x0	0x0	0x0	0x0	0x0	0x0	0x0	0x0	0x0	0x0	0x0	0x0	0x0	0x0	0x0	0x0	0x0	0x0	0x0	0x0	0x0	0x0	0x0	0x0	0x0	0x0	0x0	0x0	0x0	0x0	0x0	0x0	0x0	0x0	0x0	0x0	0x0	0x0	0x0	0x0	0x0	0x0	0x1	0x1	0x2	0x3	0x1	0x1	0x2	0x3	0x1	0x1	0x2	0x3	0x1	0x1	0x2	0x3	0x1	0x1	0x2	0x3	0x1	0x1	0x2	0x3	0x1	0x1	0x2	0x3	0x1	0x1	0x2	0x3	0x1	0x1	0x2	0x3	0x1	0x1	0x2	0x3	0x1	0x1	0x2	0x3	0x1	0x1	0x2	0x3	0x1	0x1	0x2	0x3	0x1	0x1	0x1	0x2	0x3	0x1	0x1	0x2	0x3	0x1	0x1	0x2	0x3
0x0	0x0	0x0	0xc	0xe	0xf	0x12	0x13	0x12	0x12	0x13	0x12	0x12	0x13	0x12	0x13	0x12	0x13	0x0	0xfff	0xfff	0x0	0x0	0x0	0x0	0x0	0x0	0x0	0x0	0x0	0x0	0x0	0x0	0x0	0x0	0x0	0x0	0x0	0x0	0x0	0x0	0x0	0x0	0x0	0x0	0x0	0x0	0x0	0x0	0x0	0x0	0x0	0x0	0x0	0x0	0x0	0x0	0x0	0x0	0x0	0x0	0x0	0x0	0x1	0x1	0x2	0x3	0x1	0x1	0x2	0x3	0x1	0x1	0x2	0x3	0x1	0x1	0x2	0x3	0x1	0x1	0x2	0x3	0x1	0x1	0x2	0x3	0x1	0x1	0x2	0x3	0x1	0x1	0x2	0x3	0x1	0x1	0x2	0x3	0x1	0x1	0x2	0x3	0x1	0x1	0x2	0x3	0x1	0x1	0x2	0x3	0x1	0x1	0x2	0x3	0x1	0x1	0x1	0x2	0x3	0x1	0x1	0x2	0x3	0x1	0x1	0x2	0x3
0x0	0x0	0x0	0x13	0x12	0x13	0x12	0x13	0x12	0x12	0x13	0x12	0x12	0x13	0x12	0x13	0x12	0x13	0x0	0xfff	0xfff	0x0	0x0	0x0	0x0	0x0	0x0	0x0	0x0	0x0	0x0	0x0	0x0	0x0	0x0	0x0	0x0	0x0	0x0	0x0	0x0	0x0	0x0	0x0	0x0	0x0	0x0	0x0	0x0	0x0	0x0	0x0	0x0	0x0	0x0	0x0	0x0	0x0	0x0	0x0	0x0	0x0	0x0	0x4	0x4	0x5	0x6	0x4	0x4	0x5	0x6	0x4	0x4	0x5	0x6	0x2	0x3	0x5	0x6	0x4	0x4	0x5	0x6	0x4	0x4	0x5	0x6	0x4	0x4	0x5	0x6	0x4	0x4	0x5	0x6	0x4	0x4	0x5	0x6	0x4	0x4	0x5	0x6	0x4	0x4	0x5	0x6	0x4	0x4	0x5	0x6	0x4	0x4	0x5	0x6	0x4	0x4	0x4	0x5	0x6	0x4	0x4	0x5	0x6	0x4	0x4	0x5	0x6
0x0	0x0	0x0	0x13	0x12	0x13	0x12	0x13	0x12	0x12	0x13	0x12	0x12	0x13	0x12	0x13	0x12	0x13	0x0	0x0	0x0	0x0	0x0	0x0	0x0	0x0	0x0	0x0	0x0	0x0	0x0	0x0	0x0	0x0	0x0	0x0	0x0	0x0	0x0	0x0	0x0	0x0	0x0	0x0	0x0	0x0	0x0	0x0	0x0	0x0	0x0	0x0	0x0	0x0	0x0	0x0	0x0	0x0	0x0	0x0	0x0	0x0	0x0	0x7	0x7	0x8	0x9	0x7	0x7	0x8	0x9	0x7	0x7	0x2	0x3	0xfff	0xfff	0xfff	0x9	0x7	0x7	0x8	0x9	0x7	0x7	0x8	0x9	0x7	0x7	0x8	0x9	0x7	0x7	0x8	0x9	0x7	0x18	0x19	0x1a	0x18	0x19	0x1a	0x9	0x7	0x7	0x8	0x9	0x7	0x7	0x8	0x9	0x7	0x7	0x8	0x9	0x7	0x7	0x7	0x8	0x9	0x7	0x7	0x8	0x9	0x7	0x7	0x8	0x9
0x0	0x0	0x0	0x13	0x12	0x13	0x12	0x13	0x12	0x12	0xfff	0xfff	0x1b	0x1b	0x1c	0x13	0x12	0x13	0x0	0x0	0x0	0x0	0x0	0x0	0x0	0x0	0x0	0x0	0x0	0x0	0x1b	0x1c	0x1b	0x1b	0x1b	0x1c	0x1b	0x1b	0x1b	0x1c	0x1b	0x1b	0x0	0x0	0x0	0x0	0x0	0x0	0x0	0x0	0x0	0x0	0x0	0x0	0x0	0x0	0x0	0x0	0x0	0x0	0x0	0x0	0x0	0x7	0x7	0x8	0x9	0x7	0x7	0x8	0x9	0x7	0x7	0x2	0x3	0xfff	0xfff	0xfff	0x9	0x7	0x7	0x8	0x9	0x7	0x7	0x8	0x9	0x7	0x7	0x8	0x9	0x7	0x7	0x8	0x9	0x7	0x1d	0x1e	0x1f	0x1d	0x1e	0x1f	0x9	0x7	0x7	0x8	0x9	0x7	0x7	0x8	0x9	0x7	0x7	0x8	0x9	0x7	0x7	0x7	0x8	0x9	0x7	0x7	0x8	0x9	0x7	0x7	0x8	0x9
0x0	0x0	0x0	0xd	0xd	0xc	0xc	0xc	0xd	0xfff	0x20	0xfff	0x20	0x20	0x21	0xfff	0xd	0x13	0x0	0x0	0x0	0x0	0x0	0x0	0x0	0x0	0x0	0x0	0x0	0xd	0x20	0x21	0x20	0x20	0x20	0x21	0x20	0x20	0x20	0x21	0x20	0x20	0x0	0x0	0x0	0x0	0x0	0x0	0x0	0x0	0x0	0x0	0x0	0x0	0x0	0x0	0x0	0x0	0x0	0x0	0x0	0x0	0x0	0x1	0x1	0x2	0x3	0x1	0x1	0x2	0x3	0x1	0x1	0x2	0x3	0xfff	0xfff	0xfff	0x3	0x1	0x1	0x2	0x3	0x1	0x1	0x2	0x3	0x1	0x1	0x2	0x3	0x1	0x1	0x2	0x3	0x1	0x23	0x24	0x25	0x23	0x24	0x25	0x3	0x1	0x1	0x2	0x3	0x1	0x1	0x2	0x3	0x1	0x1	0x2	0x3	0x1	0x1	0x1	0x2	0x3	0x1	0x1	0x2	0x3	0x1	0x1	0x2	0x3
0x0	0x0	0x0	0xd	0xe	0xc	0xc	0xc	0xd	0xf	0xc	0x13	0x12	0x13	0x12	0x13	0xd	0x13	0x0	0x0	0x0	0x0	0x0	0x0	0x0	0x0	0x0	0x0	0x0	0xd	0xfff	0xfff	0x26	0x27	0x26	0x27	0x26	0x27	0x26	0x27	0x26	0x27	0x26	0x0	0x0	0x0	0x0	0x0	0x0	0x0	0x0	0x0	0x0	0x0	0x0	0x0	0x0	0x0	0x0	0x0	0x0	0x0	0x0	0x1	0x1	0x2	0x3	0x1	0x1	0x2	0x3	0x1	0x1	0x2	0x3	0xfff	0xfff	0x2	0x3	0x1	0x1	0x2	0x3	0x1	0x1	0x2	0x3	0x1	0x1	0x2	0x3	0x1	0x1	0x2	0x3	0x1	0x1	0x2	0x3	0x1	0x1	0x2	0x3	0x1	0x1	0x2	0x3	0x1	0x1	0x2	0x3	0x1	0x1	0x2	0x3	0x1	0x1	0x1	0x2	0x3	0x1	0x1	0x2	0x3	0x1	0x1	0x2	0x3
0x0	0x0	0x0	0xc	0xc	0xf	0x27	0x26	0xfff	0xfff	0xfff	0xfff	0x8fff	0x802d	0x8fff	0x8fff	0x2a	0x13	0x0	0x0	0x0	0x0	0x0	0x0	0x0	0x0	0x0	0x0	0x0	0xe	0x8013	0x12	0x13	0x8fff	0xfff	0x32	0x8032	0x32	0xfff	0xfff	0x13	0x12	0x13	0x0	0x0	0x0	0x0	0x0	0x0	0x0	0x0	0x0	0x0	0x0	0x0	0x0	0x0	0x0	0x0	0x0	0x0	0x0	0x0	0x4	0x4	0x5	0x6	0x4	0x4	0x5	0x6	0x4	0x4	0x5	0x6	0x4	0x4	0x5	0x6	0x4	0x4	0x5	0x6	0x4	0x4	0x5	0x6	0x4	0x4	0x5	0x6	0x4	0x4	0x5	0x6	0x4	0x4	0x5	0x6	0x4	0x4	0x5	0x6	0x4	0x4	0x5	0x6	0x4	0x4	0x5	0x6	0x4	0x4	0x5	0x6	0x4	0x4	0x4	0x5	0x6	0x4	0x4	0x5	0x6	0x4	0x4	0x5	0x6
0x0	0x0	0x0	0xc	0xf	0x13	0x12	0x13	0x12	0x8013	0x8fff	0x8fff	0x8036	0x8036	0x8fff	0x8fff	0x12	0x13	0x0	0x0	0x0	0x0	0x0	0x0	0x0	0x0	0x0	0x0	0x0	0x12	0x8013	0x8012	0x8013	0x8035	0x8036	0x8036	0x8036	0x8036	0x8fff	0x12	0x13	0x12	0x13	0x0	0x0	0x0	0x0	0x0	0x0	0x0	0x0	0x0	0x0	0x0	0x0	0x0	0x0	0x8000	0x0	0x0	0x0	0x0	0x0	0x7	0x7	0x8	0x9	0x7	0x7	0x8	0x9	0x7	0x7	0x8	0x9	0x7	0x7	0x8	0x9	0x7	0x7	0x8	0x9	0x7	0x7	0x8	0x9	0x7	0x7	0x8	0x9	0x7	0x7	0x8	0x9	0x7	0x7	0x8	0x9	0x7	0x7	0x8	0x9	0x7	0x7	0x8	0x9	0x7	0x7	0x8	0x9	0x7	0x7	0x8	0x9	0x7	0x7	0x7	0x8	0x9	0x7	0x7	0x8	0x9	0x7	0x7	0x8	0x9
0x0	0x0	0x0	0x13	0x12	0x13	0x12	0x13	0x12	0x8013	0x8fff	0x8fff	0x8fff	0x803b	0x8fff	0x8013	0x12	0x13	0x0	0x0	0x0	0x0	0x0	0x0	0x0	0x0	0x0	0x0	0x0	0x12	0x8013	0x12	0xfff	0x803a	0x803b	0x803c	0x803b	0x803c	0x8fff	0x12	0x13	0x12	0x13	0x0	0x0	0x0	0x0	0x0	0x0	0x0	0x0	0x0	0x0	0x0	0x0	0x0	0x0	0xc000	0x0	0x0	0x0	0x0	0x0	0x7	0x7	0x8	0x9	0x7	0x7	0x8	0x9	0x7	0x7	0x8	0x9	0x7	0x7	0x8	0x9	0x7	0x7	0x8	0x9	0x7	0x7	0x8	0x9	0x7	0x7	0x8	0x9	0x7	0x7	0x8	0x9	0x7	0x7	0x8	0x9	0x7	0x7	0x8	0x9	0x7	0x7	0x8	0x9	0x7	0x7	0x8	0x9	0x7	0x7	0x8	0x9	0x7	0x7	0x7	0x8	0x9	0x7	0x7	0x8	0x9	0x7	0x7	0x8	0x9
0x0	0x0	0x0	0x13	0x12	0x13	0x12	0x13	0x12	0x13	0x12	0x8013	0x8fff	0x8038	0x12	0x13	0x12	0x13	0x0	0x0	0x0	0x0	0x0	0x0	0x0	0x0	0x0	0x0	0x0	0x12	0x8fff	0x12	0x38	0x8012	0x8013	0x8040	0x8013	0x8012	0x8013	0x30	0x30	0x30	0x13	0x0	0x0	0x0	0x0	0x0	0x0	0x0	0x0	0x0	0x0	0x0	0x0	0x0	0x0	0x0	0x0	0x0	0x0	0x0	0x0	0x1	0x1	0x2	0x3	0x1	0x1	0x2	0x3	0x1	0x1	0x2	0x3	0x1	0x1	0x2	0x3	0x1	0x1	0x2	0x3	0x1	0x1	0x2	0x3	0x1	0x1	0x2	0x3	0x1	0x1	0x2	0x3	0x1	0x1	0x2	0x3	0x1	0x1	0x2	0x3	0x1	0x1	0x2	0x3	0x1	0x1	0x2	0x3	0x1	0x1	0x2	0x3	0x1	0x1	0x1	0x2	0x3	0x1	0x1	0x2	0x3	0x1	0x1	0x2	0x3
0x0	0x0	0x0	0xd	0xd	0xc	0xc	0xc	0xc	0x13	0xc	0x13	0x8012	0x13	0x12	0x13	0x12	0x13	0x0	0x0	0x0	0x0	0x0	0x0	0x0	0x0	0x0	0x0	0x0	0x12	0x8013	0x8012	0x8013	0x8012	0x8013	0x8012	0x8038	0x8012	0x8013	0x8034	0x13	0x12	0x13	0x0	0x0	0x0	0x0	0x0	0x0	0x0	0x0	0x0	0x0	0x0	0x0	0x0	0x0	0x0	0x0	0x0	0x0	0x0	0x0	0x1	0x1	0x2	0x3	0x1	0x1	0x2	0x3	0x1	0x1	0x2	0x3	0x1	0x1	0x2	0x3	0x1	0x1	0x2	0x3	0x1	0x1	0x2	0x3	0x1	0x1	0x2	0x3	0x1	0x1	0x2	0x3	0x1	0x1	0x2	0x3	0x1	0x1	0x2	0x3	0x1	0x1	0x2	0x3	0x1	0x1	0x2	0x3	0x1	0x1	0x2	0x3	0x1	0x1	0x1	0x2	0x3	0x1	0x1	0x2	0x3	0x1	0x1	0x2	0x3
0x0	0x0	0x0	0xd	0xe	0xc	0xc	0xc	0xc	0x13	0xc	0x13	0xc012	0x13	0x12	0x13	0xc	0x13	0x0	0x0	0x0	0x0	0x0	0x0	0x0	0x0	0x0	0x0	0x0	0x0	0x13	0x12	0x13	0x8012	0x803e	0x8012	0x8013	0x12	0x13	0x0	0x13	0x0	0x13	0x0	0x0	0x0	0x0	0x0	0x0	0xfff	0x0	0x0	0x0	0x0	0x0	0x0	0x0	0x0	0x0	0x0	0x0	0x0	0x0	0x4	0x4	0x5	0x6	0x4	0x4	0x5	0x6	0x4	0x4	0x5	0x6	0x4	0x4	0x5	0x6	0x4	0x4	0x5	0x6	0x4	0x4	0x5	0x6	0x4	0x4	0x5	0x6	0x4	0x4	0x5	0x6	0x4	0x4	0x5	0x6	0x4	0x4	0x5	0x6	0x4	0x4	0x5	0x6	0x4	0x4	0x5	0x6	0x4	0x4	0x5	0x6	0x4	0x4	0x4	0x5	0x6	0x4	0x4	0x5	0x6	0x4	0x4	0x5	0x6
0x0	0x0	0x0	0x0	0x0	0x0	0x0	0x0	0x0	0x0	0xc	0x12	0xc012	0x0	0x0	0x0	0x0	0x0	0x0	0x0	0x0	0x0	0x0	0x0	0x0	0x0	0x0	0x0	0x0	0x0	0x0	0x0	0x13	0x12	0xc013	0x12	0x13	0x12	0x13	0x0	0x13	0x0	0x13	0x0	0x0	0x0	0x0	0x0	0x0	0x0	0x0	0x0	0x0	0x0	0x0	0x0	0x0	0x0	0x0	0x0	0x0	0x0	0x0	0x7	0x7	0x8	0x9	0x7	0x7	0x8	0x9	0x7	0x7	0x8	0x9	0x7	0x7	0x8	0x9	0x7	0x7	0x8	0x9	0x7	0x7	0x8	0x9	0x7	0x7	0x8	0x9	0x7	0x7	0x8	0x9	0x7	0x7	0x8	0x9	0x7	0x7	0x8	0x9	0x7	0x7	0x8	0x9	0x7	0x7	0x8	0x9	0x7	0x7	0x8	0x9	0x7	0x7	0x7	0x8	0x9	0x7	0x7	0x8	0x9	0x7	0x7	0x8	0x9
0x0	0x0	0x0	0x0	0x0	0x0	0x0	0x0	0x0	0x0	0x0	0x0	0x12	0x0	0x0	0x0	0x0	0x0	0x0	0x0	0x0	0x0	0x0	0x0	0x0	0x0	0x0	0x0	0x0	0x0	0x0	0x0	0x13	0x12	0xc013	0x12	0x13	0x12	0x13	0x0	0x13	0x0	0x13	0x0	0x0	0x0	0x0	0x0	0x0	0x0	0x0	0x0	0x0	0x0	0x0	0x0	0x0	0x0	0x0	0x0	0x0	0x0	0x0	0x7	0x7	0x8	0x9	0x7	0x7	0x8	0x9	0x7	0x7	0x8	0x9	0x7	0x7	0x8	0x9	0x7	0x7	0x8	0x9	0x7	0x7	0x8	0x9	0x7	0x7	0x8	0x9	0x7	0x7	0x8	0x9	0x7	0x7	0x8	0x9	0x7	0x7	0x8	0x9	0x7	0x7	0x8	0x9	0x7	0x7	0x8	0x9	0x7	0x7	0x8	0x9	0x7	0x7	0x7	0x8	0x9	0x7	0x7	0x8	0x9	0x7	0x7	0x8	0x9
0x0	0x0	0x0	0x0	0x42	0x0	0x0	0x0	0x0	0x0	0x0	0x0	0x0	0x0	0x0	0x42	0x0	0x0	0x0	0x0	0x0	0x0	0x0	0x0	0x0	0x0	0x0	0x0	0x0	0x0	0x0	0x0	0x0	0x12	0x0	0x12	0x13	0x12	0x13	0x0	0x13	0x0	0x13	0x0	0x0	0x0	0x0	0x0	0x0	0x0	0x0	0x0	0x0	0x0	0x0	0x0	0x0	0x0	0x0	0x0	0x0	0x0	0x0	0x1	0x1	0x2	0x3	0x1	0x1	0x2	0x3	0x1	0x1	0x2	0x3	0xfff	0x43	0xfff	0xfff	0x43	0x43	0x44	0x45	0x43	0x43	0x44	0x45	0x1	0x1	0x2	0x3	0x1	0x1	0x2	0x3	0x1	0x1	0x2	0x3	0x1	0x1	0x2	0x3	0x1	0x1	0x2	0x3	0x1	0x1	0x2	0x3	0x1	0x1	0x2	0x3	0x1	0x1	0x1	0x2	0x3	0x1	0x1	0x2	0x3	0x1	0x1	0x2	0x3
0x0	0x0	0x0	0x0	0x0	0x0	0x0	0x0	0x0	0x0	0x0	0x0	0x0	0x0	0x0	0x0	0x0	0x0	0x0	0x0	0x0	0x0	0x0	0x0	0x0	0x0	0x0	0x0	0x0	0x0	0x0	0x0	0x0	0x0	0x0	0x0	0x0	0x0	0x0	0x0	0x0	0x0	0x0	0x0	0x0	0x0	0x0	0x0	0x0	0x0	0x0	0x0	0x0	0x0	0x0	0x0	0x0	0x0	0x0	0x0	0x0	0x0	0x0	0x1	0x1	0x2	0x3	0x1	0x1	0x2	0x3	0x1	0x1	0x2	0x3	0x1	0x1	0x2	0x3	0x1	0x1	0x2	0x3	0x1	0x1	0x2	0x3	0x1	0x1	0x2	0x3	0x1	0x1	0x2	0x3	0x1	0x1	0x2	0x3	0x1	0x1	0x2	0x3	0x1	0x1	0x2	0x3	0x1	0x1	0x2	0x3	0x1	0x1	0x2	0x3	0x1	0x1	0x1	0x2	0x3	0x1	0x1	0x2	0x3	0x1	0x1	0x2	0x3
0x0	0x0	0x0	0x0	0x0	0x0	0x0	0x0	0x0	0x0	0x0	0x0	0x0	0x0	0x0	0x0	0x0	0x0	0x0	0x0	0x0	0x0	0x0	0x0	0x0	0x0	0x0	0x0	0x0	0x0	0x0	0x0	0x0	0x0	0x0	0x0	0x0	0x0	0x0	0x0	0x0	0x0	0x0	0x0	0x0	0x0	0x0	0x0	0x0	0x42	0x0	0x0	0x0	0x0	0x0	0x0	0x0	0x0	0x0	0x0	0x0	0x0	0x0	0x4	0x4	0x5	0x6	0x4	0x4	0x5	0x6	0x4	0x4	0x5	0x6	0x1	0x1	0x2	0x3	0x1	0x1	0x2	0x3	0x1	0x1	0x2	0x3	0x4	0x4	0x5	0x6	0x4	0x4	0x5	0x6	0x4	0x4	0x5	0x6	0x4	0x4	0x5	0x6	0x4	0x4	0x5	0x6	0x4	0x4	0x5	0x6	0x4	0x4	0x5	0x6	0x4	0x4	0x4	0x5	0x6	0x4	0x4	0x5	0x6	0x4	0x4	0x5	0x6
0x0	0x0	0xfff	0x0	0x0	0x0	0x0	0x0	0x0	0x0	0x0	0x0	0x0	0x0	0x0	0x0	0x0	0x0	0x0	0x0	0x0	0x0	0x0	0x0	0x0	0x0	0x0	0x0	0x0	0x0	0x0	0x0	0x0	0x0	0x0	0x0	0x0	0x0	0x0	0x0	0x0	0x0	0x0	0x0	0x0	0x0	0x0	0x42	0x0	0x0	0x0	0x0	0x0	0x0	0x0	0x0	0x0	0x0	0x0	0x0	0x0	0x0	0x0	0x7	0x7	0x8	0x9	0x7	0x7	0x8	0x9	0x7	0x7	0x8	0x9	0x7	0x7	0x8	0x9	0x7	0x7	0x8	0x9	0x7	0x7	0x8	0x9	0x7	0x7	0x8	0x9	0x7	0x7	0x8	0x9	0x7	0x7	0x8	0x9	0x7	0x7	0x8	0x9	0x7	0x7	0x8	0x9	0x7	0x7	0x8	0x9	0x7	0x7	0x8	0x9	0x7	0x7	0x7	0x8	0x9	0x7	0x7	0x8	0x9	0x7	0x7	0x8	0x9
0x0	0x0	0x0	0x0	0x0	0x0	0x0	0x0	0x0	0x0	0x0	0x0	0x0	0x0	0x0	0x0	0x0	0x0	0x0	0x0	0x0	0x0	0x0	0x0	0x0	0x0	0x0	0x0	0x0	0x0	0x0	0x0	0x0	0x0	0x0	0x0	0x0	0x0	0x0	0x0	0x0	0x0	0x0	0x8000	0x0	0x0	0x0	0x0	0x0	0x0	0x0	0x0	0x0	0x0	0x8000	0x0	0x0	0x0	0x0	0x0	0x0	0x0	0x0	0x7	0x7	0x8	0x9	0x7	0x7	0x8	0x9	0x7	0x7	0x8	0x9	0x7	0x7	0x8	0x9	0x7	0x7	0x8	0x9	0x7	0x7	0x8	0x9	0x7	0x7	0x8	0x9	0x7	0x7	0x8	0x9	0x7	0x7	0x8	0x9	0x7	0x7	0x8	0x9	0x7	0x7	0x8	0x9	0x7	0x7	0x8	0x9	0x7	0x7	0x8	0x9	0x7	0x7	0x7	0x8	0x9	0x7	0x7	0x8	0x9	0x7	0x7	0x8	0x9
0x0	0x0	0x0	0x0	0x0	0xfff	0x0	0x0	0x0	0x0	0x0	0x47	0x0	0x0	0x0	0x42	0x0	0x0	0x0	0x0	0x47	0x0	0x42	0x0	0x0	0x0	0x0	0x0	0x0	0x0	0x0	0x0	0x0	0x0	0x0	0x0	0x0	0x0	0x0	0x0	0x0	0x0	0x0	0xc000	0x0	0x0	0x0	0x0	0x0	0x0	0x0	0x0	0x0	0x0	0xc000	0x0	0x0	0x0	0x0	0x0	0x0	0x0	0x0	0x1	0x1	0x2	0x3	0x1	0x1	0x2	0x3	0x1	0x1	0x2	0x3	0x43	0x43	0x44	0x45	0x43	0x43	0x44	0x45	0x43	0x43	0x44	0x45	0x1	0x1	0x2	0x3	0x1	0x1	0x2	0x3	0x1	0x1	0x2	0x3	0x1	0x1	0x2	0x3	0x1	0x1	0x2	0x3	0x1	0x1	0x2	0x3	0x1	0x1	0x2	0x3	0x1	0x1	0x1	0x2	0x3	0x1	0x1	0x2	0x3	0x1	0x1	0x2	0x3
0x0	0x0	0x0	0x0	0x0	0x0	0x0	0x0	0x0	0x0	0x0	0x0	0x0	0x0	0x0	0x0	0x0	0x0	0x0	0x0	0x0	0x0	0x0	0x0	0x0	0x0	0x0	0x0	0x0	0x0	0x0	0x0	0x0	0x0	0x0	0x0	0x0	0x0	0x0	0x0	0x0	0x0	0x0	0x0	0x0	0x0	0x0	0x0	0x0	0x0	0x0	0x0	0x0	0x0	0x0	0x0	0x0	0x0	0x0	0x0	0x0	0x0	0x0	0x1	0x1	0x2	0x3	0x1	0x1	0x2	0x3	0x1	0x1	0x2	0x3	0x1	0x1	0x2	0x3	0x1	0x1	0x2	0x3	0x1	0x1	0x2	0x3	0x1	0x1	0x2	0x3	0x1	0x1	0x2	0x3	0x1	0x1	0x2	0x3	0x1	0x1	0x2	0x3	0x1	0x1	0x2	0x3	0x1	0x1	0x2	0x3	0x1	0x1	0x2	0x3	0x1	0x1	0x1	0x2	0x3	0x1	0x1	0x2	0x3	0x1	0x1	0x2	0x3
0x0	0x0	0xfff	0x0	0x0	0x0	0x0	0x0	0x0	0x0	0x0	0x0	0x0	0x0	0x0	0x0	0x0	0x0	0x0	0x0	0x0	0x0	0x0	0x0	0x0	0x0	0x0	0x0	0x0	0x0	0x0	0x0	0x0	0x0	0x0	0x0	0x0	0x0	0x0	0x0	0x0	0x42	0x0	0x0	0x0	0x0	0x0	0x0	0x0	0x42	0x0	0x0	0x0	0x0	0x0	0x0	0x0	0x0	0x0	0x0	0x0	0x0	0x0	0x4	0x4	0x5	0x6	0x4	0x4	0x5	0x6	0x4	0x4	0x5	0x6	0x4	0x4	0x5	0x6	0x4	0x4	0x5	0x6	0x4	0x4	0x5	0x6	0x4	0x4	0x5	0x6	0x4	0x4	0x5	0x6	0x4	0x4	0x5	0x6	0x4	0x4	0x5	0x6	0x4	0x4	0x5	0x6	0x4	0x4	0x5	0x6	0x4	0x4	0x5	0x6	0x4	0x4	0x4	0x5	0x6	0x4	0x4	0x5	0x6	0x4	0x4	0x5	0x6
0x0	0x0	0x0	0x0	0x0	0x0	0x42	0x0	0x0	0x46	0x0	0x0	0x48	0x0	0x0	0x0	0x0	0x0	0x0	0x0	0x0	0x0	0x0	0x0	0x0	0x0	0x0	0x0	0x0	0x0	0x0	0x0	0x0	0x0	0x0	0x0	0x0	0x0	0x0	0x0	0x0	0x0	0x0	0x0	0x0	0x0	0x0	0x0	0x0	0x0	0x0	0x0	0x0	0x0	0x0	0x0	0x0	0x0	0x0	0x0	0x0	0x0	0x0	0x7	0x7	0x8	0x9	0x7	0x7	0x8	0x9	0x7	0x18	0x19	0x19	0x19	0x1a	0x8	0x9	0x7	0x7	0x8	0x9	0x7	0x7	0x8	0x9	0x7	0x7	0x8	0x9	0x7	0x7	0x8	0x9	0x7	0x7	0x8	0x9	0x7	0x7	0x8	0x9	0x7	0x7	0x8	0x9	0x7	0x7	0x8	0x9	0x7	0x7	0x8	0x9	0x7	0x7	0x7	0x8	0x9	0x7	0x7	0x8	0x9	0x7	0x7	0x8	0x9
0x0	0x0	0x0	0x0	0x0	0x0	0x0	0x0	0x0	0x0	0x0	0x0	0x0	0x0	0x47	0x0	0x0	0x0	0x12	0x0	0x0	0x0	0x47	0x0	0x0	0x0	0x0	0x0	0x0	0x0	0x0	0x0	0x0	0x0	0x0	0x0	0x0	0x0	0x0	0x0	0x0	0x0	0x0	0x0	0x0	0x0	0x0	0x0	0x0	0x0	0x0	0x0	0x0	0x0	0x0	0x0	0x0	0x0	0x0	0x0	0x0	0x0	0x0	0x7	0x7	0x8	0x9	0x7	0x7	0x8	0x9	0x7	0x1d	0x1e	0x1e	0x1e	0x1f	0x8	0x9	0x7	0x7	0x8	0x9	0x7	0x7	0x8	0x9	0x7	0x7	0x8	0x9	0x7	0x7	0x8	0x9	0x7	0x7	0x8	0x9	0x7	0x7	0x8	0x9	0x7	0x7	0x8	0x9	0x7	0x7	0x8	0x9	0x7	0x7	0x8	0x9	0x7	0x7	0x7	0x8	0x9	0x7	0x7	0x8	0x9	0x7	0x7	0x8	0x9
0x0	0x0	0x0	0x0	0x0	0xc	0xc	0xc	0xf	0xfff	0xc021	0x49	0x21	0x21	0x21	0x0	0x0	0x0	0x12	0x12	0x13	0xfff	0x4a	0x0	0x0	0x0	0x0	0x0	0x0	0x0	0x0	0x0	0x0	0x0	0x0	0x0	0x0	0x0	0x0	0x0	0x0	0x0	0x0	0x0	0x0	0x0	0x0	0x0	0x0	0x0	0x0	0x0	0x0	0x0	0x0	0x0	0x0	0x0	0x0	0x0	0x0	0x0	0x0	0x1	0x1	0x2	0x3	0x1	0x1	0x2	0x3	0x1	0x23	0x24	0x24	0x24	0x25	0x2	0x3	0x1	0x1	0x2	0x3	0x1	0x1	0x2	0x3	0x1	0x1	0x2	0x3	0x1	0x1	0x2	0x3	0x1	0x1	0x2	0x3	0x1	0x1	0x2	0x3	0x1	0x1	0x2	0x3	0x1	0x1	0x2	0x3	0x1	0x1	0x2	0x3	0x1	0x1	0x1	0x2	0x3	0x1	0x1	0x2	0x3	0x1	0x1	0x2	0x3
0x0	0xc	0xc	0xc	0xc	0x27	0x27	0x21	0x13	0x27	0x26	0x27	0x26	0x27	0x21	0x0	0x0	0x0	0xfff	0x40	0xfff	0xfff	0x4a	0x0	0x0	0x0	0x0	0x0	0x0	0x0	0x0	0x0	0x0	0x0	0x0	0x0	0x0	0x0	0x0	0x0	0x0	0x0	0x0	0x0	0x0	0x0	0x0	0x0	0x0	0x0	0x0	0x0	0x0	0x0	0x0	0x0	0x0	0x0	0x0	0x0	0x0	0x0	0x0	0x1	0x1	0x2	0x3	0x1	0x1	0x2	0x3	0x1	0x7	0x7	0x8	0x9	0x7	0xfff	0x3	0x1	0x1	0x2	0x3	0x1	0x1	0x2	0x3	0x1	0x1	0x2	0x3	0x1	0xfff	0x6	0xfff	0x5	0x6	0x4	0x3	0x1	0x1	0x2	0x3	0x1	0x1	0x2	0x3	0x1	0x1	0x2	0x3	0x1	0x1	0x2	0x3	0x1	0x1	0x1	0x2	0x3	0x1	0x1	0x2	0x3	0x1	0x1	0x2	0x3
0x0	0xc	0xc	0xc	0xc	0xc	0xc	0x12	0x13	0x12	0x13	0x12	0x13	0x12	0x13	0x0	0x0	0x0	0xfff	0x12	0x13	0xfff	0x4d	0x0	0x0	0x0	0x0	0x0	0x0	0x0	0x0	0x0	0x0	0x0	0x0	0x0	0x0	0x0	0x0	0x0	0x0	0x0	0x0	0x0	0x0	0x0	0x0	0x0	0x0	0x0	0x0	0x0	0x0	0x0	0x0	0x0	0x0	0x0	0x0	0x8000	0x8000	0x0	0x0	0x4	0x4	0x5	0x6	0x4	0x4	0x5	0x6	0x4	0x7	0x7	0x8	0x9	0x7	0xfff	0x6	0x4	0x4	0x5	0x6	0x4	0x4	0x5	0x6	0x4	0x4	0x5	0x6	0x4	0x5	0x6	0x4	0x8	0x9	0x7	0x6	0x4	0x4	0x5	0x6	0x4	0x4	0x5	0x6	0x4	0x4	0x5	0x6	0x4	0x4	0x5	0x6	0x4	0x4	0x4	0x5	0x6	0x4	0x4	0x5	0x6	0x4	0x4	0x5	0x6
0x0	0xc	0xc	0xc	0xc	0xc	0xc	0x12	0x13	0x12	0x13	0x12	0x3e	0x12	0x13	0x0	0x0	0x0	0x12	0x12	0x13	0x40	0x12	0x0	0x0	0x0	0x0	0x0	0x0	0x0	0x0	0x0	0x0	0x0	0x0	0x0	0x0	0x0	0x0	0x0	0x0	0x0	0x0	0x0	0x0	0x0	0x0	0x0	0x0	0x0	0x0	0x8000	0x8000	0x8000	0x8000	0x8000	0x8000	0x8000	0x8000	0x8000	0xc000	0x0	0x0	0x7	0x7	0x8	0x9	0x7	0x7	0x8	0x9	0x7	0x4	0xfff	0xa	0xb	0x4	0xfff	0x9	0x7	0x7	0x8	0x9	0x7	0x7	0x8	0x1	0x1	0x7	0x8	0x9	0x7	0x8	0x9	0x7	0x8	0x9	0x7	0x9	0x7	0x7	0x8	0x9	0x7	0x7	0x8	0x9	0x7	0x7	0x8	0x9	0x7	0x7	0x8	0x9	0x7	0x7	0x7	0x8	0x9	0x7	0x7	0x8	0x9	0x7	0x7	0x8	0x9
0x0	0xc	0xc	0xfff	0xc	0xc	0xfff	0xfff	0x13	0x12	0x38	0x12	0x13	0x12	0x12	0x0	0x0	0x0	0x12	0xfff	0x13	0x12	0x12	0x0	0x0	0x0	0x0	0x0	0x0	0x0	0x0	0xfff	0x0	0x0	0x0	0x0	0x0	0x0	0x0	0x0	0x0	0x0	0x0	0x0	0x0	0x0	0x0	0x0	0x0	0x0	0x0	0xc000	0x8000	0xc000	0xc000	0xc000	0xc000	0x8000	0xc000	0xc000	0xc000	0x0	0x0	0x7	0x7	0x8	0x9	0x7	0x7	0x8	0x9	0x7	0x7	0x8	0x9	0x7	0x7	0x8	0x9	0x18	0x19	0x1a	0x9	0x7	0x7	0x1	0x1	0x4	0x7	0x8	0x18	0x19	0x19	0x19	0x1a	0x7	0x7	0x8	0x9	0x7	0x7	0x8	0x9	0x7	0x7	0x8	0x9	0x7	0x7	0x8	0x9	0x7	0x7	0x8	0x9	0x7	0x7	0x7	0x8	0x9	0x7	0x7	0x8	0x9	0x7	0x7	0x8	0x9
0x0	0xc	0xc	0xc	0xf	0x11	0x57	0x58	0x13	0x12	0x13	0x12	0x13	0x12	0x4a	0x1b	0x1b	0xfff	0x4b	0xfff	0x38	0x12	0x12	0x0	0x0	0x0	0x0	0x49	0x13	0x49	0x12	0xfff	0x0	0x0	0x0	0x0	0x0	0x0	0x0	0x0	0x0	0x0	0x0	0x0	0x0	0x0	0x0	0x0	0x0	0x0	0x0	0xc000	0x8000	0xc000	0x0	0x0	0xc000	0x8000	0xc000	0x0	0x0	0x0	0x0	0x1	0x1	0x2	0x3	0x1	0x1	0x2	0x3	0x1	0x1	0x2	0x3	0x1	0x1	0x2	0x3	0x1d	0x1e	0x1f	0x3	0x1	0x1	0x4	0x4	0x18	0x19	0x1a	0x1d	0x1e	0x1e	0x1e	0x1f	0x1	0x1	0x2	0x3	0x1	0x5	0x6	0x4	0x1	0x1	0x2	0x3	0x1	0x1	0x2	0x3	0x1	0x1	0x2	0x3	0x1	0x1	0x1	0x2	0x3	0x1	0x1	0x2	0x3	0x1	0x1	0x2	0x3
0x0	0x12	0x13	0x12	0x13	0x12	0x26	0x10	0x13	0x12	0x13	0x12	0x13	0x40	0xfff	0xfff	0x49	0x21	0xfff	0xfff	0x13	0x12	0x4a	0x1b	0x1b	0x5b	0xd	0x49	0xc013	0x49	0x4a	0x5d	0x0	0x0	0x0	0x0	0x0	0x0	0x0	0x0	0x0	0x0	0x0	0x0	0x0	0x0	0x0	0x0	0x0	0x0	0x0	0x0	0x8000	0x0	0x0	0x0	0x0	0x8000	0x0	0x0	0x0	0x0	0x0	0x1	0x1	0x2	0x3	0x1	0x1	0x2	0x3	0x1	0x1	0x2	0x3	0x1	0x1	0x2	0x3	0x23	0x24	0x25	0x3	0x1	0x1	0x1	0x1	0x1d	0x1e	0x1f	0x23	0x24	0x24	0x24	0x25	0x1	0x1	0x2	0x3	0x1	0x5	0x6	0x4	0x1	0x1	0x2	0x3	0x1	0x1	0x2	0x3	0x1	0x1	0x2	0x3	0x1	0x1	0x1	0x2	0x3	0x1	0x1	0x2	0x3	0x1	0x1	0x2	0x3
0x0	0x12	0x13	0x12	0x13	0x12	0x13	0x12	0x13	0x12	0x5b	0x4b	0xfff	0x12	0xfff	0x27	0x26	0x27	0xfff	0x34	0x13	0x12	0x5e	0x5f	0x49	0x21	0xe	0xfff	0x13	0x52	0x4d	0x4a	0x0	0x0	0x0	0x0	0x0	0x0	0x0	0x0	0x0	0x0	0x0	0x0	0x0	0x0	0x0	0x0	0x0	0x0	0x0	0x0	0x0	0x0	0x0	0x0	0x0	0x0	0x0	0x0	0x0	0x0	0x0	0x4	0x4	0x5	0x6	0x4	0x4	0x5	0x6	0x4	0x4	0x5	0x6	0x4	0x4	0x5	0x6	0x4	0x4	0x5	0x6	0x4	0x4	0x4	0x4	0x23	0x24	0x25	0x6	0x4	0x4	0x5	0x6	0x4	0x4	0x5	0x6	0x4	0x8	0x9	0x7	0x4	0x4	0x5	0x6	0x4	0x4	0x5	0x6	0x4	0x4	0x5	0x6	0x4	0x4	0x4	0x5	0x6	0x4	0x4	0x5	0x6	0x4	0x4	0x5	0x6
0x0	0x0	0x0	0x0	0x0	0x0	0x13	0x12	0x13	0x12	0xfff	0x60	0x64	0x12	0x13	0x12	0x38	0x12	0x13	0x12	0x3e	0x12	0x63	0x27	0x26	0x27	0x26	0x40	0x13	0x12	0x11	0x4d	0x0	0x0	0x0	0x0	0x0	0x0	0x0	0x0	0x0	0x0	0x0	0x0	0x0	0x0	0x0	0x0	0x0	0x0	0x0	0x0	0x0	0x0	0x0	0x0	0x0	0x0	0x0	0x0	0x0	0x0	0x0	0x7	0x7	0x8	0x9	0x7	0x7	0x8	0x9	0x7	0x7	0x8	0x9	0x7	0x7	0x8	0x9	0x7	0x7	0x8	0x9	0x7	0x7	0x8	0x9	0x7	0x7	0x8	0x9	0x7	0x7	0x8	0x9	0x7	0x7	0x8	0x9	0x7	0x7	0x8	0x9	0x7	0x7	0x8	0x9	0x7	0x7	0x8	0x9	0x7	0x7	0x8	0x9	0x7	0x7	0x7	0x8	0x9	0x7	0x7	0x8	0x9	0x7	0x7	0x8	0x9
0x0	0x0	0x0	0x0	0x0	0x0	0x13	0x12	0x13	0x12	0xfff	0xfff	0x13	0x12	0x13	0x12	0x13	0x12	0x13	0x12	0x13	0x12	0x13	0x12	0x13	0x12	0x13	0x12	0x13	0x34	0x13	0x12	0x0	0x0	0x0	0x0	0x0	0x0	0x0	0x0	0x0	0x0	0x0	0x0	0x0	0x0	0x0	0x0	0x0	0x0	0x0	0x0	0x0	0x0	0x0	0x0	0x0	0x0	0x0	0x0	0x0	0x0	0x0	0x7	0x7	0x8	0x9	0x7	0x7	0x8	0x9	0x7	0x7	0x8	0x9	0x7	0x7	0x8	0x9	0x7	0x7	0x8	0x9	0x7	0x7	0x8	0x9	0x7	0x7	0x8	0x9	0x7	0x7	0x8	0x9	0x7	0x7	0x8	0x9	0x7	0x7	0x8	0x9	0x7	0x7	0x8	0x9	0x7	0x7	0x8	0x9	0x7	0x7	0x8	0x9	0x7	0x7	0x7	0x8	0x9	0x7	0x7	0x8	0x9	0x7	0x7	0x8	0x9
0x0	0x0	0x0	0x0	0x0	0x0	0x13	0x12	0x13	0x12	0x13	0x12	0x3e	0x34	0x13	0x12	0x13	0x12	0x13	0x12	0x13	0x12	0x13	0x12	0x13	0x12	0x13	0x12	0x13	0x12	0x13	0x12	0x0	0x0	0x0	0x0	0x0	0x0	0x0	0x0	0x0	0x0	0x0	0x0	0x0	0x0	0x0	0x0	0x0	0x0	0x0	0x0	0x0	0x0	0x0	0x0	0x0	0x0	0x0	0x0	0x0	0x0	0x0	0x0	0x1	0x1	0x2	0x3	0x1	0x1	0x2	0x3	0x1	0x1	0x2	0x1	0x1	0x2	0x3	0x1	0x1	0x2	0x3	0x1	0x1	0x2	0xfff	0x1	0x1	0x2	0x3	0x1	0x1	0x2	0x3	0x1	0x1	0x2	0x3	0x1	0x1	0x2	0x3	0x1	0x1	0x2	0x3	0x1	0x1	0x2	0x3	0x1	0x1	0x2	0x3	0x1	0x1	0x1	0x2	0x3	0x1	0x1	0x2	0x3	0x1	0x1	0x2	0x3
0x0	0x0	0x0	0x0	0x0	0x0	0x13	0x12	0x13	0x12	0x13	0x12	0x13	0x12	0x13	0x0	0x0	0x0	0x0	0x0	0x0	0x0	0x0	0x0	0x0	0x0	0x0	0x0	0x0	0x0	0x0	0x0	0x0	0x0	0x0	0x0	0x0	0x0	0x0	0x0	0x0	0x0	0x0	0x0	0x0	0x0	0x0	0x0	0x0	0x0	0x0	0xc000	0x0	0xc000	0xc000	0xc000	0xc000	0x0	0xc000	0x0	0x0	0x0	0x0	0x0	0x1	0x1	0x2	0x3	0x1	0x1	0x2	0x3	0x1	0x1	0x2	0x1	0x1	0x2	0x3	0x1	0x1	0x2	0x3	0x1	0x1	0x2	0xfff	0x1	0x1	0x2	0x3	0x1	0x1	0x2	0x3	0x1	0x1	0x2	0x3	0x1	0x1	0x2	0x3	0x1	0x1	0x2	0x3	0x1	0x1	0x2	0x3	0x1	0x1	0x2	0x3	0x1	0x1	0x1	0x2	0x3	0x1	0x1	0x2	0x3	0x1	0x1	0x2	0x3
0x0	0x0	0x0	0x0	0x0	0x0	0x13	0x12	0x13	0x12	0x13	0x12	0x13	0x12	0x13	0x0	0x0	0x0	0x0	0x0	0x0	0x0	0x0	0x0	0x0	0x0	0x0	0x0	0x0	0x0	0x0	0x0	0x0	0x0	0x0	0x0	0x0	0x0	0x0	0x0	0x0	0x0	0x0	0x0	0x0	0x0	0x0	0x0	0x0	0x0	0x0	0xc000	0x0	0xc000	0x0	0x0	0xc000	0xc000	0xc000	0x0	0x0	0x0	0x0	0x0	0x1	0x1	0x2	0x3	0x1	0x1	0x2	0x3	0x1	0x1	0x2	0x4	0x4	0x5	0x6	0x4	0x4	0x5	0x6	0x4	0x4	0x5	0xfff	0x4	0x4	0x5	0x6	0x4	0x4	0x5	0x6	0x4	0x4	0x5	0x6	0x4	0x4	0x5	0x6	0x4	0x4	0x5	0x6	0x4	0x4	0x5	0x6	0x4	0x4	0x5	0x6	0x4	0x4	0x4	0x5	0x6	0x4	0x4	0x5	0x6	0x4	0x4	0x5	0x6
0x0	0x0	0x0	0x0	0x0	0x0	0x13	0x12	0x13	0x12	0x13	0x12	0x38	0x12	0x13	0x0	0x0	0x0	0x0	0x0	0x0	0x0	0x0	0x0	0x0	0x0	0x0	0x0	0x0	0x0	0x0	0x0	0x0	0x0	0x0	0x0	0x0	0x0	0x0	0x0	0x0	0x0	0x0	0x0	0x0	0x0	0x0	0x0	0x0	0x0	0x0	0xc000	0xc000	0xc000	0x0	0x0	0x0	0x0	0x0	0x0	0x0	0x0	0x0	0x0	0x7	0x7	0x8	0x9	0x7	0x7	0x8	0x9	0x7	0x7	0x8	0x7	0x7	0x8	0x9	0x7	0x7	0x8	0x9	0x7	0x7	0x8	0xfff	0x7	0x7	0x8	0x9	0x7	0x7	0x8	0x9	0x7	0x7	0x8	0x9	0x7	0x7	0x8	0x9	0x7	0x7	0x8	0x9	0x7	0x7	0x8	0x9	0x7	0x7	0x8	0x9	0x7	0x7	0x7	0x8	0x9	0x7	0x7	0x8	0x9	0x7	0x7	0x8	0x9
0x0	0x0	0x0	0x0	0x0	0x0	0x0	0x0	0x0	0x12	0x13	0x12	0x13	0x12	0x13	0x0	0x0	0x0	0x0	0x0	0x0	0x0	0x0	0x0	0x0	0x0	0x0	0x0	0x0	0x0	0x0	0x0	0x0	0x0	0x0	0x0	0x0	0x0	0x0	0x0	0x0	0x0	0x0	0x0	0x0	0x0	0x0	0x0	0x0	0x0	0x0	0x0	0x0	0x0	0x0	0x0	0x0	0x0	0x0	0x0	0x0	0x0	0x0	0x0	0x7	0x7	0x8	0x9	0x7	0x7	0x8	0x9	0x7	0x7	0x8	0x7	0x7	0x8	0x9	0x7	0x7	0x8	0x9	0x7	0x7	0x8	0x6c	0x7	0x7	0x8	0x9	0x7	0x7	0x8	0x9	0x7	0x7	0x8	0x9	0x7	0x7	0x8	0x9	0x7	0x7	0x8	0x9	0x7	0x7	0x8	0x9	0x7	0x7	0x8	0x9	0x7	0x7	0x7	0x8	0x9	0x7	0x7	0x8	0x9	0x7	0x7	0x8	0x9
0x0	0x0	0x0	0x0	0x0	0x0	0x0	0x0	0x0	0x12	0x13	0x12	0x13	0x12	0x13	0x0	0x0	0x0	0x0	0x0	0x0	0x0	0x0	0x0	0x0	0x0	0x0	0x0	0x0	0x0	0x0	0x0	0x0	0x0	0x0	0x0	0x0	0x0	0x0	0x0	0x0	0x0	0x0	0x0	0x0	0x0	0x0	0x0	0x0	0x0	0x0	0x0	0x0	0x0	0x0	0x0	0x0	0x0	0x0	0x0	0x0	0x0	0x0	0x0	0x43	0x43	0x44	0x45	0x43	0x43	0x44	0x45	0x43	0x43	0x44	0x45	0x1	0x1	0x2	0x3	0x1	0x1	0x2	0x3	0x1	0x1	0xfff	0x1	0x1	0x2	0x3	0x1	0x1	0x2	0x3	0x1	0x1	0x2	0x3	0x1	0x1	0x2	0x3	0x1	0x1	0x2	0x3	0x1	0x1	0x2	0x3	0x1	0x1	0x2	0x3	0x1	0x1	0x1	0x2	0x3	0x1	0x1	0x2	0x3	0x1	0x1	0x2	0x3
0x0	0x0	0x0	0x0	0x0	0x0	0x0	0x0	0x0	0x0	0x13	0x12	0x13	0x12	0x13	0x0	0x0	0x0	0x0	0x0	0x0	0x0	0x0	0x0	0x0	0x0	0x0	0x0	0x0	0x0	0x0	0x0	0x0	0x0	0x0	0x0	0x0	0x0	0x0	0x0	0x0	0x0	0x0	0x0	0x0	0x0	0x0	0x0	0x0	0x0	0x0	0x0	0x0	0x0	0x0	0x0	0x0	0x0	0x0	0x0	0x0	0x0	0x0	0x0	0x1	0x1	0x2	0x3	0x1	0x1	0x2	0x3	0x1	0x1	0x2	0x3	0x1	0x1	0x2	0x3	0x1	0x1	0x2	0x3	0x1	0x1	0x1	0x1	0x1	0x2	0x3	0x1	0x1	0x2	0x3	0x1	0x1	0x2	0x3	0x1	0x1	0x2	0x3	0x1	0x1	0x2	0x3	0x1	0x1	0x2	0x3	0x1	0x1	0x2	0x3	0x1	0x1	0x1	0x2	0x3	0x1	0x1	0x2	0x3	0x1	0x1	0x2	0x3
0x0	0x0	0x0	0x0	0x0	0x0	0x0	0x0	0x0	0x0	0x0	0x0	0x0	0xc	0x56	0x0	0x0	0x0	0x0	0x0	0x0	0x0	0x0	0x0	0x0	0x0	0x0	0x0	0x0	0x0	0x0	0x0	0x0	0x0	0x0	0x0	0x8000	0x8000	0x0	0x0	0x0	0x0	0x0	0x0	0x0	0x0	0x0	0x0	0x0	0x0	0x0	0x0	0x0	0x0	0x0	0x0	0x0	0x0	0x0	0x0	0x0	0x0	0x0	0x0	0x1	0x1	0x2	0x3	0x1	0x1	0x2	0x3	0x1	0x1	0x2	0x3	0x4	0x4	0x5	0x6	0x4	0x4	0x5	0x6	0x4	0x4	0xfff	0x4	0x4	0x5	0x6	0x4	0x4	0x5	0x6	0x4	0x4	0x5	0x6	0x4	0x4	0x5	0x6	0x4	0x4	0x5	0x6	0x4	0x4	0x5	0x6	0x4	0x4	0x5	0x6	0x4	0x4	0x4	0x5	0x6	0x4	0x4	0x5	0x6	0x4	0x4	0x5	0x6
0x0	0x0	0x0	0x0	0x0	0x0	0x0	0x0	0x0	0x0	0x0	0x0	0x0	0x0	0x0	0x0	0x0	0x0	0x0	0x0	0x0	0x0	0x0	0x0	0x0	0x0	0x0	0x0	0x0	0x0	0x0	0x0	0x0	0x0	0x0	0x0	0x8000	0xc000	0x0	0x0	0x0	0x0	0x0	0x0	0x0	0x0	0x0	0x0	0x0	0x0	0x0	0x0	0x0	0x0	0x0	0x0	0x0	0x0	0x0	0x0	0x0	0x0	0x0	0x0	0x7	0x7	0x8	0x9	0x7	0x7	0x8	0x9	0x7	0x7	0x8	0x9	0x7	0x7	0x8	0x9	0x7	0x7	0x8	0x9	0x7	0x7	0x7	0x7	0x7	0x8	0x9	0x7	0x7	0x8	0x9	0x7	0x7	0x8	0x9	0x7	0x7	0x8	0x9	0x7	0x7	0x8	0x9	0x7	0x7	0x8	0x9	0x7	0x7	0x8	0x9	0x7	0x7	0x7	0x8	0x9	0x7	0x7	0x8	0x9	0x7	0x7	0x8	0x9
0x0	0x0	0x0	0x0	0x0	0x0	0x0	0x0	0x0	0x0	0x0	0x0	0x0	0x0	0x0	0x0	0x0	0x0	0x0	0x0	0x0	0x0	0x0	0x0	0x0	0x0	0x0	0x0	0x0	0x0	0x0	0x0	0x0	0x0	0x0	0x0	0x8000	0xc000	0x0	0x0	0x0	0x0	0x0	0x0	0x0	0x0	0x0	0x0	0x0	0x0	0x0	0x0	0x0	0x0	0x0	0x0	0x0	0x0	0x0	0x0	0x0	0x0	0x0	0x0	0x7	0x7	0x8	0x9	0x7	0x7	0x8	0x9	0x7	0x7	0x8	0x9	0x7	0x7	0x8	0x9	0x7	0x7	0x8	0x9	0x7	0x7	0x7	0x7	0x7	0x8	0x9	0x7	0x7	0x8	0x9	0x7	0x7	0x8	0x9	0x7	0x7	0x8	0x9	0x7	0x7	0x8	0x9	0x7	0x7	0x8	0x9	0x7	0x7	0x8	0x9	0x7	0x7	0x7	0x8	0x9	0x7	0x7	0x8	0x9	0x7	0x7	0x8	0x9
0x0	0x0	0x0	0x0	0x0	0x0	0x0	0x0	0x0	0x0	0x0	0x0	0x0	0x0	0x0	0x0	0x0	0x0	0x0	0x0	0x0	0x0	0x0	0x0	0x0	0x0	0x0	0x0	0x0	0x0	0x0	0x0	0x0	0x0	0x0	0x0	0x8000	0x0	0x0	0x0	0x0	0x0	0xc000	0x0	0x0	0x0	0x0	0x0	0x0	0x0	0x0	0x0	0x0	0x0	0x0	0x0	0x0	0x0	0x0	0x0	0x0	0x0	0x0	0x0	0x43	0x43	0x44	0x45	0x43	0x43	0x44	0x45	0x43	0x43	0x44	0x45	0x1	0x1	0x2	0x3	0x1	0x1	0x2	0x3	0x1	0x1	0xfff	0xfff	0x1	0x1	0x2	0x3	0x1	0x1	0x2	0x3	0x1	0x1	0x2	0x3	0x1	0x1	0x2	0x3	0x1	0x1	0x2	0x3	0x1	0x1	0x2	0x3	0x1	0x1	0x2	0x3	0x1	0x1	0x2	0x3	0x1	0x1	0x2	0x3	0x1	0x1	0x2	0x3
0x0	0x0	0x0	0x0	0x0	0x0	0x0	0x0	0x0	0x0	0x0	0x0	0x0	0x0	0x0	0x0	0x0	0x0	0x0	0x0	0x0	0x0	0x0	0x0	0x0	0x0	0x0	0x0	0x0	0x0	0x0	0x0	0x0	0x0	0x0	0x0	0x8000	0x8000	0x0	0x0	0x0	0x0	0x0	0x0	0x0	0x0	0x0	0x0	0x0	0x0	0x0	0x0	0x0	0x0	0x0	0x0	0x0	0x0	0x0	0x0	0x0	0x0	0x0	0x0	0x1	0x1	0x2	0x3	0x1	0x1	0x2	0x3	0x1	0x1	0x2	0x3	0x1	0x1	0x2	0x3	0x1	0x1	0x2	0x3	0x1	0x1	0x2	0x3	0x1	0x1	0x2	0x3	0x1	0x1	0x2	0x3	0x1	0x1	0x2	0x3	0x1	0x1	0x2	0x3	0x1	0x1	0x2	0x3	0x1	0x1	0x2	0x3	0x1	0x1	0x2	0x3	0x1	0x1	0x2	0x3	0x1	0x1	0x2	0x3	0x1	0x1	0x2	0x3
0x0	0x0	0x0	0x0	0x0	0x0	0x0	0x0	0x0	0x0	0x0	0x0	0x0	0x0	0x0	0x0	0x0	0x0	0x0	0x0	0x0	0x0	0x0	0x0	0x0	0x0	0x0	0x0	0x0	0x0	0x0	0x0	0x0	0x0	0x0	0x0	0xc000	0x8000	0x8000	0x8000	0x8000	0x8000	0x8000	0x8000	0x8000	0x8000	0x0	0x0	0x0	0x0	0x0	0x0	0x0	0x0	0x0	0x0	0x0	0x0	0x0	0x0	0x0	0x0	0x0	0x0	0x1	0x1	0x2	0x3	0x1	0x1	0x2	0x3	0x1	0x1	0x2	0x3	0x4	0x4	0x5	0x6	0x4	0x4	0x5	0x6	0x4	0x4	0x5	0x6	0x4	0x4	0x5	0x6	0x4	0x4	0x5	0x6	0x4	0x4	0x5	0x6	0x4	0x4	0x5	0x6	0x4	0x4	0x5	0x6	0x4	0x4	0x5	0x6	0x4	0x4	0x5	0x6	0x4	0x4	0x5	0x6	0x4	0x4	0x5	0x6	0x4	0x4	0x5	0x6
0x0	0x0	0x0	0x0	0x0	0x0	0x0	0x0	0x0	0x0	0x0	0x0	0x0	0x0	0x0	0x0	0x0	0x0	0x0	0x0	0x0	0x0	0x0	0x0	0x0	0x0	0x0	0x0	0x0	0x0	0x0	0x0	0x0	0x0	0x0	0x0	0xc000	0xc000	0xc000	0x8000	0x8000	0xc000	0xc000	0xc000	0x8000	0xc000	0x0	0x0	0x0	0x0	0x0	0x0	0x0	0x0	0x0	0x0	0x0	0x0	0x0	0x0	0x0	0x0	0x0	0x0	0x7	0x7	0x8	0x9	0x7	0x7	0x8	0x9	0x7	0x7	0x8	0x9	0x7	0x7	0x8	0x9	0x7	0x7	0x8	0x9	0x7	0x7	0x8	0x9	0x7	0x7	0x8	0x9	0x7	0x7	0x8	0x9	0x7	0x7	0x8	0x9	0x7	0x7	0x8	0x9	0x7	0x7	0x8	0x9	0x7	0x7	0x8	0x9	0x7	0x7	0x8	0x9	0x7	0x7	0x8	0x9	0x7	0x7	0x8	0x9	0x7	0x7	0x8	0x9
0x0	0x0	0x0	0x0	0x0	0x0	0x0	0x0	0x0	0x0	0x0	0x0	0x0	0x0	0x0	0x0	0x0	0x0	0x0	0x0	0x0	0x0	0x0	0x0	0x0	0x0	0x0	0x0	0x0	0x0	0x0	0x0	0x0	0x0	0x0	0x0	0x0	0x0	0xc000	0xc000	0xc000	0xc000	0x0	0xc000	0x8000	0xc000	0x0	0x0	0x0	0x0	0x0	0x0	0x0	0x0	0x0	0x0	0x0	0x0	0x0	0x0	0x0	0x0	0x0	0x0	0x7	0x7	0x8	0x9	0x7	0x7	0x8	0x9	0x7	0x7	0x8	0x9	0x7	0x7	0x8	0x9	0x7	0x7	0x8	0x9	0x7	0x7	0x8	0x9	0x7	0x7	0x8	0x9	0x7	0x7	0x8	0x9	0x7	0x7	0x8	0x9	0x7	0x7	0x8	0x9	0x7	0x7	0x8	0x9	0x7	0x7	0x8	0x9	0x7	0x7	0x8	0x9	0x7	0x7	0x8	0x9	0x7	0x7	0x8	0x9	0x7	0x7	0x8	0x9
0x0	0x0	0x0	0x0	0x0	0x0	0x0	0x0	0x0	0x0	0x0	0x0	0x0	0x0	0x0	0x0	0x0	0x0	0x0	0x0	0x0	0x0	0x0	0x0	0x0	0x0	0x0	0x0	0x0	0x0	0x0	0x0	0x0	0x0	0x0	0x0	0x0	0x0	0x0	0x0	0x0	0x0	0x0	0xc000	0xc000	0xc000	0x0	0x0	0x0	0x0	0x0	0x0	0x0	0x0	0x0	0x0	0x0	0x0	0x0	0x0	0x0	0x0	0x0	0x0	0x1	0x1	0x2	0x3	0x1	0x1	0x2	0x3	0x1	0x1	0x2	0x3	0x1	0x1	0x2	0x3	0x1	0x1	0x2	0x3	0x1	0x1	0x2	0x3	0x1	0x1	0x2	0x3	0x1	0x1	0x2	0x3	0x1	0x1	0x2	0x3	0x1	0x1	0x2	0x3	0x1	0x1	0x2	0x3	0x1	0x1	0x2	0x3	0x1	0x1	0x2	0x3	0x1	0x1	0x2	0x3	0x1	0x1	0x2	0x3	0x1	0x1	0x2	0x3
0x0	0x0	0x0	0x0	0x0	0x0	0x0	0x0	0x0	0x0	0x0	0x0	0x0	0x0	0x0	0x0	0x0	0x0	0x0	0x0	0x0	0x0	0x0	0x0	0x0	0x0	0x0	0x0	0x0	0x0	0x0	0x0	0x0	0x0	0x0	0x0	0x0	0x0	0x0	0x0	0x0	0x0	0x0	0x0	0x0	0x0	0x0	0x0	0x0	0x0	0x0	0x0	0x0	0x0	0x0	0x0	0x0	0x0	0x0	0x0	0x0	0x0	0x0	0x0	0x1	0x1	0x2	0x3	0x1	0x1	0x2	0x3	0x1	0x1	0x2	0x3	0x1	0x1	0x2	0x3	0x1	0x1	0x2	0x3	0x1	0x1	0x2	0x3	0x1	0x1	0x2	0x3	0x1	0x1	0x2	0x3	0x1	0x1	0x2	0x3	0x1	0x1	0x2	0x3	0x1	0x1	0x2	0x3	0x1	0x1	0x2	0x3	0x1	0x1	0x2	0x3	0x1	0x1	0x2	0x3	0x1	0x1	0x2	0x3	0x1	0x1	0x2	0x3
0x0	0x0	0x0	0x0	0x0	0x0	0x0	0x0	0x0	0x0	0x0	0x0	0x0	0x0	0x0	0x0	0x0	0x0	0x0	0x0	0x0	0x0	0x0	0x0	0x0	0x0	0x0	0x0	0x0	0x0	0x0	0x0	0x0	0x0	0x0	0x0	0x0	0x0	0x0	0x0	0x0	0x0	0x0	0x0	0x0	0x0	0x0	0x0	0x0	0x0	0x0	0x0	0x0	0x0	0x0	0x0	0x0	0x0	0x0	0x0	0x0	0x0	0x0	0x0	0x4	0x4	0x5	0x6	0x4	0x4	0x5	0x6	0x4	0x4	0x5	0x6	0x4	0x4	0x5	0x6	0x4	0x4	0x5	0x6	0x4	0x4	0x5	0x6	0x4	0x4	0x5	0x6	0x4	0x4	0x5	0x6	0x4	0x4	0x5	0x6	0x4	0x4	0x5	0x6	0x4	0x4	0x5	0x6	0x4	0x4	0x5	0x6	0x4	0x4	0x5	0x6	0x4	0x4	0x5	0x6	0x4	0x4	0x5	0x6	0x4	0x4	0x5	0x6
0x0	0x0	0x0	0x0	0x0	0x0	0x0	0x0	0x0	0x0	0x0	0x0	0x0	0x0	0x0	0x0	0x0	0x0	0x0	0x0	0x0	0x0	0x0	0x0	0x0	0x0	0x0	0x0	0x0	0x0	0x0	0x0	0x0	0x0	0x0	0x0	0x0	0x0	0x0	0x0	0x0	0x0	0x0	0x0	0x0	0x0	0x0	0x0	0x0	0x0	0x0	0x0	0x0	0x0	0x0	0x0	0x0	0x0	0x0	0x0	0x0	0x0	0x0	0x0	0x7	0x7	0x8	0x9	0x7	0x7	0x8	0x9	0x7	0x7	0x8	0x9	0x7	0x7	0x8	0x9	0x7	0x7	0x8	0x9	0x7	0x7	0x8	0x9	0x7	0x7	0x8	0x9	0x7	0x7	0x8	0x9	0x7	0x7	0x8	0x9	0x7	0x7	0x8	0x9	0x7	0x7	0x8	0x9	0x7	0x7	0x8	0x9	0x7	0x7	0x8	0x9	0x7	0x7	0x8	0x9	0x7	0x7	0x8	0x9	0x7	0x7	0x8	0x9
0x0	0x0	0x0	0x0	0x0	0x0	0x0	0x0	0x0	0x0	0x0	0x0	0x0	0x0	0x0	0x0	0x0	0x0	0x0	0x0	0x0	0x0	0x0	0x0	0x0	0x0	0x0	0x0	0x0	0x0	0x0	0x0	0x0	0x0	0x0	0x0	0x0	0x0	0x0	0x0	0x0	0x0	0x0	0x0	0x0	0x0	0x0	0x0	0x0	0x0	0x0	0x0	0x0	0x0	0x0	0x0	0x0	0x0	0x0	0x0	0x0	0x0	0x0	0x0	0x7	0x7	0x8	0x9	0x7	0x7	0x8	0x9	0x7	0x7	0x8	0x9	0x7	0x7	0x8	0x9	0x7	0x7	0x8	0x9	0x7	0x7	0x8	0x9	0x7	0x7	0x8	0x9	0x7	0x7	0x8	0x9	0x7	0x7	0x8	0x9	0x7	0x7	0x8	0x9	0x7	0x7	0x8	0x9	0x7	0x7	0x8	0x9	0x7	0x7	0x8	0x9	0x7	0x7	0x8	0x9	0x7	0x7	0x8	0x9	0x7	0x7	0x8	0x9
0x0	0x0	0x0	0x0	0x0	0x0	0x0	0x0	0x0	0x0	0x0	0x0	0x0	0x0	0x0	0x0	0x0	0x0	0x0	0x0	0x0	0x0	0x0	0x0	0x0	0x0	0x0	0x0	0x0	0x0	0x0	0x0	0x0	0x0	0x0	0x0	0x0	0x0	0x0	0x0	0x0	0x0	0x0	0x0	0x0	0x0	0x0	0x0	0x0	0x0	0x0	0x0	0x0	0x0	0x0	0x0	0x0	0x0	0x0	0x0	0x0	0x0	0x0	0x0	0x1	0x1	0x2	0x3	0x1	0x1	0x2	0x3	0x1	0x1	0x2	0x3	0x1	0x1	0x2	0x3	0x1	0x1	0x2	0x3	0x1	0x1	0x2	0x3	0x1	0x1	0x2	0x3	0x1	0x1	0x2	0x3	0x1	0x1	0x2	0x3	0x1	0x1	0x2	0x3	0x1	0x1	0x2	0x3	0x1	0x1	0x2	0x3	0x1	0x1	0x2	0x3	0x1	0x1	0x2	0x3	0x1	0x1	0x2	0x3	0x1	0x1	0x2	0x3
0x0	0x0	0x0	0x0	0x0	0x0	0x0	0x0	0x0	0x0	0x0	0x0	0x0	0x0	0x0	0x0	0x0	0x0	0x0	0x0	0x0	0x0	0x0	0x0	0x0	0x0	0x0	0x0	0x0	0x0	0x0	0x0	0x0	0x0	0x0	0x0	0x0	0x0	0x0	0x0	0x0	0x0	0x0	0x0	0x0	0x0	0x0	0x0	0x0	0x0	0x0	0x0	0x0	0x0	0x0	0x0	0x0	0x0	0x0	0x0	0x0	0x0	0x0	0x0	0x1	0x1	0x2	0x3	0x1	0x1	0x2	0x3	0x1	0x1	0x2	0x3	0x1	0x1	0x2	0x3	0x1	0x1	0x2	0x3	0x1	0x1	0x2	0x3	0x1	0x1	0x2	0x3	0x1	0x1	0x2	0x3	0x1	0x1	0x2	0x3	0x1	0x1	0x2	0x3	0x1	0x1	0x2	0x3	0x1	0x1	0x2	0x3	0x1	0x1	0x2	0x3	0x1	0x1	0x2	0x3	0x1	0x1	0x2	0x3	0x1	0x1	0x2	0x3
0xfff	0xfff	0x0	0x0	0x0	0x0	0x0	0x0	0x0	0x0	0x0	0x0	0x0	0x0	0x0	0x0	0x0	0x0	0x0	0x0	0x0	0x0	0x0	0x0	0x0	0x0	0x0	0x0	0x0	0x0	0x0	0x0	0x0	0x0	0x0	0x0	0x0	0x0	0x0	0x0	0x0	0x0	0x0	0x0	0x0	0x0	0x0	0x0	0x0	0x0	0x0	0x0	0x0	0x0	0x0	0x0	0x0	0x0	0x0	0x0	0x0	0x0	0x0	0x0	0x4	0x4	0x5	0x6	0x4	0x4	0x5	0x6	0x4	0x4	0x5	0x6	0x4	0x4	0x5	0x6	0x4	0x4	0x5	0x6	0x4	0x4	0x5	0x6	0x4	0x4	0x5	0x6	0x4	0x4	0x5	0x6	0x4	0x4	0x5	0x6	0x4	0x4	0x5	0x6	0x4	0x4	0x5	0x6	0x4	0x4	0x5	0x6	0x4	0x4	0x5	0x6	0x4	0x4	0x5	0x6	0x4	0x4	0x5	0x6	0x4	0x4	0x5	0x6
0xfff	0xfff	0x0	0x0	0x0	0x0	0x0	0x0	0x0	0x0	0x0	0x0	0x0	0x0	0x0	0x0	0x0	0x0	0x0	0x0	0x0	0x0	0x0	0x0	0x0	0x0	0x0	0x0	0x0	0x0	0x0	0x0	0x0	0x0	0x0	0x0	0x0	0x0	0x0	0x0	0x0	0x0	0x0	0x0	0x0	0x0	0x0	0x0	0x0	0x0	0x0	0x0	0x0	0x0	0x0	0x0	0x0	0x0	0x0	0x0	0x0	0x0	0x0	0x0	0x7	0x7	0x8	0x9	0x7	0x7	0x8	0x9	0x7	0x7	0x8	0x9	0x7	0x7	0x8	0x9	0x7	0x7	0x8	0x9	0x7	0x7	0x8	0x9	0x7	0x7	0x8	0x9	0x7	0x7	0x8	0x9	0x7	0x7	0x8	0x9	0x7	0x7	0x8	0x9	0x7	0x7	0x8	0x9	0x7	0x7	0x8	0x9	0x7	0x7	0x8	0x9	0x7	0x7	0x8	0x9	0x7	0x7	0x8	0x9	0x7	0x7	0x8	0x9
0xfff	0x75	0x75	0x75	0x75	0x75	0x75	0x75	0x75	0x75	0x75	0x75	0x75	0x75	0x75	0x75	0x75	0x75	0x75	0x75	0x75	0x75	0x75	0x75	0x75	0x75	0x75	0x75	0x75	0x75	0x75	0x75	0x75	0x75	0x75	0x75	0x75	0x75	0x75	0x75	0x75	0x75	0x75	0x75	0x75	0x75	0x75	0x75	0x75	0x75	0x75	0x75	0x75	0x75	0x75	0x75	0x75	0x75	0x75	0x75	0x75	0x75	0x75	0x75	0x7	0x7	0x8	0x9	0x7	0x7	0x8	0x9	0x7	0x7	0x8	0x9	0x7	0x7	0x8	0x9	0x7	0x7	0x8	0x9	0x7	0x7	0x8	0x9	0x7	0x7	0x8	0x9	0x7	0x7	0x8	0x9	0x7	0x7	0x8	0x9	0x7	0x7	0x8	0x9	0x7	0x7	0x8	0x9	0x7	0x7	0x8	0x9	0x7	0x7	0x8	0x9	0x7	0x7	0x8	0x9	0x7	0x7	0x8	0x9	0x7	0x7	0x8	0x9
0x75	0x75	0x75	0x75	0x75	0x75	0x75	0x75	0x75	0x75	0x75	0x75	0x75	0x75	0x75	0x75	0x75	0x75	0x75	0x75	0x75	0x75	0x75	0x75	0x75	0x75	0x75	0x75	0x75	0x75	0x75	0x75	0x75	0x75	0x75	0x75	0x75	0x75	0x75	0x75	0x75	0x75	0x75	0x75	0x75	0x75	0x75	0x75	0x75	0x75	0x75	0x75	0x75	0x75	0x75	0x75	0x75	0x75	0x75	0x75	0x75	0x75	0x75	0x75	0x0	0x0	0x0	0x0	0x0	0x0	0x0	0x0	0x0	0x0	0x0	0x0	0x0	0x0	0x0	0x0	0x0	0x0	0x0	0x0	0x0	0x0	0x0	0x0	0x0	0x0	0x0	0x0	0x0	0x0	0x0	0x0	0x0	0x0	0x0	0x0	0x0	0x0	0x0	0x0	0x0	0x0	0x0	0x0	0x0	0x0	0x0	0x0	0x0	0x0	0x0	0x0	0x0	0x0	0x0	0x0	0x0	0x0	0x0	0x0	0x0	0x0	0x0	0x0
0x75	0x75	0x75	0x75	0x75	0x75	0x75	0x75	0x75	0x75	0x75	0x75	0x75	0x75	0x75	0x75	0x75	0x75	0x75	0x75	0x75	0x75	0x75	0x75	0x75	0x75	0x75	0x75	0x75	0x75	0x75	0x75	0x75	0x75	0x75	0x75	0x75	0x75	0x75	0x75	0x75	0x75	0x75	0x75	0x75	0x75	0x75	0x75	0x75	0x75	0x75	0x75	0x75	0x75	0x75	0x75	0x75	0x75	0x75	0x75	0x75	0x75	0x75	0x75	0x0	0x0	0x0	0x0	0x0	0x0	0x0	0x0	0x0	0x0	0x0	0x0	0x0	0x0	0x0	0x0	0x0	0x0	0x0	0x0	0x0	0x0	0x0	0x0	0x0	0x0	0x0	0x0	0x0	0x0	0x0	0x0	0x0	0x0	0x0	0x0	0x0	0x0	0x0	0x0	0x0	0x0	0x0	0x0	0x0	0x0	0x0	0x0	0x0	0x0	0x0	0x0	0x0	0x0	0x0	0x0	0x0	0x0	0x0	0x0	0x0	0x0	0x0	0x0
0x75	0x75	0x75	0x75	0x75	0x75	0x75	0x75	0x75	0x75	0x75	0x75	0x75	0x75	0x75	0x75	0x75	0x75	0x75	0x75	0x75	0x75	0x75	0x75	0x75	0x75	0x75	0x75	0x75	0x75	0x75	0x75	0x75	0x75	0x75	0x75	0x75	0x75	0x75	0x75	0x75	0x75	0x75	0x75	0x75	0x75	0x75	0x75	0x75	0x75	0x75	0x75	0x75	0x75	0x75	0x75	0x75	0x75	0x75	0x75	0x75	0x75	0x75	0x75	0x0	0x0	0x0	0x0	0x0	0x0	0x0	0x0	0x0	0x0	0x0	0x0	0x0	0x0	0x0	0x0	0x0	0x0	0x0	0x0	0x0	0x0	0x0	0x0	0x0	0x0	0x0	0x0	0x0	0x0	0x0	0x0	0x0	0x0	0x0	0x0	0x0	0x0	0x0	0x0	0x0	0x0	0x0	0x0	0x0	0x0	0x0	0x0	0x0	0x0	0x0	0x0	0x0	0x0	0x0	0x0	0x0	0x0	0x0	0x0	0x0	0x0	0x0	0x0
0xfff	0x75	0x75	0x75	0x75	0x75	0x75	0x75	0x75	0x75	0x75	0x75	0x75	0x75	0x75	0x75	0x75	0x75	0x75	0x75	0x75	0x75	0x75	0x75	0x75	0x75	0x75	0x75	0x75	0x75	0x75	0x75	0x75	0x75	0x75	0x75	0x75	0x75	0x75	0x75	0x75	0x75	0x75	0x75	0x75	0x75	0x75	0x75	0x75	0x75	0x75	0x75	0x75	0x75	0x75	0x75	0x75	0x75	0x75	0x75	0x75	0x75	0x75	0x75	0x0	0x0	0x0	0x0	0x0	0x0	0x0	0x0	0x0	0x0	0x0	0x0	0x0	0x0	0x0	0x0	0x0	0x0	0x0	0x0	0x0	0x0	0x0	0x0	0x0	0x0	0x0	0x0	0x0	0x0	0x0	0x0	0x0	0x0	0x0	0x0	0x0	0x0	0x0	0x0	0x0	0x0	0x0	0x0	0x0	0x0	0x0	0x0	0x0	0x0	0x0	0x0	0x0	0x0	0x0	0x0	0x0	0x0	0x0	0x0	0x0	0x0	0x0	0x0
0x76	0x75	0x75	0x75	0x75	0x75	0x75	0x75	0x75	0x75	0x75	0x75	0x75	0x75	0x75	0x75	0x75	0x75	0x75	0x75	0x75	0x75	0x75	0x75	0x75	0x75	0x75	0x75	0x75	0x75	0x75	0x75	0x75	0x75	0x75	0x75	0x75	0x75	0x75	0x75	0x75	0x75	0x75	0x75	0x75	0x75	0x75	0x75	0x75	0x75	0x75	0x75	0x75	0x75	0x75	0x75	0x75	0x75	0x75	0x75	0x75	0x75	0x75	0x75	0x0	0x0	0x0	0x0	0x0	0x0	0x0	0x0	0x0	0x0	0x0	0x0	0x0	0x0	0x0	0x0	0x0	0x0	0x0	0x0	0x0	0x0	0x0	0x0	0x0	0x0	0x0	0x0	0x0	0x0	0x0	0x0	0x0	0x0	0x0	0x0	0x0	0x0	0x0	0x0	0x0	0x0	0x0	0x0	0x0	0x0	0x0	0x0	0x0	0x0	0x0	0x0	0x0	0x0	0x0	0x0	0x0	0x0	0x0	0x0	0x0	0x0	0x0	0x0
0x76	0x75	0x75	0x75	0x75	0x75	0x75	0x75	0x75	0x75	0x75	0x75	0x75	0x75	0x75	0x75	0x75	0x75	0x75	0x75	0x75	0x75	0x75	0x75	0x75	0x75	0x75	0x75	0x75	0x75	0x75	0x75	0x75	0x75	0x75	0x75	0x75	0x75	0x75	0x75	0x75	0x75	0x75	0x75	0x75	0x75	0x75	0x75	0x75	0x75	0x75	0x75	0x75	0x75	0x75	0x75	0x75	0x75	0x75	0x75	0x75	0x75	0x75	0x75	0x0	0x0	0x0	0x0	0x0	0x0	0x0	0x0	0x0	0x0	0x0	0x0	0x0	0x0	0x0	0x0	0x0	0x0	0x0	0x0	0x0	0x0	0x0	0x0	0x0	0x0	0x0	0x0	0x0	0x0	0x0	0x0	0x0	0x0	0x0	0x0	0x0	0x0	0x0	0x0	0x0	0x0	0x0	0x0	0x0	0x0	0x0	0x0	0x0	0x0	0x0	0x0	0x0	0x0	0x0	0x0	0x0	0x0	0x0	0x0	0x0	0x0	0x0	0x0
0x76	0x75	0x75	0x75	0x75	0x75	0x75	0x75	0x75	0x75	0x75	0x75	0x75	0x75	0x75	0x75	0x75	0x75	0x75	0x75	0x75	0x75	0x75	0x75	0x75	0x75	0x75	0x75	0x75	0x75	0x75	0x75	0x75	0x75	0x75	0x75	0x75	0x75	0x75	0x75	0x75	0x75	0x75	0x75	0x75	0x75	0x75	0x75	0x75	0x75	0x75	0x75	0x75	0x75	0x75	0x75	0x75	0x75	0x75	0x75	0x75	0x75	0x75	0x75	0x0	0x0	0x0	0x0	0x0	0x0	0x0	0x0	0x0	0x0	0x0	0x0	0x0	0x0	0x0	0xfff	0xfff	0x0	0x0	0x0	0x0	0x0	0x0	0x0	0x0	0x0	0x0	0x0	0x0	0x0	0x0	0x0	0x0	0x0	0x0	0x0	0x0	0x0	0x0	0x0	0x0	0x0	0x0	0x0	0x0	0x0	0x0	0x0	0x0	0x0	0x0	0x0	0x0	0x0	0x0	0x0	0x0	0x0	0x0	0x0	0x0	0x0	0x0	0x0
0x75	0x75	0x75	0x75	0x75	0x75	0x75	0x75	0x75	0xfff	0xfff	0xfff	0xfff	0xfff	0xfff	0xfff	0x75	0x75	0x75	0x75	0x75	0x75	0x75	0x75	0x75	0x75	0x75	0x75	0x75	0x75	0x79	0xfff	0xfff	0xfff	0xfff	0x81	0x82	0x83	0x81	0x7f	0x75	0x75	0x75	0x75	0x75	0x75	0x75	0x75	0x75	0x75	0x75	0x75	0x75	0x75	0x75	0x75	0x75	0x75	0x75	0x75	0x75	0x75	0x75	0x75	0x0	0x0	0x0	0x0	0x0	0x0	0x0	0x0	0xfff	0xfff	0xfff	0xfff	0xfff	0x0	0x0	0xfff	0xfff	0x0	0x0	0x0	0x0	0x0	0x0	0x0	0x0	0x0	0x0	0x0	0x0	0x0	0x0	0x0	0x0	0x0	0x0	0x0	0x0	0x0	0x0	0x0	0x0	0x0	0x0	0x0	0x0	0x0	0x0	0x0	0x0	0x0	0x0	0x0	0x0	0x0	0x0	0x0	0x0	0x0	0x0	0x0	0x0	0x0	0x0	0x0
0x75	0x75	0x75	0x75	0x75	0x75	0x75	0x75	0x79	0xfff	0xfff	0xfff	0xfff	0xfff	0xfff	0xfff	0x7f	0x75	0x75	0x75	0x75	0x75	0x75	0x75	0x75	0x75	0x75	0x75	0x75	0xfff	0x8b	0xfff	0xfff	0x8e	0x8f	0x94	0x8e	0x8f	0x90	0x91	0x7f	0x75	0x75	0x75	0x75	0x75	0x75	0x75	0x75	0x75	0x75	0x75	0x75	0x75	0x75	0x75	0x75	0x75	0x75	0x75	0x75	0x75	0x75	0x75	0x0	0x0	0x0	0x0	0xfff	0xfff	0x96	0xfff	0xfff	0xfff	0xfff	0xfff	0xfff	0x0	0xfff	0xfff	0xfff	0xfff	0xa0	0xa0	0xfff	0x0	0x0	0x0	0x0	0x0	0x0	0x0	0x0	0x0	0x0	0x0	0x0	0x0	0x0	0x0	0x0	0x0	0x0	0x0	0x0	0x0	0x0	0x0	0x0	0x0	0x0	0x0	0x0	0x0	0x0	0x0	0x0	0x0	0x0	0x0	0x0	0x0	0x0	0x0	0x0	0x0	0x0	0x0
0x75	0x75	0x75	0x75	0x75	0x75	0x75	0x75	0xfff	0xfff	0xfff	0xfff	0xfff	0xfff	0xfff	0xfff	0xfff	0x75	0x75	0x75	0x75	0x75	0x75	0x75	0x75	0x75	0x75	0x75	0x75	0xfff	0xa3	0xfff	0xfff	0xfff	0xfff	0xad	0xae	0xaf	0xad	0xa9	0xaa	0x75	0x75	0x75	0x75	0x75	0x75	0x75	0x75	0x75	0x75	0x75	0x75	0x75	0x75	0x75	0x75	0x75	0x75	0x75	0x75	0x75	0x75	0x75	0x0	0x0	0x0	0x0	0xfff	0xfff	0xb1	0xfff	0xfff	0xfff	0xfff	0xfff	0xfff	0xfff	0xfff	0xfff	0xfff	0xfff	0xfff	0xfff	0xfff	0x0	0x0	0x0	0x0	0x0	0x0	0x0	0x0	0x0	0x0	0x0	0x0	0x0	0x0	0x0	0x0	0x0	0x0	0x0	0x0	0x0	0x0	0x0	0x0	0x0	0x48	0x0	0x0	0x0	0x0	0x0	0x0	0x0	0x0	0x0	0x0	0x0	0x0	0x0	0x0	0x0	0x0	0x0
0x75	0x75	0x75	0x75	0x75	0x75	0x75	0x75	0xfff	0xfff	0xfff	0xfff	0xfff	0xfff	0xfff	0xfff	0xfff	0x75	0x75	0x75	0x75	0x75	0x75	0x75	0x75	0x75	0x75	0x75	0x75	0xc0	0xc1	0xfff	0xfff	0xfff	0xc9	0xca	0xfff	0xc9	0xca	0xc7	0xc8	0x75	0x75	0x75	0x75	0x75	0x75	0x75	0x75	0x75	0x75	0x75	0x75	0x75	0x75	0x75	0x75	0x75	0x75	0x75	0x75	0x75	0x75	0x75	0x0	0x0	0x0	0x0	0xfff	0xfff	0xce	0xfff	0xfff	0xfff	0xfff	0xfff	0xfff	0xfff	0xfff	0xfff	0xfff	0xfff	0xfff	0xfff	0xfff	0x0	0x0	0x0	0x0	0x0	0x0	0x0	0x0	0x0	0x0	0x0	0x0	0x0	0x0	0x0	0x0	0x0	0x0	0x0	0x0	0x0	0x0	0x0	0x0	0x0	0x0	0x0	0x0	0x0	0x0	0x0	0x0	0x0	0x0	0x0	0x0	0x0	0x0	0x0	0x0	0x0	0x0	0x0
0x75	0x75	0x75	0x75	0x75	0x75	0x75	0x75	0xfff	0x0	0xfff	0xfff	0xfff	0xfff	0xfff	0x0	0xfff	0x75	0x75	0x75	0x75	0x75	0x75	0x75	0x75	0x75	0x75	0x75	0x75	0xdd	0x0	0xde	0xdf	0x0	0xde	0xdf	0xfff	0xde	0xdf	0x46	0xe3	0x75	0x75	0x75	0x75	0x75	0x75	0x75	0x75	0x75	0x75	0x75	0x75	0x75	0x75	0x75	0x75	0x75	0x75	0x75	0x75	0x75	0x75	0x75	0x0	0x0	0x0	0x0	0x0	0x0	0x0	0x0	0x0	0x0	0x0	0x0	0x0	0x0	0x0	0x0	0x0	0x0	0x0	0x0	0x0	0x0	0x0	0x0	0x0	0x0	0x0	0x0	0x0	0x0	0x0	0x0	0x0	0x0	0x0	0x0	0x0	0x0	0x0	0x0	0x0	0x0	0x0	0x0	0x0	0x0	0x0	0x0	0x0	0x0	0x0	0x0	0x0	0x0	0x0	0x0	0x0	0x0	0x0	0x0	0x0	0x0	0x0	0x0
0xfff	0x75	0x75	0x75	0x75	0x75	0x75	0x75	0xc0	0x0	0xfff	0xfff	0x0	0x0	0x0	0x0	0xc8	0x75	0x75	0x75	0x75	0x75	0x75	0x75	0x75	0x75	0x75	0x75	0x75	0xdd	0x0	0xe6	0xe7	0x0	0xe6	0xe7	0x0	0xe6	0xe7	0xcb	0xc8	0x75	0x75	0x75	0x75	0x75	0x75	0x75	0x75	0x75	0x75	0x75	0x75	0x75	0x75	0x75	0x75	0x75	0x75	0x75	0x75	0x75	0x75	0x75	0x0	0x0	0x0	0x0	0xfff	0xfff	0xfff	0xe9	0xea	0xe9	0xea	0xe9	0xea	0xfff	0x0	0xfff	0xfff	0xfff	0x7e	0x7c	0xfff	0xa1	0x0	0x0	0x0	0x0	0x0	0x0	0x0	0x0	0x0	0x0	0x0	0x0	0x0	0x0	0x0	0x0	0x0	0x0	0x0	0x0	0x0	0x0	0x0	0x0	0x0	0x0	0x0	0x0	0x0	0x0	0x0	0x0	0x0	0x0	0x0	0x0	0x0	0x0	0x0	0x0	0x0	0x0
0xe5	0x75	0x75	0x75	0x75	0x75	0x75	0x75	0xfff	0xfff	0x0	0xfff	0xa8	0xa8	0xa8	0xfff	0xfff	0x75	0x75	0x75	0x75	0x75	0x75	0x75	0x75	0x75	0x75	0x75	0x75	0xdd	0x0	0xfff	0xfff	0x0	0x0	0x0	0x0	0x0	0x0	0xcb	0xe3	0x75	0x75	0x75	0x75	0x75	0x75	0x75	0x75	0x75	0x75	0x75	0x75	0x75	0x75	0x75	0x75	0x75	0x75	0x75	0x75	0x75	0x75	0x75	0x0	0x0	0x0	0x0	0xfff	0xfff	0xfff	0xf8	0xf9	0xf8	0xf9	0xf8	0xf9	0xfff	0x0	0xfff	0xbb	0xfff	0xfff	0xfff	0xfff	0xfff	0x0	0x0	0x0	0x0	0x0	0x0	0x0	0x0	0x0	0x0	0x0	0x0	0x0	0x0	0x0	0x0	0x0	0x0	0x0	0x0	0x0	0x0	0x0	0x0	0x0	0x0	0x0	0x0	0x0	0x0	0x0	0x0	0x0	0x0	0x0	0x0	0x0	0x0	0x0	0x0	0x0	0x0
0xe5	0x75	0x75	0x75	0x75	0x75	0x75	0x75	0x75	0xf0	0xfff	0xf1	0x0	0xf3	0x101	0xf4	0xfff	0x75	0x75	0x75	0x75	0x75	0x75	0x75	0x75	0x75	0x75	0x75	0x75	0xc0	0x0	0xfff	0xfff	0x0	0x0	0x0	0x0	0x0	0x0	0x0	0xc8	0x75	0x75	0x75	0x75	0x75	0x75	0x75	0x75	0x75	0x75	0x75	0x75	0x75	0x75	0x75	0x75	0x75	0x75	0x75	0x75	0x75	0x75	0x75	0x0	0x0	0x0	0x0	0xf7	0xf8	0xf9	0xf8	0xf9	0xf8	0xf9	0xf8	0xfff	0xfff	0x0	0xfff	0xd8	0xfff	0xfff	0xfff	0xfff	0xfff	0x0	0x0	0x0	0x0	0x0	0x0	0x0	0x0	0x0	0x0	0x0	0x0	0x0	0x0	0x0	0x0	0x0	0x0	0x0	0x0	0x0	0x0	0x0	0x0	0x0	0x0	0x0	0x0	0x0	0x0	0x0	0x0	0x0	0x0	0x0	0x0	0x0	0x0	0x0	0x0	0x0	0x0
0x75	0x75	0x75	0x75	0x75	0x75	0x75	0x75	0x75	0x75	0x75	0xc0	0x0	0xc8	0x75	0x75	0x75	0x75	0x75	0x75	0x75	0x75	0x75	0x75	0x75	0x75	0x75	0x75	0x75	0xf0	0xf1	0x0	0x0	0x0	0x0	0x0	0x0	0x0	0x0	0xf3	0xf4	0x75	0x75	0x75	0x75	0x75	0x75	0x75	0x75	0x75	0x75	0x75	0x75	0x75	0x75	0x75	0x75	0x75	0x75	0x75	0x75	0x75	0x75	0x75	0x0	0x0	0x0	0x0	0xf7	0xf8	0xf9	0xf8	0xf9	0xf8	0xf9	0xfff	0xfff	0xfff	0x0	0x0	0x0	0x0	0x0	0x0	0x0	0x0	0x0	0x0	0x0	0x0	0x0	0x0	0x0	0x0	0x0	0x0	0x0	0x0	0x0	0x0	0x0	0x0	0x0	0x0	0x0	0x0	0x0	0x0	0x0	0x0	0x0	0x0	0x0	0x0	0x0	0x0	0x0	0x0	0x0	0x0	0x0	0x0	0x0	0x0	0x0	0x0	0x0	0x0
0x75	0x75	0x75	0x75	0x75	0x75	0x75	0x75	0x75	0x75	0x75	0xc0	0x0	0xc8	0x75	0x75	0x75	0x75	0x75	0x75	0x75	0x75	0x75	0x75	0x75	0x75	0x75	0x75	0x75	0x75	0xf0	0xfff	0x110	0xf1	0x42	0xf3	0xfff	0x111	0x101	0xf4	0x75	0x75	0x75	0x75	0x75	0x75	0x75	0x75	0x75	0x75	0x75	0x75	0x75	0x75	0x75	0x75	0x75	0x75	0x75	0x75	0x75	0x75	0x75	0x75	0x0	0x0	0x0	0x0	0xf7	0xf8	0xf9	0xf8	0xf9	0xf8	0x105	0xfff	0xfff	0xfff	0xfff	0xfff	0x0	0x0	0x0	0x0	0x0	0x0	0x0	0x0	0x0	0x0	0x0	0x0	0x0	0x0	0x0	0x0	0x0	0x0	0x0	0x0	0x0	0x0	0x0	0x0	0x0	0x0	0x0	0x0	0x0	0x0	0x0	0x0	0x0	0x0	0x0	0x0	0x0	0x0	0x0	0x0	0x0	0x0	0x0	0x0	0x0	0x0	0x0	0x0
0x75	0x75	0x75	0x75	0x75	0x75	0x75	0x75	0x75	0x75	0x75	0xfff	0xfff	0xfff	0x75	0x75	0x75	0x75	0x75	0x75	0x75	0x75	0x75	0x75	0x75	0x75	0x75	0x75	0x75	0x75	0x75	0x75	0x75	0xc0	0xfff	0xfff	0x75	0x75	0x75	0x75	0x75	0x75	0x75	0x75	0x75	0x75	0x75	0x75	0x75	0x75	0x75	0x75	0x75	0x75	0x75	0x75	0x75	0x75	0x75	0x75	0x75	0x75	0x75	0x75	0x0	0x0	0x0	0x0	0xfff	0xfff	0x11d	0x11d	0x11d	0x11d	0xfff	0xfff	0xfff	0xfff	0xfff	0xfff	0x0	0x0	0x0	0x0	0x0	0x0	0x0	0x0	0x0	0x0	0x0	0x0	0x0	0x0	0x0	0x0	0x0	0x0	0x0	0x0	0x0	0x0	0x0	0x0	0x0	0x0	0x0	0x0	0x0	0x0	0x0	0x0	0x0	0x0	0x0	0x0	0x0	0x0	0x0	0x0	0x0	0x0	0x0	0x0	0x0	0x0	0x0	0x0
0xe5	0x75	0x75	0x75	0x75	0x75	0x75	0x75	0x75	0x75	0x75	0x75	0x75	0x75	0x75	0x75	0x75	0x75	0x75	0x75	0x75	0x75	0x75	0x75	0x75	0x75	0x75	0x75	0x75	0x75	0x75	0x75	0x75	0x117	0xfff	0xfff	0x75	0x75	0x75	0x75	0x75	0x75	0x75	0x75	0x75	0x75	0x75	0x75	0x75	0x75	0x75	0x75	0x75	0x75	0x75	0x75	0x75	0x75	0x75	0x75	0x75	0x75	0x75	0x75	0x0	0x0	0x0	0x0	0xfff	0xfff	0x127	0x127	0x127	0x127	0x127	0xfff	0xfff	0x121	0x0	0x0	0x0	0x0	0x0	0x0	0x0	0x0	0x0	0x0	0x0	0x0	0x0	0x0	0x0	0x0	0x0	0x0	0x0	0x0	0x0	0x0	0x0	0x0	0x0	0x0	0x0	0x0	0x0	0x0	0x0	0x0	0x0	0x0	0x0	0x0	0x0	0x0	0x0	0x0	0x0	0x0	0x0	0x0	0x0	0x0	0x0	0x0	0x0	0x0
0xe5	0x75	0xe5	0x75	0x75	0x75	0x75	0x75	0x75	0x75	0x75	0x75	0x75	0x75	0x75	0x75	0x75	0x75	0x75	0x75	0x75	0x75	0x75	0x75	0x75	0x75	0x75	0x75	0x75	0x75	0x75	0x75	0x75	0x75	0x75	0x75	0x75	0x75	0x75	0x75	0x75	0x75	0x75	0x75	0x75	0x75	0x75	0x75	0x75	0x75	0x75	0x75	0x75	0x75	0x75	0x75	0x75	0x75	0x75	0x75	0x75	0x75	0x75	0x75	0x0	0x0	0x0	0x0	0x0	0x0	0x0	0x0	0x0	0x0	0x0	0x0	0x0	0x0	0x0	0x0	0x0	0x0	0x0	0x0	0x0	0x0	0x0	0x0	0x0	0x0	0x0	0x0	0x0	0x0	0x0	0x0	0x0	0x0	0x0	0x0	0x0	0x0	0x0	0x0	0x0	0x0	0x0	0x0	0x0	0x0	0x0	0x0	0x0	0x0	0x0	0x0	0x0	0x0	0x0	0x0	0x0	0x0	0x0	0x0	0x0	0x0	0x0	0x0
0xe5	0x75	0xe5	0x75	0x75	0x75	0x75	0x75	0x75	0x75	0x75	0x75	0x75	0x75	0x75	0x75	0x75	0x75	0x75	0x75	0x75	0x75	0x75	0x75	0x75	0x75	0x75	0x75	0x75	0x75	0x75	0x75	0x75	0x75	0x75	0x75	0x75	0x75	0x75	0x75	0x75	0x75	0x75	0x75	0x75	0x75	0x75	0x75	0x75	0x75	0x75	0x75	0x75	0x75	0x75	0x75	0x75	0x75	0x75	0x75	0x75	0x75	0x75	0x75	0x0	0x0	0x0	0x0	0x0	0x0	0x0	0x0	0x0	0x0	0x0	0x77	0xfff	0x75	0x75	0x75	0x75	0x75	0x75	0x75	0xfff	0x0	0x0	0x0	0x0	0x0	0x0	0x0	0x0	0x0	0x0	0x0	0x0	0x0	0x0	0x0	0x0	0x0	0x0	0x0	0x0	0x0	0x0	0x0	0x0	0x0	0x0	0x0	0x0	0x0	0x0	0x0	0x0	0x0	0x0	0x0	0x0	0x0	0x0	0x0	0x0	0x0	0x0	0x0
0xe5	0x75	0x75	0x75	0x75	0x75	0x75	0x75	0x75	0x75	0x75	0x75	0x75	0x75	0x75	0x75	0x75	0x75	0x75	0x75	0x75	0x75	0x75	0x75	0x75	0x75	0x75	0x75	0x75	0x75	0x75	0x75	0x75	0x75	0x75	0x75	0x75	0x75	0x75	0x75	0x75	0x75	0x75	0x75	0x75	0x75	0x75	0x75	0x75	0x75	0x75	0x75	0x75	0x75	0x75	0x75	0x75	0x75	0x75	0xfff	0x75	0x75	0x75	0x75	0x0	0x0	0x0	0x0	0x77	0x78	0x0	0x0	0xfff	0xfff	0xfff	0x89	0xfff	0x75	0x75	0x75	0x75	0x75	0x75	0x75	0x12b	0x0	0x0	0x0	0x0	0x0	0x0	0x0	0x0	0x0	0x0	0x0	0x0	0x0	0x0	0x0	0x0	0x0	0x0	0x0	0x0	0x0	0x0	0x0	0x0	0x0	0x0	0x0	0x0	0x0	0x0	0x0	0x0	0x0	0x0	0x0	0x0	0x0	0x0	0x0	0x0	0x0	0x0	0x0
0x75	0x75	0x12c	0x12c	0x75	0x75	0x75	0x75	0x75	0x75	0x75	0x75	0x75	0x75	0x75	0x75	0x75	0x75	0x75	0x75	0x75	0x75	0x75	0x75	0x75	0x75	0x75	0x75	0x75	0x75	0x75	0x75	0x75	0x75	0x75	0x75	0x75	0x75	0x75	0x75	0x75	0x75	0x75	0x75	0x75	0x75	0x75	0x75	0x12c	0x75	0x75	0x75	0x75	0x75	0x75	0x75	0x75	0x75	0x75	0x75	0x75	0x75	0x75	0x75	0x0	0x0	0x0	0x0	0x89	0x8a	0x0	0x0	0xfff	0xfff	0x12b	0xfff	0xfff	0x7e	0x7c	0xfff	0x75	0x75	0x75	0x75	0xfff	0x0	0x0	0x0	0x0	0x0	0x0	0x0	0x0	0x0	0x0	0x0	0x0	0x0	0x0	0x0	0x0	0x0	0x0	0x0	0x0	0x0	0x0	0x0	0x0	0x0	0x0	0x0	0x0	0x0	0x0	0x0	0x0	0x0	0x0	0x0	0x0	0x0	0x0	0x0	0x0	0x0	0x0	0x0
0xe5	0x75	0x12c	0x12c	0x75	0x75	0x75	0x75	0x75	0x75	0x75	0x75	0x75	0x75	0x75	0x75	0x75	0x75	0x75	0x75	0x75	0x75	0x75	0x75	0x75	0x75	0x75	0x75	0x75	0x75	0x75	0x75	0x75	0x75	0x75	0x75	0x75	0x75	0x75	0x75	0x75	0x75	0x75	0x75	0x75	0x75	0x75	0x75	0x75	0x75	0x75	0x75	0x75	0x75	0x75	0x75	0x75	0x75	0x75	0x75	0x75	0x75	0x75	0x75	0x0	0x0	0x0	0x0	0xfff	0xfff	0xa1	0xfff	0xfff	0xfff	0xfff	0xfff	0xfff	0x90	0xbb	0xfff	0xfff	0x7e	0x7c	0xfff	0xfff	0x0	0x0	0x0	0x0	0x0	0x0	0x0	0x0	0x0	0x0	0x0	0x0	0x0	0x0	0x0	0x0	0x0	0x0	0x0	0x0	0x0	0x0	0x0	0x0	0x0	0x0	0x0	0x0	0x0	0x0	0x0	0x0	0x0	0x0	0x0	0x0	0x0	0x0	0x0	0x0	0x0	0x0	0x0
0xe5	0x75	0x12c	0x12c	0x75	0x75	0x75	0x75	0x12c	0x75	0x75	0x75	0x75	0x75	0x75	0x75	0x75	0x76	0x75	0x75	0x75	0x75	0x75	0x75	0x75	0x75	0x75	0x75	0x75	0x75	0x75	0x75	0x75	0x75	0x75	0x75	0x75	0x75	0x75	0x75	0x75	0x75	0x75	0x75	0x75	0x75	0x75	0x75	0x75	0x75	0x75	0x75	0x75	0x75	0x75	0x75	0x75	0x75	0x75	0x75	0x75	0x75	0x75	0x75	0x0	0x0	0x0	0x0	0xfb	0xbb	0x100	0xfff	0xfff	0xfff	0xfff	0xfff	0xfff	0xfff	0xd8	0xfff	0x13e	0x90	0xbb	0xfff	0xfff	0xfff	0xfff	0xfff	0x14f	0xfff	0xfff	0x0	0x0	0x0	0x0	0x0	0x0	0x0	0x0	0x0	0x0	0x0	0x0	0x0	0x0	0x0	0x0	0x0	0x0	0x0	0x0	0x0	0x0	0x0	0x0	0x0	0x0	0x0	0x0	0x0	0x0	0x0	0x0	0x0	0x0	0x0	0x0	0x0
0xe5	0x75	0x12c	0x12c	0x75	0x75	0x75	0x75	0x12c	0x75	0x75	0x75	0x75	0x75	0x75	0x75	0x75	0x76	0x75	0x75	0x75	0x75	0x75	0x75	0x75	0x75	0x75	0x75	0x75	0x75	0x75	0x75	0x75	0x75	0x75	0x75	0x75	0x75	0x75	0x75	0x75	0x75	0x75	0x75	0x75	0x75	0x75	0x75	0x75	0x75	0x75	0x75	0x75	0x75	0x75	0x75	0x75	0x75	0x75	0x75	0x75	0x75	0x75	0x75	0x0	0x0	0x0	0x0	0x107	0xd8	0x10c	0xfff	0xfff	0xfff	0xfff	0x0	0x0	0x0	0x0	0x147	0x148	0x149	0xd8	0xfff	0xfff	0xfff	0xfff	0xfff	0xfff	0xfff	0xfff	0x0	0x0	0x0	0x0	0x0	0x0	0x0	0x0	0x0	0x0	0x0	0x0	0x0	0x0	0x0	0x0	0x0	0x0	0x0	0x0	0x0	0x0	0x0	0x0	0x0	0x0	0x0	0x0	0x0	0x0	0x0	0x0	0x0	0x0	0x0	0x0	0x0
0xe5	0x75	0x75	0x75	0x75	0x75	0x75	0x75	0x75	0x75	0x75	0x75	0x75	0x75	0x75	0x75	0x75	0x75	0x75	0x75	0x75	0x75	0x75	0x75	0x75	0x75	0x75	0x75	0x75	0x75	0x75	0x75	0x75	0x75	0x75	0x75	0x75	0x75	0x75	0x75	0x75	0x75	0x75	0x75	0x75	0x75	0x75	0x75	0x75	0x75	0x75	0x75	0x75	0x75	0x75	0x75	0x75	0x75	0x75	0x75	0x75	0x75	0x75	0x75	0x0	0x0	0x0	0x0	0x0	0x0	0x0	0x0	0x0	0x0	0x0	0x0	0x0	0x0	0x0	0x0	0x0	0x0	0x0	0x0	0x0	0xfff	0xfff	0xfff	0xfff	0xfff	0xfff	0x0	0x0	0x0	0x0	0x0	0x0	0x0	0x0	0x0	0x0	0x0	0x0	0x0	0x0	0x0	0x0	0x0	0x0	0x0	0x0	0x0	0x0	0x0	0x0	0x0	0x0	0x0	0x0	0x0	0x0	0x0	0x0	0x0	0x0	0x0	0x0	0x0
0x75	0x75	0x75	0x75	0x75	0x75	0x75	0x75	0x92	0x7c	0xfff	0x7c	0xfff	0x7f	0x75	0x75	0x75	0x75	0x75	0x92	0x80	0x7f	0x75	0x75	0x75	0x75	0x75	0x75	0x75	0x75	0x75	0x75	0x75	0x75	0x75	0x75	0x75	0x75	0x75	0x75	0x75	0x75	0x75	0x75	0x75	0x75	0x75	0x75	0x75	0x75	0x75	0x75	0x75	0x75	0x75	0x75	0x75	0x75	0x75	0x75	0x75	0x75	0x75	0x75	0x0	0x0	0x0	0x0	0x77	0x12a	0x75	0x75	0x75	0x75	0xfff	0xfff	0x75	0xfff	0xfff	0x75	0xfff	0xfff	0x12a	0x75	0x12b	0xfff	0xfff	0xfff	0xfff	0xfff	0xfff	0x0	0x0	0x0	0x0	0x0	0x0	0x0	0x0	0x0	0x0	0x0	0x0	0x0	0x0	0x0	0x0	0x0	0x0	0x0	0x0	0x0	0x0	0x0	0x0	0x0	0x0	0x0	0x0	0x0	0x0	0x0	0x0	0x0	0x0	0x0	0x0	0x0
0x75	0x75	0x75	0x75	0x75	0x75	0x75	0x79	0xfff	0x8e	0xfff	0x8e	0x8f	0xfff	0xfff	0x75	0x75	0x75	0x79	0xfff	0xfff	0x91	0x175	0x75	0x75	0x75	0x75	0x75	0x75	0x75	0x75	0x75	0x75	0x75	0x75	0x75	0x75	0x75	0x75	0x75	0x75	0x75	0x75	0x75	0x75	0x75	0x75	0x75	0x75	0x75	0x75	0x75	0x75	0x75	0x75	0x75	0x75	0x75	0x75	0x75	0x75	0x75	0x75	0x75	0x0	0x0	0x0	0x0	0x89	0x130	0x75	0x75	0x75	0x75	0xfff	0xfff	0xfff	0xfff	0xfff	0xfff	0x16a	0xfff	0x130	0x75	0x12b	0xfff	0xfff	0xfff	0xfff	0xfff	0xfff	0x0	0x0	0x0	0x0	0x0	0x0	0x0	0x0	0x0	0x0	0x0	0x0	0x0	0x0	0x0	0x0	0x0	0x0	0x0	0x0	0x0	0x0	0x0	0x0	0x0	0x0	0x0	0x0	0x0	0x0	0x0	0x0	0x0	0x0	0x0	0x0	0x0
0x75	0x75	0x12c	0x75	0x75	0x75	0x75	0xa2	0xfff	0xfff	0xfff	0x186	0x0	0xfff	0xfff	0x75	0x75	0x75	0xa2	0xfff	0xfff	0xa9	0x189	0x75	0x75	0x75	0x75	0x75	0x75	0x75	0x75	0x75	0x75	0x75	0x75	0x75	0x75	0x75	0x75	0x75	0x75	0x75	0x75	0x75	0x75	0x75	0x75	0x75	0x75	0x75	0x75	0x75	0x75	0x75	0x75	0x75	0x75	0x75	0x75	0x75	0x75	0x75	0x75	0x75	0x0	0x0	0x0	0x0	0x133	0xfff	0x75	0x75	0x75	0x75	0xfff	0xfff	0xfff	0xfff	0xfff	0x13b	0xfff	0xfff	0x138	0xee	0xfff	0x71	0x72	0x72	0x72	0x72	0xfff	0xfff	0xfff	0xfff	0x0	0x0	0x0	0x0	0x0	0x0	0x0	0x0	0x0	0x0	0x0	0x0	0x0	0x0	0x0	0x0	0x0	0x0	0x0	0x0	0x0	0x0	0x0	0x0	0x0	0x0	0x0	0x0	0x0	0x0	0x0	0x0	0x0	0x0
0x76	0x75	0x12c	0x75	0x75	0x75	0x75	0xc0	0xfff	0x0	0x0	0xfff	0xfff	0xc7	0x11b	0x75	0x75	0x75	0xc0	0x199	0x0	0xfff	0x11b	0x75	0x75	0x75	0x75	0x75	0x75	0x75	0x75	0x75	0x75	0x75	0x75	0x75	0x75	0x75	0x75	0x75	0x75	0x75	0x75	0x75	0x75	0x75	0x75	0x75	0x75	0x75	0x75	0x75	0x75	0x75	0x75	0x75	0x75	0x75	0x75	0x75	0x75	0x75	0x75	0x75	0x0	0x0	0x0	0x0	0xfff	0xfff	0x140	0x7e	0x7c	0x141	0x18f	0xfff	0xfff	0x157	0x147	0x145	0xfff	0xfff	0xbb	0xfff	0xfff	0xfff	0xfff	0x1a6	0x1a6	0xfff	0xfff	0xfff	0xfff	0xfff	0x0	0x0	0x0	0x0	0x0	0x0	0x0	0x0	0x0	0x0	0x0	0x0	0x0	0x0	0x0	0x0	0x0	0x0	0x0	0x0	0x0	0x0	0x0	0x0	0x0	0x0	0x0	0x0	0x0	0x0	0x0	0x0	0x0	0x0
0x76	0x75	0x75	0x75	0x75	0x75	0x75	0xc0	0x0	0x0	0x0	0xfff	0xfff	0x0	0xfff	0x75	0x75	0x75	0xc0	0x0	0x0	0x0	0x11b	0x75	0x75	0x75	0x75	0x75	0x75	0x75	0x75	0x75	0x75	0x75	0x75	0x75	0x75	0x75	0x75	0x75	0x75	0x75	0x75	0x75	0x75	0x75	0x75	0x75	0x75	0x75	0x75	0x75	0x75	0x75	0x75	0x75	0x75	0x75	0x75	0x75	0x75	0x75	0x75	0x75	0x0	0x0	0x0	0x0	0xfff	0xfff	0x13e	0x90	0xbb	0x14b	0x1a0	0xfff	0x157	0x0	0x0	0x147	0xfff	0xfff	0xd8	0xfff	0xfff	0x1a5	0x1a6	0x1a6	0x1a6	0xfff	0xfff	0x1	0x1	0xfff	0x0	0x0	0x0	0x0	0x0	0x0	0x0	0x0	0x0	0x0	0x0	0x0	0x0	0x0	0x0	0x0	0x0	0x0	0x0	0x0	0x0	0x0	0x0	0x0	0x0	0x0	0x0	0x0	0x0	0x0	0x0	0x0	0x0	0x0
0x76	0x75	0x75	0x75	0x75	0x75	0x75	0xf0	0xf1	0x0	0x0	0x0	0x0	0x0	0xe3	0x75	0x75	0x75	0xfff	0x0	0x0	0x0	0x1ae	0x75	0x75	0x75	0x75	0x75	0x75	0x75	0x75	0x75	0x75	0x75	0x75	0x75	0x75	0x75	0x75	0x75	0x75	0x75	0x75	0x75	0x75	0x75	0x75	0x75	0x75	0x75	0x75	0x75	0x75	0x75	0x75	0x75	0x75	0x75	0x75	0x75	0x75	0x75	0x75	0x75	0x0	0x0	0x0	0x17f	0xfff	0xfff	0x148	0x149	0xd8	0x156	0xfff	0xfff	0x1bd	0x1bd	0x1bd	0x1bd	0x1bd	0x1bd	0xfff	0x0	0x0	0x1a5	0x1a6	0x1a6	0x1a6	0xfff	0xfff	0x1	0x1	0xfff	0x0	0x0	0x0	0x0	0x0	0x0	0x0	0x0	0x0	0x0	0x0	0x0	0x0	0x0	0x0	0x0	0x0	0x0	0x0	0x0	0x0	0x0	0x0	0x0	0x0	0x0	0x0	0x0	0x0	0x0	0x0	0x0	0x0	0x0
0x76	0xe5	0xe5	0x75	0x75	0x75	0x75	0x75	0xf0	0x110	0x101	0xf1	0x0	0x0	0xfff	0xfff	0x7c	0xfff	0xfff	0x0	0x0	0x0	0xe3	0x75	0x75	0x75	0x92	0x7c	0x164	0x7c	0x7f	0x75	0x75	0x75	0x75	0x75	0x75	0x75	0x75	0x75	0x75	0x75	0x75	0x75	0x75	0x75	0x75	0x75	0x75	0x75	0x75	0x75	0x75	0x75	0x75	0x75	0x75	0x75	0x75	0x75	0x75	0x75	0x75	0x75	0x0	0x0	0x0	0x17f	0x1be	0x0	0x0	0x0	0x0	0x0	0x0	0x0	0x0	0x0	0x0	0x0	0x0	0x0	0x0	0x0	0x0	0x1a5	0x1a7	0xfff	0xfff	0xfff	0xfff	0x1	0x1	0xfff	0x0	0x0	0x0	0x0	0x0	0x0	0x0	0x0	0x0	0x0	0x0	0x0	0x0	0x0	0x0	0x0	0x0	0x0	0x0	0x0	0x0	0x0	0x0	0x0	0x0	0x0	0x0	0x0	0x0	0x0	0x0	0x0	0x0	0x0
0x75	0xe5	0xe5	0x75	0x75	0x75	0x75	0x75	0x75	0x75	0x75	0xc0	0x0	0x0	0xfff	0xfff	0x8e	0xfff	0xa3	0x0	0x0	0x0	0x1c2	0xfff	0x7c	0x80	0x172	0x8e	0x173	0x8e	0x174	0x7f	0x75	0x75	0x75	0x75	0x75	0x75	0x75	0x75	0x75	0x75	0x75	0x75	0x75	0x75	0x75	0x75	0x75	0x75	0x75	0x75	0x75	0x75	0x75	0x75	0x75	0x75	0x75	0x75	0x75	0x75	0x75	0x75	0x0	0x0	0x0	0x0	0xfff	0xfff	0x1be	0xfff	0xfff	0x1be	0x0	0x0	0x0	0xfff	0xfff	0xfff	0xfff	0xfff	0xfff	0xfff	0xfff	0xfff	0x1a8	0x1a9	0x1aa	0xfff	0xfff	0x1	0x1	0xfff	0x0	0x0	0x0	0x0	0x0	0x0	0x0	0x0	0x0	0x0	0x0	0x0	0x0	0x0	0x0	0x0	0x0	0x0	0x0	0x0	0x0	0x0	0x0	0x0	0x0	0x0	0x0	0x0	0x0	0x0	0x0	0x0	0x0	0x0
0xe5	0xe5	0xe5	0x75	0x75	0x75	0x75	0x75	0x75	0x75	0x79	0xfff	0x0	0x0	0x0	0xfff	0x186	0xfff	0x0	0x0	0x0	0x0	0x1cb	0xfff	0x8e	0xfff	0xfff	0x186	0x187	0x186	0x188	0xaa	0x75	0x75	0x75	0x75	0x75	0x75	0x75	0x75	0x75	0x75	0x75	0x75	0x75	0x75	0x75	0x75	0x75	0x75	0x75	0x75	0x75	0x75	0x75	0x75	0x75	0x75	0x75	0x75	0x75	0x75	0x75	0x75	0x0	0x0	0x0	0x0	0xfff	0xfff	0xfff	0x1e5	0xfff	0xfff	0x0	0x0	0x0	0xfff	0xfff	0xfff	0xfff	0xfff	0xfff	0xfff	0xfff	0xfff	0x1b7	0x1	0x1	0x1	0x1	0x1	0x1	0xfff	0x0	0x0	0x0	0x0	0x0	0x0	0x0	0x0	0x0	0x0	0x0	0x0	0x0	0x0	0x0	0x0	0x0	0x0	0x0	0x0	0x0	0x0	0x0	0x0	0x0	0x0	0x0	0x0	0x0	0x0	0x0	0x0	0x0	0x0
0xe5	0xe5	0xe5	0x75	0x75	0x75	0x75	0x75	0x75	0x75	0xa2	0x0	0x0	0x0	0x0	0x0	0x0	0x0	0x0	0x0	0x0	0x0	0x0	0xfff	0x186	0xa7	0x0	0x0	0x0	0x0	0x0	0xe3	0x75	0x75	0x75	0x75	0x75	0x75	0x12c	0x12c	0x75	0x12c	0x12c	0x75	0x75	0x75	0x75	0x75	0x75	0x75	0x75	0x75	0x75	0x75	0x75	0x75	0x75	0x75	0x75	0x75	0x75	0x75	0x75	0x75	0x0	0x0	0x0	0x0	0x0	0x0	0x0	0x0	0x0	0x0	0x0	0x0	0x0	0xfff	0xfff	0xfff	0xfff	0xfff	0xfff	0xfff	0xfff	0xfff	0x1c0	0x1	0x1	0x1	0x1	0x1	0x1	0x1ca	0x0	0x0	0x0	0x0	0x0	0x0	0x0	0x0	0x0	0x0	0x0	0x0	0x0	0x0	0x0	0x0	0x0	0x0	0x0	0x0	0x0	0x0	0x0	0x0	0x0	0x0	0x0	0x0	0x0	0x0	0x0	0x0	0x0	0x0
0xe5	0x75	0x75	0x75	0x75	0x75	0x75	0x75	0x75	0x75	0xc0	0x0	0x0	0x0	0xf3	0x101	0x110	0x101	0x110	0x101	0xf1	0x0	0x0	0x0	0x0	0x0	0x0	0x0	0x0	0x0	0x0	0xc8	0x75	0x75	0x75	0x75	0x75	0x75	0x75	0x75	0x12c	0x12c	0x12c	0x12c	0x12c	0x75	0x75	0x75	0x75	0x75	0x75	0x75	0x75	0x75	0x75	0x75	0x75	0x75	0x75	0x75	0x75	0x75	0x75	0x75	0x0	0x0	0x0	0x0	0xfff	0xfff	0xfff	0xfff	0x0	0x0	0x0	0x0	0x0	0x0	0xfff	0xfff	0xfff	0xfff	0xfff	0xfff	0x0	0xfff	0xfff	0xfff	0x20a	0x20a	0x20a	0x20a	0x20a	0xfff	0x0	0x0	0x0	0x0	0x0	0x0	0x0	0x0	0x0	0x0	0x0	0x0	0x0	0x0	0x0	0x0	0x0	0x0	0x0	0x0	0x0	0x0	0x0	0x0	0x0	0x0	0x0	0x0	0x0	0x0	0x0	0x0	0x0	0x0
0xe5	0x75	0x75	0x75	0x75	0x75	0x75	0x75	0x75	0x75	0xdd	0x0	0x0	0x0	0xe3	0x75	0x75	0x75	0x75	0x75	0xf0	0xf1	0x0	0xf3	0x101	0x110	0x101	0xf1	0x0	0x0	0xf3	0xf4	0x75	0x75	0x75	0x75	0x75	0x75	0x75	0x75	0x12c	0x12c	0x12c	0x12c	0x12c	0x12c	0x12c	0x12c	0x75	0x75	0x75	0x75	0x75	0x75	0x75	0x75	0x75	0x75	0x75	0x75	0x75	0x75	0x75	0x75	0x0	0x0	0x0	0x0	0x0	0x0	0x0	0x0	0x0	0x0	0x0	0x0	0x0	0x0	0x0	0x0	0x0	0x0	0x0	0x0	0x0	0x0	0x0	0x0	0x0	0x0	0x0	0x0	0x0	0x0	0x0	0x0	0x0	0x0	0x0	0x0	0x0	0x0	0x0	0x0	0x0	0x0	0x0	0x0	0x0	0x0	0x0	0x0	0x0	0x0	0x0	0x0	0x0	0x0	0x0	0x0	0x0	0x0	0x0	0x0	0x0	0x0	0x0	0x0
0x75	0x75	0x75	0xe5	0x75	0x75	0x75	0x75	0x75	0x75	0xc0	0x0	0x0	0x0	0xc8	0x75	0x75	0x75	0x75	0x75	0x75	0xf0	0x110	0xf4	0x75	0x75	0x75	0xf0	0x110	0x101	0xf4	0x75	0x75	0x75	0x75	0x75	0x75	0x75	0x75	0x75	0x12c	0x12c	0x12c	0x12c	0x12c	0x12c	0x12c	0x12c	0x75	0x75	0x75	0x75	0x75	0x75	0x75	0x75	0x75	0x75	0x75	0x75	0x75	0x75	0x76	0x75	0x0	0x0	0x0	0x0	0x0	0x0	0x0	0x0	0x0	0x0	0x0	0x0	0x0	0x0	0x0	0x0	0x0	0x0	0x0	0x0	0x0	0x0	0x0	0x0	0x0	0x0	0x0	0x0	0x0	0x0	0x0	0x0	0x0	0x0	0x0	0x0	0x0	0x0	0x0	0x0	0x0	0x0	0x0	0x0	0x0	0x0	0x0	0x0	0x0	0x0	0x0	0x0	0x0	0x0	0x0	0x0	0x0	0x0	0x0	0x0	0x0	0x0	0x0	0x0
0x75	0x75	0x75	0xe5	0x75	0x75	0x75	0x75	0x75	0x75	0xf0	0xf1	0x0	0xf3	0xf4	0x75	0x75	0x75	0x75	0x75	0x75	0x75	0x75	0x75	0x75	0x75	0x75	0x75	0x12c	0x12c	0x12c	0x75	0x75	0x75	0x75	0x75	0x75	0x75	0x75	0x75	0x12c	0x12c	0x12c	0x12c	0x12c	0x12c	0x12c	0x12c	0x75	0x75	0x75	0x75	0x75	0x75	0x75	0x75	0x75	0x75	0x75	0x75	0x75	0x75	0x75	0x75	0x0	0x0	0x0	0x0	0x0	0x0	0x0	0x0	0x0	0x0	0x0	0x0	0x0	0x0	0x0	0x0	0x0	0x0	0x0	0x0	0x0	0x0	0x0	0x0	0x0	0x0	0x0	0x0	0x0	0x0	0x0	0x0	0x0	0x0	0x0	0x0	0x0	0x0	0x0	0x0	0x0	0x0	0x0	0x0	0x0	0x0	0x0	0x0	0x0	0x0	0x0	0x0	0x0	0x0	0x0	0x0	0x0	0x0	0x0	0x0	0x0	0x0	0x0	0x0
0x75	0x75	0x75	0x75	0x75	0x75	0x75	0x75	0x75	0x75	0x75	0xc0	0x0	0xe3	0x75	0x75	0x75	0x75	0x75	0x75	0x75	0x75	0x75	0x75	0x75	0x75	0x75	0x75	0x12c	0x12c	0x12c	0x75	0x75	0x12c	0x75	0x75	0x75	0x75	0x75	0x75	0x12c	0x12c	0x12c	0x12c	0x12c	0x12c	0x12c	0x12c	0x75	0x75	0x75	0x75	0x75	0x75	0x75	0x75	0x75	0x75	0x75	0x75	0x75	0x75	0x75	0x75	0x0	0x0	0x0	0x0	0x0	0x0	0x0	0x0	0x0	0x0	0x0	0x0	0x0	0x0	0x0	0x0	0x0	0x0	0x0	0x0	0x0	0x0	0x0	0x0	0x0	0x0	0x0	0x0	0x0	0x0	0x0	0x0	0x0	0x0	0x0	0x0	0x0	0x0	0x0	0x0	0x0	0x0	0x0	0x0	0x0	0x0	0x0	0x0	0x0	0x0	0x0	0x0	0x0	0x0	0x0	0x0	0x0	0x0	0x0	0x0	0x0	0x0	0x0	0x0
0x76	0x75	0x75	0x12c	0x12c	0x75	0x75	0x75	0x75	0x75	0x75	0xc0	0x0	0xfff	0x75	0x75	0x75	0x75	0x75	0x75	0x75	0x75	0x75	0x75	0x75	0x75	0x75	0x75	0x12c	0x12c	0x12c	0x75	0x75	0x75	0x75	0x75	0x75	0x75	0x75	0x75	0x12c	0x12c	0x12c	0x12c	0x12c	0x12c	0x12c	0x12c	0x75	0x75	0x75	0x75	0x75	0x75	0x75	0x75	0x75	0x75	0x75	0x75	0x75	0x75	0x75	0x75	0x0	0x0	0x0	0x0	0x0	0x0	0x0	0x0	0x0	0x0	0x0	0x0	0x0	0x0	0x0	0x0	0x0	0x0	0x0	0x0	0x0	0x0	0x0	0x0	0x0	0x0	0x0	0x0	0x0	0x0	0x0	0x0	0x0	0x0	0x0	0x0	0x0	0x0	0x0	0x0	0x0	0x0	0x0	0x0	0x0	0x0	0x0	0x0	0x0	0x0	0x0	0x0	0x0	0x0	0x0	0x0	0x0	0x0	0x0	0x0	0x0	0x0	0x0	0x0
0x76	0x75	0x75	0x12c	0x12c	0x75	0x75	0x75	0x75	0x75	0x75	0x117	0x118	0x119	0x75	0x75	0x75	0x75	0x75	0x75	0x75	0x75	0x75	0x75	0x75	0x75	0x75	0x75	0x12c	0x12c	0x12c	0x75	0x75	0x75	0x75	0x75	0x75	0x75	0x75	0x75	0x12c	0x12c	0x12c	0x12c	0x12c	0x12c	0x12c	0x12c	0x75	0x75	0x75	0x12c	0x12c	0x12c	0x12c	0x12c	0x12c	0xfff	0x76	0x76	0x12c	0x12c	0x12c	0x75	0x0	0x0	0x0	0x0	0x0	0x0	0x0	0x0	0x0	0x0	0x0	0x0	0x0	0x0	0x0	0x0	0x0	0x0	0x0	0x0	0x0	0x0	0x0	0x0	0x0	0x0	0x0	0x0	0x0	0x0	0x0	0x0	0x0	0x0	0x0	0x0	0x0	0x0	0x0	0x0	0x0	0x0	0x0	0x0	0x0	0x0	0x0	0x0	0x0	0x0	0x0	0x0	0x0	0x0	0x0	0x0	0x0	0x0	0x0	0x0	0x0	0x0	0x0	0x0
0x76	0x75	0x75	0x12c	0x12c	0x75	0x75	0x75	0x75	0x75	0x75	0x75	0x75	0x75	0x75	0x75	0x75	0x75	0x75	0x75	0x75	0x75	0x75	0x75	0x75	0x75	0x75	0x75	0x75	0x75	0x12c	0x75	0x75	0x75	0x75	0x75	0x75	0x75	0x75	0x75	0x12c	0x12c	0x12c	0x12c	0x12c	0x12c	0x12c	0x12c	0x75	0x75	0x75	0x75	0x75	0x75	0x75	0x75	0x75	0x75	0x75	0x75	0x75	0x75	0x75	0x75	0x0	0x0	0x0	0x0	0x0	0x0	0x0	0x0	0x0	0x0	0x0	0x0	0x0	0x0	0x0	0x0	0x0	0x0	0x0	0x0	0x0	0x0	0x0	0x0	0x0	0x0	0x0	0x0	0x0	0x0	0x0	0x0	0x0	0x0	0x0	0x0	0x0	0x0	0x0	0x0	0x0	0x0	0x0	0x0	0x0	0x0	0x0	0x0	0x0	0x0	0x0	0x0	0x0	0x0	0x0	0x0	0x0	0x0	0x0	0x0	0x0	0x0	0x0	0x0
0x76	0xfff	0x20e	0x12c	0x12c	0x75	0x75	0xe5	0x75	0x75	0x75	0x75	0x75	0x75	0x75	0x75	0x75	0x75	0x75	0x75	0x75	0x75	0x75	0x75	0x75	0x75	0x75	0x75	0x75	0x75	0x12c	0x75	0x12c	0x75	0x12c	0x75	0x75	0x75	0x75	0x75	0x12c	0x12c	0x12c	0x12c	0x12c	0x12c	0x12c	0x12c	0x75	0x75	0x75	0x75	0x75	0x75	0x75	0x75	0x75	0x75	0x75	0x75	0x75	0x75	0x75	0x75	0x0	0x0	0x0	0x0	0x0	0x0	0x0	0x0	0x0	0x0	0x0	0x0	0x0	0x0	0x0	0x0	0x0	0x0	0x0	0x0	0x0	0x0	0x0	0x0	0x0	0x0	0x0	0x0	0x0	0x0	0x0	0x0	0x0	0x0	0x0	0x0	0x0	0x0	0x0	0x0	0x0	0x0	0x0	0x0	0x0	0x0	0x0	0x0	0x0	0x0	0x0	0x0	0x0	0x0	0x0	0x0	0x0	0x0	0x0	0x0	0x0	0x0	0x0	0x0
0x75	0x20e	0x20e	0x20e	0xfff	0xe5	0xe5	0xe5	0x75	0x75	0x75	0x75	0x75	0x75	0x75	0x75	0x75	0x75	0x75	0x75	0x75	0x75	0x75	0x75	0x75	0x75	0x75	0x75	0x75	0x75	0x12c	0x12c	0x12c	0x12c	0x12c	0x75	0x75	0x75	0x75	0x75	0x12c	0x12c	0x12c	0x12c	0x12c	0x12c	0x12c	0x12c	0x75	0x75	0x75	0x75	0x75	0x75	0x75	0x75	0x75	0x75	0x75	0x75	0x75	0x75	0x75	0x75	0x0	0x0	0x0	0x0	0x0	0x0	0x0	0x0	0x0	0x0	0x0	0x0	0x0	0x0	0x0	0x0	0x0	0x0	0x0	0x0	0x0	0x0	0x0	0x0	0x0	0x0	0x0	0x0	0x0	0x0	0x0	0x0	0x0	0x0	0x0	0x0	0x0	0x0	0x0	0x0	0x0	0x0	0x0	0x0	0x0	0x0	0x0	0x0	0x0	0x0	0x0	0x0	0x0	0x0	0x0	0x0	0x0	0x0	0x0	0x0	0x0	0x0	0x0	0x0
0x75	0x20e	0x20e	0x20e	0x20f	0xe5	0xe5	0xe5	0x75	0x75	0x75	0x75	0x75	0x75	0x75	0x75	0x75	0x75	0x75	0x75	0x75	0x75	0x75	0x75	0x75	0x75	0x75	0x75	0x75	0x12c	0x12c	0x12c	0x12c	0x12c	0x75	0x75	0x75	0x75	0x75	0x75	0x75	0x75	0x75	0x75	0x75	0x75	0x75	0x75	0x75	0x75	0x75	0x75	0x75	0x75	0x75	0x75	0x75	0x75	0x75	0x75	0x75	0x75	0x75	0x75	0x0	0x0	0x0	0x0	0x0	0x0	0x0	0x0	0x0	0x0	0x0	0x0	0x0	0x0	0x0	0x0	0x0	0x0	0x0	0x0	0x0	0x0	0x0	0x0	0x0	0x0	0x0	0x0	0x0	0x0	0x0	0x0	0x0	0x0	0x0	0x0	0x0	0x0	0x0	0x0	0x0	0x0	0x0	0x0	0x0	0x0	0x0	0x0	0x0	0x0	0x0	0x0	0x0	0x0	0x0	0x0	0x0	0x0	0x0	0x0	0x0	0x0	0x0	0x0
0x75	0x20e	0x20e	0x20e	0x20f	0xe5	0xe5	0xe5	0x75	0x75	0x75	0x75	0x75	0x75	0x75	0x75	0x75	0x75	0x75	0x75	0x75	0xe5	0x75	0x75	0x75	0x75	0x75	0xe5	0x75	0x12c	0x12c	0x12c	0x12c	0x12c	0x75	0x75	0x75	0x75	0x75	0x75	0x75	0x75	0x75	0x75	0x75	0x75	0x75	0x75	0x75	0x75	0x75	0x75	0x75	0x75	0x75	0x75	0x75	0x75	0x75	0x75	0x75	0x75	0x75	0x75	0x0	0x0	0x0	0x0	0x0	0x0	0x0	0x0	0x0	0x0	0x0	0x0	0x0	0x0	0x0	0x71	0x195	0x196	0x197	0xfff	0xfff	0xfff	0xfff	0xfff	0x0	0x0	0x0	0x0	0x0	0x0	0x0	0x0	0x0	0x0	0x0	0x0	0x0	0x0	0x0	0x0	0x0	0x0	0x0	0x0	0x0	0x0	0x0	0x0	0x0	0x0	0x0	0x0	0x0	0x0	0x0	0x0	0x0	0x0	0x0	0x0	0x0	0x0	0x0	0x0
0x75	0x75	0x75	0x20e	0x20e	0x75	0xe5	0xe5	0x75	0x75	0x75	0x75	0x75	0x75	0x75	0x75	0x75	0x75	0x75	0x75	0x75	0xe5	0x75	0x75	0x75	0x75	0x75	0xe5	0x75	0x12c	0x12c	0x12c	0x12c	0x12c	0x75	0x75	0x75	0x75	0x75	0x75	0x75	0x75	0x75	0x75	0x75	0x75	0x75	0x75	0x75	0x75	0x75	0x75	0x75	0x75	0x75	0x75	0x75	0x75	0x75	0x75	0x75	0x75	0x75	0x75	0x0	0x0	0x0	0x0	0x0	0x0	0x0	0x0	0x0	0x0	0x0	0x0	0x0	0x0	0x0	0x1db	0x1a8	0x1a9	0x1aa	0xfff	0xfff	0xfff	0xfff	0xfff	0x0	0x0	0x0	0x0	0x0	0x0	0x0	0x0	0x0	0x0	0x0	0x0	0x0	0x0	0x0	0x0	0x0	0x0	0x0	0x0	0x0	0x0	0x0	0x0	0x0	0x0	0x0	0x0	0x0	0x0	0x0	0x0	0x0	0x0	0x0	0x0	0x0	0x0	0x0	0x0
0x75	0x75	0x75	0x20e	0x20e	0x75	0xe5	0xe5	0x75	0x75	0x75	0x75	0x75	0x75	0x75	0x75	0x75	0x75	0x75	0x75	0x75	0xe5	0x75	0x75	0x75	0x75	0x75	0xe5	0x75	0x12c	0x12c	0x12c	0x12c	0x12c	0x75	0x75	0x75	0x75	0x75	0x75	0x75	0x75	0x75	0x75	0x75	0x75	0x75	0x75	0x75	0x75	0x75	0x75	0x75	0x75	0x75	0x75	0x75	0x75	0x75	0x75	0x75	0x75	0x75	0x75	0x0	0x0	0x0	0x0	0x0	0x0	0x0	0x0	0x0	0x0	0x0	0x0	0x0	0x0	0x0	0x1f2	0x1b7	0x1	0x1	0x2	0x3	0x3	0xfff	0xfff	0x0	0x0	0x0	0x0	0x0	0x0	0x0	0x0	0x0	0x0	0x0	0x0	0x0	0x0	0x0	0x0	0x0	0x0	0x0	0x0	0x0	0x0	0x0	0x0	0x0	0x0	0x0	0x0	0x0	0x0	0x0	0x0	0x0	0x0	0x0	0x0	0x0	0x0	0x0	0x0
0x75	0x75	0x75	0x12c	0x12c	0x12c	0x12c	0x75	0x75	0x75	0x75	0x75	0x75	0x75	0x75	0x75	0x75	0x75	0x75	0x75	0x75	0x75	0x75	0x75	0x75	0x75	0x75	0xe5	0x75	0x12c	0x12c	0x12c	0x12c	0x12c	0x75	0x75	0x75	0x75	0x75	0x75	0x75	0x75	0x75	0x75	0x75	0x75	0x75	0x75	0x75	0x75	0x75	0x75	0x75	0x75	0x75	0x75	0x75	0x75	0x75	0x75	0x75	0x75	0x75	0x75	0x0	0x0	0x0	0x0	0x0	0x0	0x0	0x0	0x0	0x0	0x0	0x0	0x0	0x0	0x0	0xfff	0x1c0	0x1	0x1	0x2	0x3	0x3	0xfff	0xfff	0x0	0x0	0x0	0x0	0x0	0x0	0x0	0x0	0x0	0x0	0x0	0x0	0x0	0x0	0x0	0x0	0x0	0x0	0x0	0x0	0x0	0x0	0x0	0x0	0x0	0x0	0x0	0x0	0x0	0x0	0x0	0x0	0x0	0x0	0x0	0x0	0x0	0x0	0x0	0x0
0x75	0x12c	0x12c	0x12c	0x20d	0x12c	0x12c	0x12c	0x12c	0x75	0x75	0x75	0x75	0x75	0x75	0x75	0x75	0x75	0x75	0x75	0x75	0x75	0x75	0x75	0x75	0x75	0x75	0xe5	0x75	0x12c	0x12c	0x12c	0x12c	0x12c	0x75	0x75	0x75	0x75	0x75	0x75	0x75	0x75	0x75	0x75	0x75	0x75	0x75	0x75	0x75	0x75	0x75	0x75	0x75	0x75	0x75	0x75	0x75	0x75	0x75	0x75	0x75	0x75	0x75	0x75	0x0	0x0	0x0	0x0	0x0	0x0	0x0	0x0	0x0	0x0	0x0	0x0	0x0	0x0	0x0	0xfff	0xfff	0x4	0x4	0x5	0x6	0x6	0xfff	0xfff	0x0	0x0	0x0	0x0	0x0	0x0	0x0	0x0	0x0	0x0	0x0	0x0	0x0	0x0	0x0	0x0	0x0	0x0	0x0	0x0	0x0	0x0	0x0	0x0	0x0	0x0	0x0	0x0	0x0	0x0	0x0	0x0	0x0	0x0	0x0	0x0	0x0	0x0	0x0	0x0
0x75	0x12c	0x12c	0x12c	0x20d	0x12c	0x12c	0x12c	0x12c	0x75	0x75	0x75	0x75	0x75	0x75	0x75	0x75	0x75	0x75	0x75	0x75	0x75	0x75	0x75	0x75	0x75	0x75	0xe5	0x75	0x12c	0x12c	0x12c	0x12c	0x12c	0x75	0x12c	0x75	0x12c	0x75	0x75	0x75	0x75	0x75	0x75	0x75	0x75	0x75	0x75	0x75	0x75	0x75	0x75	0x75	0x75	0x75	0x75	0x75	0x75	0x75	0x75	0x75	0x75	0x75	0x75	0x0	0x0	0x0	0x0	0x0	0x0	0x0	0x0	0x0	0x0	0x0	0x0	0x0	0x0	0x0	0xfff	0xfff	0x7	0x7	0x8	0x9	0x9	0xfff	0xfff	0x0	0x0	0x0	0x0	0x0	0x0	0x0	0x0	0x0	0x0	0x0	0x0	0x0	0x0	0x0	0x0	0x0	0x0	0x0	0x0	0x0	0x0	0x0	0x0	0x0	0x0	0x0	0x0	0x0	0x0	0x0	0x0	0x0	0x0	0x0	0x0	0x0	0x0	0x0	0x0
0x75	0x12c	0x12c	0x12c	0x20d	0x12c	0x12c	0x12c	0x12c	0x75	0x75	0x75	0x75	0x75	0x75	0x75	0x75	0x75	0x75	0x75	0x75	0x75	0x75	0x75	0x75	0x75	0x75	0xe5	0x75	0x75	0x75	0x12c	0x12c	0x12c	0x12c	0x12c	0x12c	0x12c	0x75	0x75	0x75	0x75	0x75	0x75	0x75	0x75	0x75	0x75	0x75	0x75	0x75	0x75	0x75	0x75	0x75	0x75	0x75	0x75	0x75	0x75	0x75	0x75	0x75	0x75	0x0	0x0	0x0	0x0	0x0	0x0	0x0	0x0	0x0	0x0	0x0	0x0	0x0	0x0	0x0	0xfff	0xfff	0x7	0x7	0x8	0x9	0x9	0xfff	0xfff	0x0	0x0	0x0	0x0	0x0	0x0	0x0	0x0	0x0	0x0	0x0	0x0	0x0	0x0	0x0	0x0	0x0	0x0	0x0	0x0	0x0	0x0	0x0	0x0	0x0	0x0	0x0	0x0	0x0	0x0	0x0	0x0	0x0	0x0	0x0	0x0	0x0	0x0	0x0	0x0
0x75	0x12c	0x12c	0x12c	0x20d	0x12c	0x12c	0x12c	0x12c	0x75	0x75	0x75	0x75	0x75	0x75	0x75	0x75	0x20e	0x75	0x75	0x75	0x76	0x75	0x75	0x75	0x75	0x75	0x75	0x75	0x75	0x75	0x12c	0x12c	0x12c	0x12c	0x12c	0x12c	0x12c	0x12c	0x12c	0x12c	0x12c	0x12c	0x12c	0x12c	0x12c	0x12c	0x12c	0x75	0x75	0x75	0x75	0x75	0x75	0x75	0x75	0x75	0x75	0x75	0x75	0x75	0x75	0x75	0x75	0x0	0x0	0x0	0x0	0x0	0x0	0x0	0x0	0x0	0x0	0x0	0x0	0x0	0x0	0x0	0xfff	0xfff	0xfff	0xfff	0xfff	0xfff	0xfff	0xfff	0xfff	0x0	0x0	0x0	0x0	0x0	0x0	0x0	0x0	0x0	0x0	0x0	0x0	0x0	0x0	0x0	0x0	0x0	0x0	0x0	0x0	0x0	0x0	0x0	0x0	0x0	0x0	0x0	0x0	0x0	0x0	0x0	0x0	0x0	0x0	0x0	0x0	0x0	0x0	0x0	0x0
0x75	0x75	0x75	0x12c	0x20d	0x75	0x75	0x12c	0x12c	0x75	0x75	0x75	0x75	0x75	0x75	0x75	0x75	0x20e	0x75	0x75	0x75	0x76	0x75	0x75	0x75	0x75	0x75	0x75	0x75	0x75	0x75	0x75	0x75	0x75	0x75	0x75	0x75	0x75	0x75	0x75	0x75	0x75	0x75	0x75	0x75	0x75	0x75	0x75	0x75	0x75	0x75	0x75	0x75	0x75	0x75	0x75	0x75	0x75	0x75	0x75	0x75	0x75	0x75	0x75	0x0	0x0	0x0	0x0	0x0	0x0	0x0	0x0	0x0	0x0	0x0	0x0	0x0	0x0	0x0	0xfff	0xfff	0xfff	0xfff	0xfff	0xfff	0xfff	0xfff	0xfff	0x0	0x0	0x0	0x0	0x0	0x0	0x0	0x0	0x0	0x0	0x0	0x0	0x0	0x0	0x0	0x0	0x0	0x0	0x0	0x0	0x0	0x0	0x0	0x0	0x0	0x0	0x0	0x0	0x0	0x0	0x0	0x0	0x0	0x0	0x0	0x0	0x0	0x0	0x0	0x0
0x75	0x75	0x75	0x12c	0x20d	0x75	0x75	0x12c	0xfff	0x75	0x75	0x75	0x75	0x75	0x75	0x75	0x75	0x20e	0x75	0x75	0x75	0x76	0x75	0x75	0x75	0x75	0x75	0x75	0x75	0x75	0x75	0x75	0x75	0x75	0x75	0x75	0x75	0x75	0x75	0x75	0x75	0x75	0x75	0x75	0x75	0x75	0x75	0x75	0x75	0x75	0x75	0x75	0x75	0x75	0x75	0x75	0x75	0x75	0x75	0x75	0x75	0x75	0x75	0x75	0x0	0x0	0x0	0x0	0x0	0x0	0x0	0x0	0x0	0x0	0x0	0x0	0x0	0x0	0x0	0x0	0x0	0x0	0x0	0x0	0x0	0x0	0x0	0x0	0x0	0x0	0x0	0x0	0x0	0x0	0x0	0x0	0x0	0x0	0x0	0x0	0x0	0x0	0x0	0x0	0x0	0x0	0x0	0x0	0x0	0x0	0x0	0x0	0x0	0x0	0x0	0x0	0x0	0x0	0x0	0x0	0x0	0x0	0x0	0x0	0x0	0x0	0x0	0x0
0x75	0x75	0x75	0x75	0x75	0x75	0x75	0x75	0x75	0x75	0x75	0x75	0x75	0x75	0x75	0x75	0x75	0x20e	0x75	0x75	0x75	0x76	0x75	0x75	0x75	0x75	0x75	0x75	0x75	0x75	0x75	0x75	0x75	0x75	0x75	0x75	0x75	0x75	0x75	0x75	0x75	0x75	0x75	0x75	0x75	0x75	0x75	0x75	0x75	0x75	0x75	0x75	0x75	0x75	0x75	0x75	0x75	0x75	0x75	0x75	0x75	0x75	0x75	0x75	0x0	0x0	0x0	0x0	0x0	0x0	0x0	0x0	0x0	0x0	0x0	0x0	0x0	0x0	0x0	0x0	0x0	0x0	0x0	0x0	0x0	0x0	0x0	0x0	0x0	0x0	0x0	0x0	0x0	0x0	0x0	0x0	0x0	0x0	0x0	0x0	0x0	0x0	0x0	0x0	0x0	0x0	0x0	0x0	0x0	0x0	0x0	0x0	0x0	0x0	0x0	0x0	0x0	0x0	0x0	0x0	0x0	0x0	0x0	0x0	0x0	0x0	0x0	0x0
0x75	0x75	0x75	0x75	0x75	0x75	0x75	0x75	0x75	0x75	0x75	0x75	0x75	0x75	0x75	0x75	0x75	0x20e	0x75	0x75	0x75	0x76	0x75	0x75	0x75	0x75	0x75	0x75	0x75	0x75	0x75	0x75	0x75	0x75	0x75	0x75	0x75	0x75	0x75	0x75	0x75	0x75	0x75	0x75	0x75	0x75	0x75	0x75	0x75	0x75	0x75	0x75	0x75	0x75	0x75	0x75	0x75	0x75	0x75	0x75	0x75	0x75	0x75	0x75	0x0	0x0	0x0	0x0	0x0	0x0	0x0	0x0	0x0	0x0	0x0	0x0	0x0	0x0	0x0	0x0	0x0	0x0	0x0	0x0	0x0	0x0	0x0	0x0	0x0	0x0	0x0	0x0	0x0	0x0	0x0	0x0	0x0	0x0	0x0	0x0	0x0	0x0	0x0	0x0	0x0	0x0	0x0	0x0	0x0	0x0	0x0	0x0	0x0	0x0	0x0	0x0	0x0	0x0	0x0	0x0	0x0	0x0	0x0	0x0	0x0	0x0	0x0	0x0
0x75	0x75	0x75	0x75	0x75	0x75	0x75	0x75	0x75	0x76	0x75	0x75	0x75	0x75	0x75	0x75	0x75	0x20e	0x75	0x75	0x75	0x76	0x75	0x75	0x75	0x75	0x75	0x75	0x75	0x75	0x75	0x75	0x75	0x75	0x75	0x75	0x75	0x75	0x75	0x75	0x75	0x75	0x75	0x75	0x75	0x75	0x75	0x75	0x75	0x75	0x75	0x75	0x75	0x75	0x75	0x75	0x75	0x75	0x75	0x75	0x75	0x75	0x75	0x75	0x0	0x0	0x0	0x0	0x0	0x0	0x0	0x0	0x0	0x0	0x0	0x0	0x0	0x0	0x0	0x0	0x0	0x0	0x0	0x0	0x0	0x0	0x0	0x0	0x0	0x0	0x0	0x0	0x0	0x0	0x0	0x0	0x0	0x0	0x0	0x0	0x0	0x0	0x0	0x0	0x0	0x0	0x0	0x0	0x0	0x0	0x0	0x0	0x0	0x0	0x0	0x0	0x0	0x0	0x0	0x0	0x0	0x0	0x0	0x0	0x0	0x0	0x0	0x0
0x75	0x75	0x75	0x75	0x75	0x75	0x75	0x75	0x75	0x75	0x75	0x75	0x75	0x75	0x20e	0x75	0x75	0x75	0x75	0x75	0x75	0x75	0x75	0x75	0x75	0x75	0x75	0x75	0x75	0x75	0x75	0x75	0x75	0x75	0x75	0x75	0x75	0x75	0x75	0x75	0x75	0x75	0x75	0x75	0x75	0x75	0x75	0x75	0x75	0x75	0x75	0x75	0x75	0x75	0x75	0x75	0x75	0x75	0x75	0x75	0x75	0x75	0x75	0x75	0x0	0x0	0x0	0x0	0x0	0x0	0x0	0x0	0x0	0x0	0x0	0x0	0x0	0x0	0x0	0x0	0x0	0x0	0x0	0x0	0x0	0x0	0x0	0x0	0x0	0x0	0x0	0x0	0x0	0x0	0x0	0x0	0x0	0x0	0x0	0x0	0x0	0x0	0x0	0x0	0x0	0x0	0x0	0x0	0x0	0x0	0x0	0x0	0x0	0x0	0x0	0x0	0x0	0x0	0x0	0x0	0x0	0x0	0x0	0x0	0x0	0x0	0x0	0x0
0x75	0x75	0x75	0x75	0x75	0x75	0x75	0x75	0x75	0x75	0x75	0x75	0x75	0x75	0x75	0x75	0x75	0x75	0x75	0x75	0x75	0x75	0x75	0x75	0x75	0x75	0x75	0x75	0x75	0x75	0x75	0x75	0x75	0x75	0x75	0x75	0x75	0x75	0x75	0x75	0x75	0x75	0x75	0x75	0x75	0x75	0x75	0x75	0x75	0x75	0x75	0x75	0x75	0x75	0x75	0x75	0x75	0x75	0x75	0x75	0x75	0x75	0x75	0x75	0x0	0x0	0x0	0x0	0x0	0x0	0x0	0x0	0x0	0x0	0x0	0x0	0x0	0x0	0x0	0x0	0x0	0x0	0x0	0x0	0x0	0x0	0x0	0x0	0x0	0x0	0x0	0x0	0x0	0x0	0x0	0x0	0x0	0x0	0x0	0x0	0x0	0x0	0x0	0x0	0x0	0x0	0x0	0x0	0x0	0x0	0x0	0x0	0x0	0x0	0x0	0x0	0x0	0x0	0x0	0x0	0x0	0x0	0x0	0x0	0x0	0x0	0x0	0x0
