cell:u16	grid:128x128	fill:1c	at:0,0
0fff 0fff 0fff 0fff 0fff 0fff 0fff 0fff 0fff 0fff 0fff 0fff 0fff 0fff 0fff 0fff 0fff 0fff 0fff 0fff 0fff 000b 0fff 0fff 0fff 0fff 0fff 0fff 0fff 001b 0fff 001c 001c 001c 001c 001c 001c 001c 001c 0fff 0fff 0fff 001c 001c 001c 001c 001c 001c 001c 001c 001c 0fff 001c 001c 0fff 0fff 0fff 0fff 0fff 0fff 001c 001c 001c 001c 001c 001c 001c 001c 001c 001c 001c 001c 001c 001c 001c 001c 001c 001c 001c 001c 001c 001c 001c 001c 001c 001c 001c 001c 0fff 0fff
0fff 0fff 0fff 0fff 0fff 0fff 0fff 0fff 0fff 0fff 0fff 0fff 0fff 0fff 0fff 0fff 0fff 0fff 002d 0036 0037 0fff 000b 0fff 000b 0fff 0fff 0fff 0fff 0fff 001c 001c 001c 001c 001c 001c 001c 001c 001c 0fff 001c 001d 001c 001c 001c 001c 001c 001c 001c 001c 001c 001c 001c 001c 0fff 0fff 0fff 0fff 0fff 0fff 001c 001c 001c 001c 001c 001c 001c 001c 001c 001c 001c 001c 001c 001c 001c 001c 001c 001c 001c 001c 001c 001c 001c 001c 001c 0fff 0fff 0fff 0fff 0fff 001c 001c 001c 001c 0fff 0fff 004f 004f 0fff 0fff 0fff 004f 004f 0fff
0fff 0fff 0fff 0fff 0fff 0fff 002f 0030 003b 0fff 0fff 0fff 0fff 0fff 0fff 0fff 0fff 0036 0058 005e 005f 0fff 0fff 0fff 0fff 0fff 0fff 0fff 0fff 0fff 001c 0fff 001c 001c 0fff 0fff 001c 001c 001c 001d 001c 0049 004a 004b 001c 001c 001c 001c 001c 001c 001c 001c 001c 0fff 001c 001c 0fff 001c 001c 001c 001c 001c 001c 001c 001c 001c 001c 001c 001c 001c 001c 001c 001c 001c 001c 001c 001c 001c 001c 001c 001c 001c 001c 001c 0fff 0fff 0fff 0fff 0fff 0fff 001c 001c 001c 001c 004e 0fff 0fff 0fff 0fff 0fff 0fff 0fff 0fff 0053
0fff 0fff 0fff 0fff 0fff 0fff 002f 0030 0062 0fff 000c 0fff 0fff 0fff 0fff 0fff 0fff 005e 0082 0fff 0fff 0fff 0039 000b 0fff 0fff 0fff 0fff 0fff 0fff 001c 0fff 001c 001c 001c 0fff 001c 001c 001c 0fff 0070 0071 0072 0073 0074 001c 001c 001c 001c 0020 001c 001c 001c 001c 001c 001c 001c 001c 001c 001c 001c 001c 001c 001c 001c 001c 001c 001c 001c 001c 001c 001c 001c 001c 001c 001c 001c 001c 001c 001c 001c 001c 001c 001c 0fff 0026 0fff 0fff 0fff 001c 001c 001c 001c 001c 004e 0fff 0fff 0fff 0fff 0fff 0fff 0fff 0fff 0053
0036 0037 0038 0083 0fff 0fff 0fff 0fff 008d 0fff 0035 0036 0037 0038 0037 000c 0fff 0fff 0fff 0fff 0fff 0fff 0061 0039 008e 003d 003e 0fff 0fff 0fff 001c 001c 001c 001c 001c 0fff 001c 001e 0fff 001d 0097 0026 0098 0099 009a 001c 001c 001c 001c 001c 001c 001c 001c 001c 001c 001c 001c 001c 001c 001c 001c 001c 001c 001c 001c 001c 001c 001c 001c 001c 001c 001c 001c 001c 001c 001c 001c 001c 001c 001c 001c 001c 001c 001c 0fff 0fff 0fff 0fff 0fff 001c 001c 001c 001c 001c 0fff 0fff 0fff 0fff 0fff 0fff 0fff 0fff 0fff 0fff
005e 005f 0060 00a4 0fff 0fff 0fff 008e 0fff 0084 005d 005e 005f 0060 005f 0035 0036 0037 0038 0037 000c 0fff 0fff 0061 0fff 0066 0067 0fff 0fff 0fff 001c 0fff 0fff 0fff 001c 001c 001c 001c 0fff 001c 00b3 00b4 00b5 00b6 00b7 001c 001c 001c 001c 001c 001c 001c 001c 001c 001c 001c 001c 001c 001c 001c 001c 001c 001c 001c 001c 001c 001c 001c 001c 001c 001c 001c 001c 001c 001c 001c 001c 001c 001c 001c 001c 001c 001c 001c 001c 001c 006f 001c 001c 001c 001c 001c 001c 001c 0fff 0fff 0fff 0fff 0fff 0fff 0fff 0fff 0fff 0fff
0fff 0fff 0fff 0fff 002d 0fff 0fff 008e 0fff 003b 0fff 0fff 0fff 0fff 0fff 005d 005e 005f 0060 005f 0035 0fff 0fff 008a 0fff 0fff 0fff 0fff 0fff 008e 0fff 0fff 0fff 0fff 0fff 001c 001c 001c 001d 001c 001c 001c 006f 001c 001c 001c 001c 001c 001c 001c 001c 001c 001c 001c 001c 00cc 00cd 0fff 00cd 00ce 001c 001c 001c 001c 001c 001c 001c 001c 001c 00cc 00cd 00ce 001c 001c 001c 001c 001c 001c 001c 001c 001c 001c 001c 001c 001c 001c 001c 001c 001c 001c 001c 001c 001c 001c 004e 0fff 0fff 0fff 0fff 0fff 0fff 0fff 0fff 0053
0036 0037 0038 0036 0058 0005 008e 00df 0fff 0062 0038 0036 0036 0fff 0fff 0fff 0fff 00dc 0fff 0fff 005d 000c 0fff 0fff 0fff 00df 00df 00df 00df 00df 0021 0022 0023 0024 0fff 001c 001c 001c 001c 001c 001c 001c 001c 001c 0fff 0fff 0fff 0fff 001c 001c 001c 001c 001c 001c 0fff 0fff 0fff 0fff 0fff 00f0 001c 001c 001c 001c 001c 001c 001c 001c 00ed 00ee 00ef 00f0 00f1 001c 0106 0107 0108 0fff 001c 001c 001c 001c 001c 001c 001c 001c 001c 001c 001c 001c 001c 001c 001c 001c 0fff 0fff 004f 0fff 0fff 0fff 0fff 004f 004f 0053 001c 001c 001c 001c 001c 001c 001c 001c 001c 001c 0fff 0116
005e 005f 0060 005e 0fff 0fff 00df 008e 0fff 008d 0060 005e 005e 0fff 0fff 0fff 0fff 0038 0fff 003b 00ad 0035 0fff 0fff 0fff 00df 00df 00df 00df 00df 0043 0fff 0045 0046 0fff 001c 001c 001c 001c 001c 001c 001c 001c 001c 0fff 0fff 0fff 0fff 001c 001c 001c 001c 001c 001c 0097 0fff 0fff 00ef 0fff 0fff 001c 001c 001c 001c 001c 001c 001c 001c 0021 0022 0023 0024 0105 001c 0124 0125 0126 0127
0fff 0fff 00e3 00e3 0fff 0fff 0fff 0fff 0fff 003d 003e 0fff 00af 0fff 0fff 0fff 0fff 0060 0fff 0062 000a 005d 0fff 008e 008e 003d 003e 0fff 003e 0fff 001c 001c 006f 001c 001c 001c 001c 001c 001c 001c 001c 001c 001c 001c 0fff 0fff 0fff 0fff 001c 001c 001c 001c 001c 0fff 00b3 0fff 0026 0023 0fff 0fff 001c 001c 001c 001c 001c 001c 001c 001c 0043 0122 0045 0046 0123 001c 013c 013d 013e 013f 001c 001c 001c 001c 001c 001c 001c 001c 001c 001c 001c 001c 001c 001c 001c 001c 001c 001c 001c 001c 001c 001c 001c 001c 001c 001c 001c 001c 001c 001c 001c 001c 001c 0fff 001c 001c 001c 001c 001c 001c 0053
0fff 0fff 0145 0146 0145 0146 0145 0146 0fff 0fff 0fff 0fff 00ca 008e 0fff 0fff 0fff 0fff 0fff 008d 000a 008e 0fff 0033 00df 0fff 0067 0fff 0fff 0fff 0fff 0155 0155 0155 0155 0155 0155 0155 0fff 001c 006f 001c 001c 001c 0fff 0fff 0fff 0fff 001c 001c 001c 0140 0fff 001c 001c 0043 0fff 0045 0fff 0123 00cc 00cd 00f2 00cd 00ce 001c 0fff 0fff 0fff 001c 001c 001c 001c 001c 0157 0158 0159 015a 001c 001c 001c 001c 001c 001c 001c 001c 001c 001c 001c 001c 001c 001c 001c 001c 001c 001c 001c 001c 001c 001c 001c 001c 001c 001c 001c 001c 001c 001c 001c 001c 001c 0110
0fff 0161 0161 0fff 0162 0161 0162 0161 0fff 0fff 0145 0fff 0fff 0fff 0fff 0fff 0169 014c 0fff 0fff 0fff 0084 0fff 0fff 0fff 0fff 0fff 0fff 0fff 0fff 0fff 010e 010d 010e 00f0 0fff 0fff 004a 0fff 0fff 0fff 0fff 001c 001c 0fff 001c 001c 0fff 001c 006e 0042 001c 00cf 001c 001c 001c 001c 006f 001c 001c 001c 001c 001c 001c 001c 001c 001c 001c 0fff 0fff 001c 0160 001c 001c 017c 0fff 0fff 017d
0fff 0182 0182 0182 0fff 0183 0fff 0182 0fff 0161 0161 0163 0fff 008e 0168 0fff 0fff 014c 0fff 0fff 0084 0fff 0fff 0fff 0fff 0fff 0fff 0fff 0fff 0fff 0fff 0fff 00ef 012a 012b 0fff 0071 0072 0073 0fff 0fff 0fff 001c 001c 0fff 0fff 0fff 019a 001c 0042 0096 001c 0fff 001c 001c 001c 001c 001c 001c 001c 001c 001c 001c 001c 001c 001c 001c 001c 001c 001c 001c 0fff 001c 001c 001c 001c 001c 001c 001c 001c 001c 001c 001c 001c 001c 001c 001c 001c 001c 001c 001c 001c 001c 001c 001c 001c 001c 001c 001c 001c 001c 001c 001c 001c 001c 001c 001c 001c 001c 001c 001c 001c 0144 0116 0116 0116 001c 001c 001c 0fff 0fff 0fff
003d 003e 0133 0fff 0fff 0fff 0fff 0fff 0fff 0fff 0fff 0fff 0fff 0fff 0fff 0fff 0fff 0fff 0fff 0fff 0fff 0fff 0fff 0fff 0037 0fff 0fff 0038 01b8 0039 0fff 0fff 0fff 0142 0143 0fff 0026 0098 0099 0fff 001c 0fff 001c 001c 0fff 0fff 0fff 01bf 001c 0096 001d 001c 0fff 001c 001c 001c 001c 001c 001c 001c 001c 001c 001c 00ce 001c 001c 001c 001c 001c 001c 001c 001c 001c 001c 001c 001c 001c 001c 001c 001c 001c 001c 001c 001c 001c 001c 001c 001c 001c 001c 001c 001c 001c 001c 001c 001c 0fff 0fff 0fff 0fff 001c 0fff 0fff 0fff 0fff 0fff 0fff 001c 001c 0fff 0fff 0fff 0fff 0fff 0fff 0fff 0053 001c 001c 0fff 0fff 0fff 0fff 0fff 0fff
0066 0067 0fff 0067 0068 0fff 003d 003e 0133 0fff 0fff 0fff 0fff 008e 0fff 0fff 01e0 0168 0fff 0fff 0fff 0fff 0fff 0fff 005f 0fff 0fff 0060 01e9 0061 0072 0fff 00ef 015d 0123 00b3 00b4 00b5 00b6 0fff 0fff 0fff 001c 001c 001c 001c 001c 001c 001c 001d 0042 0fff 001c 0fff 001c 001c 001c 001c 001c 001c 001c 001c 001c 0fff 0074 001c 001c 001c 001c 001c 001c 001c 001c 001c 0fff 001c 001c 01f1 001c 001c 001c 001c 001c 001c 001c 001c 001c 001c 001c 001c 001c 001c 001c 001c 001c 001c 0fff 0fff 0fff 0fff 001c 0fff 0fff 0fff 0fff 0fff 0fff 001c 001c 0fff 0fff 0fff 01f8 01f9 0fff 0fff 0053 001c 001c 0fff 0fff 0fff 0fff 0fff 0fff
0fff 0fff 0fff 0fff 0fff 0fff 0066 0067 01da 0fff 0fff 0fff 0fff 0fff 0fff 0fff 0fff 0168 0168 01e3 0fff 0fff 0fff 0fff 0fff 0100 00dc 0fff 0fff 008a 0fff 0072 0098 001c 001c 001c 001c 006f 001c 0fff 0fff 0fff 001c 001c 001c 001c 001c 001c 001c 001c 0096 001c 001c 0fff 001c 001c 001c 001c 0fff 0fff 001c 001c 001c 0fff 009a 001c 001c 001c 001c 001c 001c 001c 001c 001c 0fff 001c 001c 0224 001c 001c 001c 001c 001c 001c 001c 001c 001c 001c 001c 001c 001c 001c 001c 001c 001c 001c 0fff 0fff 0fff 0fff 001c 0fff 0fff 0fff 022b 0fff 0fff 001c 001c 004e 0fff 0fff 0fff 0fff 0fff 0fff 0053 001c 001c 0fff 0fff 0fff 0fff 0fff 0fff
020c 0fff 023a 002d 0036 000c 0fff 0fff 0fff 0fff 0fff 0fff 0fff 0fff 0fff 002f 0fff 0243 0168 00ad 01e4 0039 0fff 0fff 0fff 011d 0038 0039 0fff 0fff 0fff 0fff 0fff 001c 001c 001c 001c 001c 001c 0fff 0fff 0fff 001c 001c 0fff 001c 001c 0250 0fff 0042 001d 001c 001c 001c 001c 001c 001c 001c 0fff 0fff 001c 001c 004b 0fff 00b7 001c 001c 001c 001c 001c 001c 001c 001c 001c 001c 001c 001c 001c 001c 001c 001c 001c 001c 001c 001c 001c 001c 001c 001c 001c 001c 001c 001c 001c 001c 001c 0fff 0fff 0fff 0fff 001c 0fff 0fff 0fff 025b 0fff 0fff 001c 001c 0fff 0fff 0fff 0fff 0fff 0fff 0fff 0fff 001c 001c 0fff 0fff 0fff 0fff 0fff 0fff
020c 023a 0fff 0058 005e 0035 0036 01b8 01b7 0fff 0fff 0240 01b8 01b7 0036 002f 0030 0036 003b 0fff 01e4 0061 011b 011c 0fff 0137 0060 0061 01b7 01b7 0fff 0fff 0fff 0fff 006b 001c 001c 001c 001c 00b1 0fff 00cf 0fff 001c 001c 001c 001c 001c 001c 0096 001d 001c 001c 001c 001c 001c 001c 001c 001c 001c 001c 001c 0073 0fff 001c 001c 001c 001c 001c 001c 001c 001c 001c 001c 001c 001c 001c 001c 001c 001c 001c 001c 001c 001c 001c 001c 001c 001c 001c 001c 001c 001c 001c 001c 001c 001c 0fff 0fff 0fff 0fff 001c 0fff 0fff 0fff 0fff 0fff 0fff 001c 001c 0fff 0fff 0fff 0fff 0fff 027f 0fff 0fff 001c 001c 0fff 0fff 0fff 0114 0fff 0fff
008e 008e 0fff 0082 0fff 005d 005e 01e9 01e8 0fff 0fff 0fff 01e9 01e8 005e 002f 0030 005e 0062 0fff 0fff 008a 0135 0136 0fff 0fff 0fff 008a 01e8 01e8 0272 0fff 0fff 0fff 0094 001c 001c 001c 001c 006c 001c 0fff 001c 001c 001c 001c 001c 001c 0fff 001d 001c 001c 001c 001c 0fff 0fff 001c 001c 001c 001c 001c 001c 0299 0fff 001c 001c 001c 0fff 0fff 02a1 02a1 02a1 02a1 02a1 0fff 001c 001c 001c 001c 001c 001c 001c 001c 001c 001c 001c 001c 001c 001c 001c 001c 001c 001c 001c 001c 001c 0fff 027e 027f 0fff 001c 0fff 0fff 0fff 0fff 0fff 0fff 001c 001c 0110 0fff 0fff 0fff 0fff 02a8 0fff 0fff 001c 001c 02b0 001c 029b 001c 0fff
020c 0fff 0fff 0fff 0fff 0fff 0fff 0fff 01e9 0fff 02b9 02b9 01e8 01e9 0fff 021a 0fff 0fff 008d 01e4 018d 0fff 0fff 0fff 0fff 0fff 0248 0fff 01e9 01e9 0fff 0fff 0fff 001c 001c 001c 0fff 0fff 001c 024e 0fff 001c 001c 001c 0fff 001c 001c 001c 001c 0096 001c 001c 001c 001c 001c 001c 001c 001c 001c 001c 001c 001c 02c5 0fff 001c 001c 0fff 0fff 02cc 02cc 02cc 02cc 02cc 02cc 001c 001c 001c 001c 001c 001c 001c 001c 001c 001c 001c 001c 001c 001c 001c 001c 001c 001c 001c 001c 001c 001c 0fff 0fff 02a8 0fff 001c 0fff 02d0 02d0
0fff 0fff 0fff 0fff 0fff 0fff 00ad 0fff 01e8 02b9 02b9 02b9 01e9 01e8 0fff 008e 0fff 0fff 0fff 0fff 01b6 0037 01b8 01b7 01b8 01b7 01b8 0058 01e8 01e8 0fff 0fff 001c 0fff 001c 001c 0fff 0fff 0fff 0fff 0fff 02e4 0fff 0fff 0fff 001c 001c 001c 0140 001d 001c 001c 001c 001c 001c 001c 001c 001c 001c 0fff 001c 001c 00b7 02df
02d2 0fff 0fff 00ad 0fff 020c 00fb 8fff 81e9 02b9 02b9 c2b9 c1e8 c1e9 c00a 008e 0fff 0fff 0fff 008e 01e7 005f 01e9 01e8 01e9 01e8 01e9 0082 0fff 0219 006f 00cd 00ce 0fff 0274 001c 001c 0fff 02f2 02f2 02f2 02f2 02f2 02f2 001c 001c 001c 0140 0fff 0fff 0fff 001c 001c 001c 001c 001c 001c 001c 0fff 0fff 001c 001c 004b 02f1 001c 001c 001c 001c 001c 001c 001c 001c 001c 001c 001c 001c 001c 001c 001c 02f4
cfff cfff c249 c02d 0fff 823a 00ad 82d7 c1e8 c2b9 c2b9 c2b9 c1e9 c1e8 cfff 008e 0fff 0fff 00ac 008e 0fff 0fff 01e8 01e9 01e8 01e9 01e8 018d 008e 008e 00ee 00ef 00f0 0fff 001c 001c 0fff 0fff 0302 0302 0302 0302 0302 0302 0fff 001c 001c 0fff 0fff 0fff 0fff 001c 0274 001c 001c 001c 001c 001c 0fff 0fff 001c 001c 0073 0074 001c 001c 0301 0fff 0fff 0fff 0fff 030d 0fff 0fff 0303 001c 001c 001c 0fff 0306 0307 001c 001c 001c 001c 001c 001c 001c 001c 001c 001c 001c 001c 001c 001c 001c 001c 001c 001c 001c 001c 001c 001c 001c 001c 001c 001c 004f 004f 004f 0053
c036 c038 c036 c058 cfff 820c 023a 82ec c1e9 c2b9 c2b9 c2b9 c1e8 01e9 0fff 008e 02fc 0039 02fc 0fff 0fff 0081 01e9 01e8 01e9 01e8 01e9 01b6 0fff 0fff 0022 0023 0024 0105 001c 001c 0fff 0095 001c 001c 001c 001c 001c 015b 0fff 001c 001c 0fff 0fff 0fff 0fff 001c 0fff 001c 001c 001c 0221 0222 0fff 0fff 001c 0fff 0099 009a 001c 001c 001c 001c 001c 001c 001c 0fff 001c 001c 001c 001c 001c 001c 0fff 0fff 0fff 001c 001c 001c 001c 001c 001c 001c 001c 001c 001c 001c 001c 001c 001c 001c 001c 001c 001c 001c 001c 001c 001c 001c 001c 001c 004e 004f 004f 004f 0050 0051 0052 02b0
005e 0060 005e 0082 0fff 023a 00ad 02d7 01e8 c2b9 c2b9 c2b9 c1e9 81e8 c18d c08e c0ad c061 0fff 0fff 0fff 0083 0fff 0fff 0fff 0fff 0fff 01e7 0fff 0fff 0122 0045 0046 0123 001c 001c 001c 001c 001c 001c 001c 001c 001c 00cf 001c 001c 001c 001c 0fff 0fff 0fff 001c 0fff 001c 001c 001c 0252 0253 001c 0fff 001c 00b5 00b6 00b7 001c 001c 001c 001c 0fff 0fff 0fff 0fff 0fff 001c 001c 001c 001c 001c 001c 001c 001c 001c 001c 001c 001c 001c 001c 001c 001c 001c 001c 001c 001c 001c 001c 001c 001c 001c 001c 001c 001c 001c 001c 001c 001c 001c 004e 0076 0077 0078 0079 0fff 0fff
012d 00e3 00e3 0fff 0fff 023a 00fb 0fff 0fff 02b9 02b9 02b9 8fff 8fff cfff 8fff 8fff c08a 01b6 0037 0058 00a4 0fff 0fff 0fff 0fff 0fff 0fff 0fff 034a 001c 006f 001c 001c 001c 001c 001c 001c 0fff 0fff 0fff 034d 0fff 0fff 001c 001c 001c 001c 001c 001c 001c 001c 001c 001c 001c 001c 001c 0042 0fff 0fff 001c 006f 001c 001c 001c 001c 001c 001c 0fff 0fff 0fff 0fff 0fff 001c 001c 001c 001c 001c 001c 001c 001c 001c 001c 001c 001c 001c 001c 001c 001c 001c 001c 001c 001c 001c 001c 001c 001c 001c 001c 001c 001c 001c 001c 001c 001c 001c 004e 009b 009c 009d 009e 0fff 0fff
0036 0fff 0036 01b8 0fff 0fff 002d 0fff 0161 0182 0fff 0182 0161 023a cfff 8fff 8fff c08e 01e7 005f 0082 cfff 008e 008e 008e 008e 0361 023a 0fff 023a 001c 001c 001c 001c 001c 001c 001c 001c 0fff 0fff 0fff 0365 0fff 0094 001c 001c 001c 001c 001c 001c 001c 001c 001c 001c 001c 001c 001c 0096 0027 0028 001c 001c 001c 001c 001c 001c 001c 001c 0fff 0fff 0fff 0fff 0fff 001c 001c 001c 001c 001c 001c 001c 001c 001c 001c 001c 001c 001c 001c 001c 001c 001c 001c 001c 001c 001c 001c 001c 001c 001c 001c 001c 001c 001c 001c 001c 001c 001c 00b8 00b9 00ba 00bb 00bc 0fff 0fff
005e 0fff 005e 0fff 0fff 01b8 0058 0fff 0fff 0fff 0fff 023f 0fff 8fff c35f 818d 8242 c242 808e 021a 0fff 008e 008e cfff 02fc 008e 00cb 023a 0fff 0fff 006b 001c 001c 001c 001c 001c 001c 001c 001c 0fff 0fff 0fff 001c 001c 001c 001c 001c 001c 001c 001c 001c 001c 001c 001c 001c 001c 001c 0042 004c 004d 001c 001c 001c 001c 001c 001c 001c 001c 029b 001c 001c 001c 001c 001c 001c 001c 001c 001c 001c 001c 001c 001c 001c 001c 0050 0051 0052 001c 001c 001c 001c 001c 001c 001c 001c 001c 001c 001c 001c 001c 001c 001c 001c 001c 001c 001c 00d0 00d1 00d2 00d3 0fff 0fff 0fff
0fff 0382 0fff 0fff 0fff 01e9 0fff 0372 0fff 0fff 0fff 0fff 0fff 8fff 435f 4342 41b8 41b7 818d 0018 0018 034a 0379 008e 008e 034a 034a 023a 0fff 0fff 0094 001c 001c 001c 001c 001c 001c 001c 001c 001c 001c 001c 001c 001c 001c 001c 001c 001c 001c 001c 001c 001c 001c 001c 001c 001c 001c 0096 0fff 0075 001c 001c 001c 001c 001c 001c 001c 001c 001c 001c 001c 001c 001c 001c 001c 001c 001c 001c 001c 001c 0fff 0fff 0fff 0fff 0079 033a 033b 001c 001c 001c 001c 001c 001c 001c 001c 001c 001c 001c 001c 001c 001c 001c 001c 001c 001c 001c 004e 00f3 00f4 0fff 0fff 0fff 0fff
0fff 0fff 0fff 0fff 0fff 02b8 0fff 035d 0fff 0fff 0fff 0fff 0fff 80ad 8fff 435f 41e9 81e8 8fff 0fff 008e 0fff 0fff 008e 008e 023a 0fff 0fff 011a 0fff 0fff 03ab 001c 001c 001c 0095 001c 001c 0fff 0fff 0fff 0fff 0fff 0221 0222 001c 001c 01ef 001c 001c 001c 001c 001c 001c 001c 001c 001c 001d 0042 0fff 0fff 0fff 001c 001c 001c 001c 001c 001c 001c 001c 001c 001c 001c 001c 001c 001c 001c 001c 001c 001c 0fff 009c 0fff 0fff 009e 0358 0359 001c 001c 001c 001c 001c 001c 001c 001c 001c 001c 001c 001c 001c 001c 001c 001c 001c 001c 001c 004e 004f 004f 0fff 0fff 0114 0115
0fff 0fff 0fff 0fff 8fff 02d7 039d 035d 00fb 0fff 0fff 0fff 0fff 008e 01e7 835f 81e8 0fff 008d 0fff 008e 0fff 0fff 008e 008e 023a 0fff 0fff 0134 0fff 0fff 03c9 0fff 001c 001c 0fff 001c 001c 001c 001c 001c 0fff 0fff 0fff 0fff 001c 001c 0220 001c 001c 001c 001c 001c 001c 001c 001c 001c 001c 0096 0027 0fff 0fff 0fff 001c 001c 001c 001c 001c 001c 001c 001c 001c 001c 001c 001c 001c 001c 001c 001c 00b8 00b9 0fff 0fff 0fff 00bc 036d 036e 001c 001c 001c 001c 001c 001c 001c 001c 001c 001c 001c 001c 001c 001c 001c 001c 001c 001c 001c 019f 01a0 0116 0116 0116 0116 01a1
0fff 0fff 00ad cfff 8fff 82ec c39d 0fff 00ad 0fff 0fff 0fff 0121 008e c0ad 835f 01e9 0fff 00df 83a5 008e 008e 0379 008e 0379 008e 0fff 0fff 026f 0fff 0fff 0072 0fff 001c 001c 0fff 001c 001c 001c 0fff 02cb 0199 0310 0306 0307 001c 0042 001c 0042 001c 001c 001c 001c 001c 001c 001c 001c 001c 001d 004c 0fff 0072 0fff 0074 001c 001c 001c 001c 001c 001c 001c 001c 001c 001c 001c 001c 001c 001c 001c 00d0 00d1 0fff 0fff 0fff 00d4 00d5 0381 001c 001c 001c 001c 001c 001c 001c 001c 001c 001c 001c 001c 001c 001c 001c 001c 001c 001c 004e 01d4 01d5 0fff 0fff 0fff 01d8 01d9
03d6 0fff 00fb c311 80ad 82d7 c082 0378 0fff 0fff 0fff 0fff 0fff 0fff cfff 83a3 01e8 03a5 cfff 43a5 0379 008e 01ac 0379 008e 008e 03df 03c7 0fff 0fff 0fff 0098 0099 001c 001c 001c 001c 001c 0fff 001c 0fff 0199 0322 0323 0324 001c 0096 001c 0096 001c 00f3 00f4 0fff 001c 0fff 0fff 001c 001c 0042 001c 001c 0098 0099 009a 001c 001c 001c 001c 0fff 001c 001c 001c 001c 001c 001c 001c 001c 001c 001c 001c 0fff 0fff 0fff 0394 0fff 0fff 0397 001c 001c 001c 001c 001c 001c 001c 001c 001c 001c 001c 001c 001c 001c 001c 001c 001c 001c 004e 0201 0202 0fff 0fff 0fff 0205 0206
0fff 0fff 0fff c2fa 80fb 833e 4fff 80fb 8fff 8fff 8fff 8fff 8fff 8fff 4fff 81e7 01e9 cfff cfff 43c3 0fff 0fff 0fff 0fff 008e 0379 0fff 0fff 0212 03c3 0fff 00b5 0fff 001c 001c 001c 001c 001c 0fff 001c 001c 0fff 0fff 0fff 0fff 001c 001d 001c 0042 001c 001c 001c 001c 03b7 0fff 0114 0115 001c 0096 001c 004a 004b 00b6 00b7 001c 001c 001c 001c 0fff 001c 001c 001c 001c 001c 001c 001c 001c 001c 001c 001c 001c 001c 001c 0fff 0fff 001c 0fff 001c 001c 001c 001c 001c 001c 001c 001c 001c 001c 001c 001c 001c 001c 001c 001c 001c 001c 004e 0234 0235 0fff 0fff 0fff 0238 0239
0fff 0fff 002d c311 c08e 835d 808e 83ef 8161 840d 823f 8fff 8139 8379 808e 8379 0fff c08e 40ad 438d 00a8 00a8 008e 0379 008e 023a 023a 023a 0fff 03a5 0072 006f 0fff 001c 001c 03ca 001c 03fa 001c 0fff 001c 0199 001c 0fff 0fff 0fff 0140 001c 0096 001c 001c 001c 001c 001c 0fff 0fff 001c 001c 001d 001c 0072 0073 0074 001c 001c 001c 001c 03ff 001c 001c 001c 001c 001c 001c 001c 001c 001c 001c 001c 001c 001c 001c 001c 001c 001c 001c 001c 001c 001c 001c 001c 001c 001c 001c 001c 001c 001c 001c 001c 001c 001c 001c 001c 001c 001c 004e 0266 0267 0fff 0fff 0fff 0fff 0fff
0fff 011c 0058 c2fa c08e 8fff 4fff 040c 0fff 040d 0fff 0fff 00cb 008e 4379 8fff 008e 4fff 8fff 811a 01b8 035b 0fff 0fff 0fff 0fff 0fff 0fff 02d6 0fff 0098 001c 001c 0fff 001c 001c 001c 0fff 0fff 001c 0fff 0fff 0fff 001c 001c 001c 001c 001c 001d 001c 001c 001c 001c 001c 001c 0fff 001c 001c 0140 0fff 0098 0099 009a 001c 001c 001c 001c 0423 001c 001c 001c 001c 0fff 001c 001c 001c 001c 001c 001c 001c 001c 001c 001c 001c 001c 001c 001c 001c 001c 001c 001c 001c 001c 001c 001c 001c 001c 001c 001c 001c 001c 001c 001c 001c 001c 004e 0289 028a 0fff 0fff 0fff 0fff 0fff
0060 0136 0082 cfff 8fff 8fff 8fff 0161 038a 038a 0fff 0fff 03a5 008e 0fff 8fff 0fff 808e 808e 8134 8370 0371 0fff 035a 011d 035a 0036 038d 0363 023a 00b5 001c 001c 044b 001c 001c 001c 001c 0fff 0fff 001c 0fff 001c 001c 001c 001c 001c 001c 001c 001c 001c 001c 001c 001c 001c 001c 001c 0fff 03c9 0352 00b5 00b6 00b7 001c 001c 001c 001c 001c 001c 001c 001c 0fff 0fff 0391 0392 0fff 007c 007d 001c 001c 001c 001c 001c 001c 001c 001c 001c 001c 0351 001c 001c 001c 001c 001c 001c 001c 001c 001c 001c 001c 001c 001c 001c 001c 001c 001c 0110 0fff 02a1 0fff
0fff 0fff 8fff 8fff 8fff 802d 835d 0376 0fff 045d 0fff 0fff 0363 0379 023a 0379 008e 0fff 8fff 80ad 8384 0fff 0fff 036f 0137 036f 005e 011a 03c3 0018 006f 001c 001c 001c 001c 001c 001c 0095 001c 041e 0fff 0fff 001c 001c 001c 001c 001c 001c 001c 001c 001c 001c 001c 01ef 001c 006b 001c 001c 0fff 0028 001c 001c 001c 001c 001c 001c 001c 001c 001c 001c 001c 001c 0fff 009c 03b5 0fff 00a1 00a2 001c 001c 001c 001c 001c 001c 001c 001c 001c 001c 0027 001c 001c 001c 001c 001c 001c 001c 001c 001c 001c 001c 001c 001c 001c 001c 0144 0116 0116 0116 0fff 0fff 0fff
8fff 8fff 8fff 0fff 035a 8058 035d 0fff 038a 0fff 0fff 008e 03c3 0fff 0fff 0fff 0fff 03df 0fff 0fff 0fff 8fff 0fff 028f 0fff 0fff 0fff 0134 0fff 0fff 001c 001c 001c 001c 001c 001c 001c 0095 0fff 001c 0fff 0fff 001c 001c 001c 001c 001c 001c 001c 001c 001c 001c 001c 0220 001c 0094 001c 0042 004c 004d 001c 001c 001c 001c 001c 001c 001c 001c 001c 001c 001c 00b8 00b9 03d3 03d4 0fff 0fff 0fff 00c1 001c 001c 001c 001c 001c 001c 001c 001c 001c 001c 0452 001c 001c 001c 001c 001c 001c 001c 001c 001c 001c 001c 001c 001c 001c 004e 004f 004f 01c3 0fff 0fff 0fff
811a 835a 8fff 0fff 036f 039d 045c 0fff 0fff 0472 0473 008e 0379 0fff 0fff 0fff 0fff 0fff 848b 8fff cfff 8fff 8fff 8fff 8fff 8349 8fff 8fff 0fff 0fff 001c 001c 001c 001c 001c 001c 001c 001c 001c 0fff 0fff 0140 001c 001c 001c 0fff 0fff 001c 001c 001c 001c 001c 001c 001c 001c 001c 001c 0096 001c 0075 001c 001c 001c 001c 001c 001c 001c 001c 001c 001c 001c 00d0 00d1 03e8 03e9 0fff 0fff 0fff 00d9 001c 0050 0051 0052 001c 001c 001c 001c 001c 0351 0352 001c 001c 001c 001c 001c 001c 001c 001c 001c 001c 001c 001c 001c 001c 004e 0fff 0fff 0fff 0fff 0fff 0fff
c134 c36f 8fff 8fff 8fff 039d 03da 04a0 0472 0fff 0fff 0fff 0fff 0fff 0379 008e 0379 0419 8fff cfff cfff cfff cfff cfff cfff cfff c361 8fff 03f8 04b0 001c 001c 001c 001c 001c 001c 001c 0095 001c 044f 0140 001c 00f3 00f4 03fc 0fff 0114 0115 001c 001c 001c 001c 001c 001c 001c 001c 001c 0fff 0fff 0fff 001c 001c 001c 001c 001c 001c 001c 001c 001c 001c 001c 001c 0400 0fff 0402 0fff 001c 0276 001c 0fff 0fff 007a 0fff 0469 007c 007d 001c 001c 0027 0028 001c 001c 001c 001c 001c 001c 001c 001c 001c 001c 001c 001c 001c 001c 004e 0fff 01fe 0fff 0fff 0227 0228
cfff cfff cfff cfff 80ad 0fff 0fff 03a0 0fff 0fff 0fff 0fff 0fff 0fff 0445 0fff 8fff 8fff 8fff cfff cfff cfff cfff cfff cfff cfff cfff 81e3 03e1 0fff 001c 03ab 001c 001c 001c 001c 001c 0463 001c 0fff 001c 001c 001c 001c 001c 001c 0fff 0fff 001c 401c 401c 401c 401c 401c 401c 401c 001c 001d 004c 004d 03ab 001c 001c 001c 001c 0fff 001c 001c 001c 001c 001c 001c 001c 001c 001c 001c 001c 001c 001c 0fff 0fff 009f 0fff 047c 0fff 0fff 001c 001c 001c 001c 001c 001c 001c 001c 001c 001c 001c 001c 001c 001c 001c 001c 001c 001c 004e 022e 022f 0fff 0256 0257 0258
cfff cfff cfff cfff 8fff 035d 00fb 020d 0fff 0fff 018d 0fff 0482 0483 0462 038d 834a 84a7 84a8 c4ed cfff cfff cfff cfff cfff cfff c48b 808e 03f8 04b0 0fff 0fff 02df 001c 001c 001c 001c 0430 03fb 0096 001c 001c 001c 001c 001c 001c 0fff 001c 001c 401c 401c 401c 4fff 401c 401c 401c 001c 0042 001c 0075 004a 004b 02df 001c 001c 001c 001c 001c 001c 001c 001c 001c 001c 001c 001c 001c 001c 001c 001c 0fff 0fff 0fff 0fff 0fff 0fff 0fff 00c1 001c 001c 001c 001c 001c 001c 001c 001c 001c 001c 001c 001c 001c 001c 001c 001c 001c 025e 025f 0260 0fff 0fff 0fff 027b
cfff c065 c0fb cfff 8fff 035d 0fff 04a0 0fff 0472 0342 01b7 049e 049f 0477 011a 8363 84c7 84c8 c4ed cfff cfff cfff cfff c1b2 c50b c48b 8fff 038d cfff 0072 0fff 02f1 0274 001c 001c 001c 041e 0464 0096 001c 001c 001c 001c 001c 001c 001c 001c 001c 401c 401c 4fff 401c 401c 4fff 401c 001c 0fff 001c 001c 001c 0fff 0fff 0198 044b 001c 029b 006c 001c 001c 001c 001c 001c 001c 0fff 0fff 00cd 0fff 0fff 0fff 0fff 0fff 0fff 0fff 0fff 00d8 00d9 001c 001c 001c 001c 001c 001c 001c 001c 001c 001c 001c 001c 001c 001c 001c 001c 001c 0282 0fff 0fff 0fff 0fff 027f 02a4
cfff c08e c08e 8fff 4fff 035d 0fff 04a0 0fff 0fff 035f 01e8 0fff 04bf 0fff 0134 83c3 8fff 84ec 84ed c08e c08e c541 cfff cfff 8fff c4c6 80ad 011a cfff 0098 0099 009a 0fff 001c 001c 03fa 001c 0463 044f 001c 001c 001c 001c 001c 001c 001c 001c 001c 401c 43fd 43fe 401c 4fff 4fff 40fa 001c 0042 001c 001c 001c 001c 001c 0095 001c 001c 0fff 006c 001c 001c 001c 001c 001c 001c 0fff 0fff 00ef 0fff 0fff 0fff 0fff 0fff 0fff 001c 0fff 001c 001c 001c 001c 001c 001c 001c 001c 001c 001c 001c 001c 001c 001c 001c 001c 001c 001c 001c 0110 02ab 02ac 0fff 0fff 02a8 02cf
c03e c03e 0fff 4fff 851c 4fff 0fff 04a0 0472 04e2 03a3 01e9 81e8 8fff 834a 8fff 808e 84a7 8506 8fff 408e 4fff 4fff cfff cfff 8fff c08e 8fff 0134 cfff 00b5 041c 00b7 0fff 001c 001c 0fff 001c 001c 0528 001c 001c 044f 001c 001c 0140 0fff 001c 001c 03b7 0422 0114 0115 001c 0fff 001c 001c 001c 001c 001c 001c 001c 001c 0095 001c 001c 001c 001c 001c 001c 001c 001c 001c 001c 0021 0022 0023 0024 0105 0fff 0425 001c 0fff 001c 001c 0433 0433 0140
c067 cfff 0fff 853a 853b 835d 0fff 0fff 053d 0472 01e7 81e8 81e9 8363 808e 8fff 8494 8fff 8fff 0242 433d 4fff 4fff 408e 408e 4fff 4fff 8fff 8fff 0fff 006f 001c 0fff 0fff 001c 02c6 001c 0fff 001c 0fff 001c 001c 001c 02c9 0042 0fff 0fff 001c 001c 001c 001c 0451 001c 001c 001c 001c 001c 001c 001c 001c 001c 001c 001c 001c 001c 024e 001c 001c 001c 001c 001c 001c 001c 001c 0fff 0fff 0045 0fff 0fff 001c 001c 001c 001c 001c 0140 0fff 03c9 03c9
c090 cfff 8058 8fff 8fff 0fff 00fb 04a0 0472 0472 0363 842d 842d 8fff c08e c38d cfff cfff 8fff 8482 0483 0545 4fff 4fff 4363 4fff 4fff 80df cfff 0fff 0fff 001c 001c 0333 001c 02e0 02e1 02e2 02e3 02e4 02e4 02e5 02e6 02e7 0fff 0fff 0fff 0593 0fff c01c c01c c01c c01c c01c c01c c01c 001c 001c 001c 001c 001c 001c 0095 001c 001c 001c 001c 001c 001c 001c 001c 001c 001c 001c 001c 001c 006f 001c 001c 001c 001c 001c 001c 0fff 0fff 0fff 0fff 0fff
0fff 0fff 8082 0fff 0fff 0fff 043d 04a0 053d 0fff 0363 808e 808e cfff c0ad c11a c35a c545 c35a 849e 849f 8562 8fff 8363 838d 8fff 8fff cfff c0df 0fff 0094 001c 001c 001c 001c 001c 02f2 02f2 02f2 02f2 02f2 02f2 02f2 001c 001c 001c 001c 001c 001c c01c c01c c01c c01c 401d 401c c01c 001c 001c 001c 001c 001c 001c 001c 001c 001c 001c 001c 001c 001c 001c 001c 001c 001c 001c 001c 001c 001c 001c 001c 001c 001c 001c 001c 001c 001c 001c 0fff 0fff 0fff
0fff cfff 8fff 8fff 008e 00fb 035d 04a0 0472 053d 0fff 8fff 8fff cfff cfff c134 836f c562 c36f 853f c4bf cfff cfff 8fff 811a 838d 8fff 8fff 05b5 0fff 0221 0222 02df 001c 001c 001c 0302 0302 0302 0302 0302 0302 0302 001c 001c 001c 001c 001c 001c c01c c01c c01c c01c 401d 401c c01c 001c 001c 001c 001c 001c 001c 02df 001c 001c 0301 030a 030b 030c 030d 030d 030e 030f 0303 001c 001c 001c 001c 001c 001c 001c 001c 001c 001c 001c 0fff 0fff 0272 0fff 0fff
cfff cfff c0ad 8fff 808e 00ad 0fff 0fff 05c0 05c0 8fff 8fff 8fff cfff cfff c34a 821a 8fff 8492 cfff cfff c34a cfff c3c3 c134 c11a 8036 8545 035a 035a 0fff 0fff 0fff 031d 001c 0317 001c 0fff 001c 0fff 001c 001c 0fff 0318 001c 001c 001c 001c 001c c01c c01c c01c c042 c01c c01c c01c 001c 001c 001c 001c 00cc 00cd 0fff 001c 001c 001c 001c 001c 001c 001c 001c 001c 001c 001c 001c 001c 001c 001c 001c 001c 001c 001c 001c 001c 001c 0fff 0fff 02c3 0fff 029f
cfff cfff c02d 8fff 808e 0441 035d 04a0 04e2 0fff 8fff 8fff 4fff 4fff 4fff 45b5 4fff 45b5 8fff c5b5 c08e c08e c23a c363 c55a c134 805e 8562 036f 036f 00ee 00ef 0fff 0fff 001c 001c 02df 0fff 001c 001c 0fff 001c 0fff 001c 001c 001c 001c 001c 001c c01c c01c 801c c19d c01c c01c c01c 001c 001c 001c 001c 00ee 00ef 05df 001c 001c 001c 001c 001c 001c 001c 0fff 001c 001c 001c 001c 001c 001c 001c 001c 001c 001c 001c 001c 001c 001c 0fff 0fff 02dd 0fff 02ca
c35a c545 c058 8fff 8fff 0fff 0fff 04a0 0fff 0182 8fff 8363 0fff 0fff 8fff 035a 8545 835a 8036 c35a c38d c08e c523 c38d c5b5 cfff 812d 8fff 05f2 0fff 0022 0023 0024 0105 001c 001c 001c 0430 001c 0463 0096 001c 006b 001c 001c 001c 001c 001c 001c 001c 001c 001c 0fff 001c 001c 001c 001c 0049 001c 001c 0022 0023 0024 0105 001c 001c 001c 001c 001c 001c 017e 001c 001c 001c 001c 001c 001c 001c 001c 001c 001c 001c 001c 001c 001c 001c 001c 0fff 004a 004b
c36f c562 cfff 4fff 4fff 4fff 002d 04a0 0fff 0182 0fff 0fff 0fff 8fff cfff c36f 0562 836f 805e c36f c11a c3c3 c523 c11a 4036 c545 835a 858a 0fff 05b5 0044 0045 0fff 0fff 001c 001c 001c 0fff 001c 041e 0fff 0fff 0094 001c 001c 001c 001c 001c 001c 006b 001c 001c 001d 001c 001c 001c 001c 0fff 001c 001c 0fff 0fff 0fff 0602 001c 001c 001c 001c 0049 004a 004b 0fff 001c 001c 001c 001c 001c 001c 001c 001c 001c 001c 001c 001c 001c 001c 0070 0071 0072 0073
cfff cfff cfff 8fff 8482 c483 0058 0fff 0fff 05ec 0182 0fff 0fff c612 8612 cfff c5c6 c21b c5c6 c21a c134 8363 c23a c134 405e c562 836f 85a1 0545 035a 001c 006f 0072 0fff 0074 001c 001c 0fff 0fff 001c 03e5 0fff 001c 001c 0fff 001c 02cb 0fff 02a2 4094 401c 401c 401c 401c 401c 401c 001c 001c 001c 001c 0049 0071 001c 001c 001c 001c 001c 0070 0071 0072 0073 0fff 0fff 0fff 0fff 02a2 001c 001c 001c 001c 001c 001c 001c 001c 001c 001c 0097 0026 0098 0099
c35a c545 835a 835a 849e 849f 0082 0fff 04a0 0fff 0182 0fff 0161 c161 cfff cfff c08e c08e c08e c08e c523 858a cfff 4fff 4fff 421a 821a 85b3 0562 036f 0071 0fff 0098 0099 009a 001c 001c 001c 001c 03cc 0495 0463 001c 001c 0199 0fff 0fff 0fff 0fff 42a2 401c 401c 401c 401c 401c 401c 001c 0fff 001c 001c 0071 001c 0073 0074 001c 001c 001c 0097 0026 0098 0099 009a 001c 001c 017e 0fff 001c 001c 001c 001c 001c 001c 001c 001c 001c 00cc 0fff 0fff 00b5 00b6
436f 4562 836f 836f 8fff 44bf 8139 80ad 84a0 85fa 8182 8fff 81a8 4fff c1aa 800a cfff 83f4 856f 4fff 4633 45a1 435a 41b8 835b 8fff 85b6 0fff 00e3 0fff 0072 0fff 0099 041c 00b7 0fff 02f4 02f5 0fff 0639 0fff 0fff 001c 001c 0fff 0fff 0fff 0fff 0fff 4fff 401c 401c 401c 401c 401c 401c 001c 001c 006f 001c 05a6 05a7 0fff 009a 001c 001c 001c 00b3 00b4 00b5 00b6 00b7 001c 001c 001c 0310 0fff 0fff 0fff 0fff 001c 001c 001c 001c 00ed 00ee 00ef 00f0 00f1
0576 0576 cfff 8fff 8fff 8576 808e 808e 8066 8067 82e9 8fff 81dc 81dd 81de 800a cfff 8fff 8fff 856f 008e 05b3 036f 8370 8371 035a 0545 035a 0036 0036 0098 0fff 0fff 001c 001c 0310 0306 0307 001c 006f 001c 0fff 03e5 0fff 0fff 031a 0fff 0fff 0fff 4fff 401c 401c 401c 401c 401c 401c 001c 001c 001c 001c 05b9 001c 05ba 0fff 001c 001c 001c 001c 001c 001c 001c 001c 001c 001c 001c 0322 0fff 0fff 0fff 0fff 001c 001c 001c 001c 0021 0022 0023 0024 0105
82d2 82e9 c2ea 8091 808e 4449 0313 056f 008f 0090 0091 0fff 023e 423f 8240 0fff 0411 0fff 0411 0412 008e 008e 0fff 8384 0476 036f 0562 036f 005e 005e 00b5 02c3 001c 001c 001c 0322 0323 0324 001c 001c 0221 0222 0fff 0fff 0199 0fff 0331 001c 0331 4fff 401c 401c 401c 401c 401c 401c 001c 001c 001c 001c 05d2 001c 05d3 029f 001c 001c 001c 001c 001c 001c 001c 001c 001c 001c 001c 001c 001c 001c 001c 001c 001c 001c 001c 001c 0043 0044 0045 0601 0123
cfff cfff cfff 8243 8243 8fff 0fff 0fff 0242 0fff 0242 0fff 026d 026e 0240 0fff 0242 066a 0242 008e 008e 008e 0242 8fff 0fff 012d 00e3 00e3 0fff 0fff 006f 02dd 001c 001c 001c 0fff 0420 0421 001c 001c 0252 0253 001c 041e 0fff 001c 001c 001c 001c 001c 001c 001c 001c 001c 001c 001c 001c 001c 0fff 0fff 05e6 001c 05e7 02ca 001c 001c 001c 001c 001c 001c 001c 001c 001c 001c 001c 001c 001c 001c 001c 001c 001c 001c 001c 001c 001c 001c 006f
c42b c42b cfff 8482 8483 81b8 81b7 01b8 01b7 0fff 01b7 01b8 0290 0291 0292 81b8 81b7 c676 81b7 818d 0242 0fff 0482 0483 01b8 01b7 01b8 0036 0037 0036 001c 05f5 02cb 001c 001c 001c 001c 001c 001c 001c 001c 001c 0fff 001c 0fff 001c 001c 001c 001c 001c 001c 001c 001c 001c 001c 001c 001c 02cb 0fff 0306
c1b8 c1b8 c1b7 c49e 849f 81e9 0fff 01e9 01e8 01e9 01e8 01e9 02b9 02b9 02b9 81e9 c67b c1e9 c1e8 8342 81b8 01b7 049e 049f 81e9 01e8 01e9 005e 005f 005e 004b 001c 001c 001c 001c 001c 001c 001c 001c 001c 001c 001c 001c 001c 001c 001c 001c 001c 001c 001c 001c 001c 001c 001c 001c 001c 001c 0fff 0fff 0323
c1e9 c1e9 c1e8 cfff 04bf 0fff 8fff 81e8 01e9 067b 01e9 067b 02b9 02b9 02b9 c1e8 c680 c67b c1e9 c35f 81e9 01e8 067e 04bf 867f c1e9 c1e8 cfff cfff 0fff 0614 0074 001c 001c 001c 001c 001c 001c 001c 001c 001c 001c 001c 001c 001c 001c 001c 001c 001c 001c 001c 001c 001c 001c 001c 001c 044f 0fff 0fff 0420
c5c6 cfff cfff c1e8 c67e c49e c67f c1e9 867b 0680 81e8 8680 02b9 02b9 02b9 c1e9 c1e8 c680 c1e8 c35f 867b 01e9 01e8 067e 849e c67f c1e9 c16e cfff cfff 0099 009a 001c 001c 001c 001c 001c 001c 001c 001c 001c 001c 001c 001c 001c 001c 001c 001c 001c 001c 001c 001c 001c 001c 001c 001c 0042 063d 0fff 0641 001c 001c 001c 001c 001c 001c 001c 001c 001c 001c 001c 001c 0fff
cfff cfff c2ec c1e9 c1e8 c67e c49e c67f 8680 81e8 81e9 867b 02b9 02b9 02b9 c67b c1e9 81e8 c1e9 c35f 8680 067b 81e9 067b 067e c49e cfff c00a cfff 0fff 041c 00b7 001c 001c 001c 001c 001c 001c 001c 001c 001c 001c 001c 001c 001c 001c 001c 001c 001c 001c 001c 001c 001c 001c 001c 001c 0096 031a 0fff 0fff 001c 001c 001c 0fff 0619 0fff 001c 001c 001c 001c 001c 001c 0fff 0fff 0fff 0fff
c2e9 cfff cfff c2b8 81e9 c1e8 c67e c49e 867f 81e9 81e8 8680 02b9 02b9 02b9 8680 81e8 81e9 81e8 83a3 81e8 0680 81e8 8680 c1e8 cfff c0ad c18d cfff 0fff 001c 001c 001c 001c 001c 001c 001c 001c 001c 001c 001c 001c 001c 001c 001c 001c 001c 01ef 001c 001c 001c 001c 001c 001c 044f 001c 001d 0fff 0331 0663 001c 001c 001c 063d 068a 0641 001c 001c 001c 001c 001c 0fff 0fff 0fff 0fff 0fff 0698 001c 0453
cfff c02d cfff 02d7 01e8 01e9 01e8 067e 049e 8fff 033f 0340 02b9 02b9 02b9 0340 033f 0fff 021a 01e7 01e9 01e8 01e9 01e8 01e9 0fff 043c 01b6 0fff 0fff 001c 001c 001c 001c 001c 0221 0222 001c 001c 001c 001c 0fff 0fff 0fff 06ac 0fff 044f 0220 001c 001c 001c 001c 001c 001c 0042 001c 001d 015b 001e 0fff 001c 001c 001c 031a 0691 0656 001c 001c 001c 001c 0fff 0fff 0fff 0fff 0fff 0fff 0fff 0467 0468 0391 0392 0469 007c 007d
00ad 0058 00a3 cfff 0fff 8fff 8fff 8fff 821a 8fff 0161 0161 0182 035e 0182 0161 0161 0622 008e 008e 021a 0fff 021a 0fff 0fff 0fff 0fff 01e7 018d 0fff 006b 001c 001c 001c 0331 0252 0253 001c 001c 001c 001c 0364 0fff 0fff 0fff 0367 0199 001c 001c 0fff 050e 062c 001c 001c 0042 001c 001c 00cf 001c 001c 001c 001c 001c 001c 001c 001c 001c 001c 001c 001c 001c 0fff 0fff 0fff 0fff 0fff 0fff 001c 047b 009c 03b5 047c 00a1 00a2
00fb 0082 0fff 42fa 4fff 8fff 8fff 8fff 81e2 823a 8fff 0373 0374 0375 023f 0376 0fff 008e 008e 008e 008e 008e 008e 0fff 0fff 000a 0fff 0fff 01b6 000a 0094 0fff 001c 01ef 001c 001c 001c 001c 001c 001c 0650 001c 037c 037d 037e 0fff 04b2 001c 001c 001c 001c 001c 001c 001c 0096 001c 001c 001d 001c 001c 001c 001c 001c 001c 004f 0050 0051 0052 001c 001c 001c 001c 001c 03e5 001c 0638 02f4 0fff 00b9 0fff 0fff 0fff 0fff 00c0 00c1
00ad 00a3 0058 82fa 823a 8fff 8fff 023a 023a 023a 0fff 0fff 0388 0389 038a 0fff 808e 808e 008e 008e 808e 008e 008e 06d4 0fff 018d 02ee 0211 01e7 0fff 001c 0333 001c 0220 001c 001c 001c 001c 001c 001c 0221 0fff 0fff 001c 0fff 0fff 001c 001c 00d1 0fff 0fff 0fff 0527 00d8 001d 001c 001c 001c 001c 001c 001c 001c 001c 001c 04d5 04d6 007a 0fff 001c 001c 001c 015e 015f 001c 041e 0310 0306 0fff 0fff 0fff 04b6 001c 02cb 0fff 00d9
0fff 06a5 0082 0fff 0fff 023a 023a 023a 023a 06ce 0fff 0fff 0fff 0389 03dd 8622 8fff 8fff 023a 008e 808e 023a 023a 0fff 8fff 01b6 018d 06ce 0fff 0fff 001c 001c 001c 001c 001c 001c 001c 001c 001c 001c 0252 0253 0fff 001c 0199 06c6 001c 001c 0fff 0fff 0114 0fff 0fff 00fa 001c 001c 001c 001c 0042 001c 001c 001c 001c 001c 04f8 04f9 009f 0fff 001c 001c 001c 001c 0464 001c 001c 0322 0323 0324 02cb 02cc 02cc 02cc 02cc 02cc
0fff 00a3 0fff 0fff 023a 023a 023a 023a 0fff 0fff 0fff 0fff 0fff 0fff 020f 8fff 0fff 8fff 8fff 4fff 408e 4fff 8fff 823a 8fff 01e7 01b6 000a 0fff 02fd 0fff 001c 001c 001c 001c 001c 001c 001c 0fff 0fff 0fff 0fff 0660 001c 0595 0fff 0420 0594 001c 001c 04f5 04f6 001c 001c 001c 001c 001c 001c 0096 001c 001c 001c 001c 001c 0510 0511 00bd 0fff 001c 001c 001c 001c 03fb 001c 001c 041f 001c 0421 001c 001c 001c 001c 0050 0051 0fff
00fb 0fff 0fff 01e2 023a 023a 023a 0fff 0fff 0fff 0fff 0fff 06f7 0fff 03dd 0fff 0612 0fff 0fff 8fff 8fff 823a 823a 023a 0fff 0fff 01e7 0fff 0fff 0fff 001c 0274 001c 001c 001c 001c 001c 001c 0fff 0fff 0fff 0fff 001c 001c 001c 0fff 001c 06c6 0fff 001c 001c 001c 001c 001c 001c 0fff 0fff 001c 001d 001c 001c 001c 001c 001c 0fff 0fff 0fff 0fff 001c 001c 001c 0fff 001c 041e 017e 0fff 0155 0155 0fff 001c 001c 04d5 04d6 033a 033b
00ad 0fff 8fff 823a 023a 023a 823a 0fff 0741 0741 0741 0fff 0fff 0fff 0fff 0fff 0fff 0161 0fff 0fff 0fff 0fff 023a 023a 023a 0fff 0fff 06a8 0fff 000a 001c 0333 001c 001c 001c 03fd 03fe 001c 0fff 0fff 0fff 0fff 0fff 0698 001c 001c 001c 06c6 001c 0fff 001c 001c 001c 001c 001c 001c 015b 001c 015b 001c 001c 001c 001c 001c 054e 0fff 0fff 0fff 001c 001c 001c 0fff 0fff 0fff 0fff 001c 001c 001c 017e 073e 001c 04f8 04f9 0358 0359
00ad 071e 8311 823a 023a 023a 823a 0fff 0fff 0fff 0fff 0fff 0375 0389 0fff 0fff 0fff 0763 0fff 0fff 0fff 023a 023a 023a 050b 0fff 0fff 000a 0fff 000a 001c 001c 001c 001c 03b7 0422 0114 0115 001c 001c 001c 0fff 0fff 001c 001c 001c 001c 001c 001c 0096 001c 001c 001c 001c 001c 001c 0fff 001c 076c 001c 001c 001c 001c 001c 0fff 0fff 001c 0fff 001c 001c 001c 001c 0fff 001c 001c 001c 0fff 0430 001c 017e 001c 0510 0511 036d 036e 001c 001c 001c 0fff 0fff 0fff
00fb 06a5 82fa 823a 423a 408e 423a 4fff 0fff 0776 0fff 0fff 0375 0fff 0fff 0fff 0fff 0fff 0fff 0fff 01df 023a 023a 023a 06d4 03c7 0fff 000a 06f5 000a 001c 0333 001c 001c 001c 0fff 0fff 001c 0fff 0fff 0783 0fff 0fff 001c 001c 001c 001c 001c 001c 0199 001c 001c 001c 001c 001c 001c 0042 001c 0042 068a 001c 001c 001c 001c 001c 001c 001c 001c 001c 001c 001c 001c 001c 001c 0fff 001c 001c 001c 001c 03cc 001c 0fff 0fff 0fff 0381 001c 001c 001c 0fff 0fff 0646
00ad 0311 cfff 8fff 423a 423a 423a 423a 46df 4fff 8fff 0fff 0fff 0fff 0fff 0fff 0fff 0fff 0182 01a7 0fff 0fff 023a 823a 050b 03c7 0715 000a 0fff 0fff 001c 0fff 02df 001c 001c 001c 001c 001c 001c 0fff 0718 0fff 001c 001c 001c 001c 044d 001c 041e 0096 001c 0fff 0fff 03fe 0fff 001c 0096 001c 0096 0691 001c 001c 001c 001c 001c 001c 001c 001c 001c 001c 001c 0616 001c 024e 041e 001c 001c 001c 001c 001c 001c 0fff 0fff 0fff 0fff 001c 001c 001c 0fff 0fff 065b
0fff cfff cfff cfff cfff 8fff 8fff 8707 87ae 823a 80fb 0fff 0fff 0fff 0fff 0fff 07b2 01a8 0182 0182 8fff 023a 008e 823a 0fff 841a 8707 06c0 0fff 0411 001c 0fff 0fff 0433 03ab 0433 03ab 0fff 001c 001c 001c 0fff 001c 001c 001c 001c 001c 0fff 001c 0fff 001c 0fff 0fff 0114 0115 001c 001d 001c 001d 0331 001c 02df 0433 001c 0693 0619 0694 0619 001c 001c 001c 001c 001c 0fff 001c 001c 001c 001c 001c 001c 001c 0627 046b 06c6 0fff 001c 001c 001c 0466 001c 0fff
05bc cfff c08e c5b1 cfff c08e c08e c45f cfff 823a 8fff 0fff 0fff 0fff 0fff 0fff 0fff 8fff 85c6 86ba 8fff 423a 46d1 423a 423a 8fff c5ea 023a 0fff 0fff 001c 001c 0fff 0fff 0fff 0fff 07d4 07d4 02df 001c 001c 0fff 001c 006c 001c 044e 0fff 04b2 001c 001c 001c 001c 001c 0526 001c 001c 0fff 0fff 07d7 006e 001c 001c 0619 001c 0fff 078c 0fff 068a 0fff 001c 001c 001c 0464 001c 03fb 001c 001c 001c 0773 001c 0619 001c 0773 001c 001c 001c 001c 001c 07d7 0619 0694
00df cfff cfff c08e c08e c474 c56f cfff c3f5 8fff 823a 0fff 0389 0389 0fff 07e1 8fff 8fff cfff c23a cfff 8fff 823a 823a 8714 c714 cfff 81e2 8fff 06e0 01ef 063d 0fff 07d1 0fff 063f 0fff 0fff 0fff 001c 001c 0650 0fff 001c 0fff 001c 04b2 001c 07d7 0fff 02df 0fff 001c 001c 0fff 07d7 0fff 0466 07d2 068a 050e 062c 001c 07da 0306 0fff 0fff 0fff 0fff 001c 001c 001c 03cc 001c 001c 001c 001c 063d 0fff 0fff 0fff 0fff 0fff 0641 001c 001c 001c 0466 0fff 068a 0641
0fff cfff c474 c56f cfff cfff cfff c64c c02d 87ac 86f4 0fff 023e 023f 023f 0240 8fff 8fff 023a 023a 023a c34a c23a cfff cfff c7ac 0fff 8707 c6d1 0fff 0220 031a 0fff 0fff 0fff 0654 0fff 0fff 001c 001c 001c 001c 00b1 001c 0fff 0199 001c 0fff 07d3 03c9 0691 03c9 0691 0fff 0fff 0fff 001c 0466 0fff 0691 001c 001c 001c 078c 0fff 0306 0307 065b 0fff 031d 001c 001c 001c 001c 0fff 001c 001c 031a 0fff 0fff 0fff 0fff 0fff 0656 001c 0638 02f4 0fff 0fff 0691 0656
0168 cfff c411 c802 c64c c802 c64c c02d c058 cfff 87ae 826c 026d 026e 026e 0240 8fff 0fff c411 c802 c801 0802 064c 0fff 01e0 02d6 823a 8fff c18d 0327 001c 001c 0fff 0fff 0654 0fff 0fff 001c 001c 0fff 001c 001c 0fff 02c8 0fff 001c 001c 0fff 0331 001c 001c 0691 03c9 0fff 001c 001c 001c 0096 069e 0331 001c 001c 001c 078b 078c 0fff 0324 0816 001c 0333 001c 001c 0464 0463 029b 001c 001c 0fff 0fff 0826 0fff 0fff 0fff 0fff 001c 0310 0306 0307 0fff 001c 0663
0fff 0fff 0fff 0411 0802 064c 0699 0058 c082 cfff cfff c803 026d 026e 026e 0240 c804 cfff 0fff 0411 0802 cfff cfff 8fff 8fff 8fff 8fff 86f9 01b6 035a 001c 001c 006e 0fff 0fff 080e 001c 001c 001c 0fff 02e1 02e2 02e3 02e4 02e4 02e5 02e6 0fff 001c 0331 0691 0331 0691 001c 001c 001c 001c 001d 001c 001c 001c 001c 001c 07a6 07a7 065b 001c 001c 001c 001c 001c 001c 001c 001c 001c 001c 001c 001c 001c 0830 0fff 0fff 0655 0656 001c 0322 0323 0324
0fff 0131 0fff 0fff 0327 0fff 002d 0082 0fff 84e0 c2fa c26c 023e 023f 023f 0240 cfff 823a 0fff 0fff 0411 065e 0411 81db 8fff 8fff 8411 8fff 01e7 036f 0638 02f4 0fff 0619 0331 001c 001c 031d 001c 0fff 42f2 42f2 42f2 42f2 42f2 42f2 02f2 0fff 001c 0020 0331 001c 0331 001c 001c 001c 0420 001c 001c 001c 001c 001c 001c 001c 001c 001c 001c 001c 001c 001c 001c 001c 001c 001c 001c 001c 001c 001c 001c 001c 0276 001c 0276 001c 001c 041f 001c 0421
0fff 0857 0fff 035a 0036 035a 0058 0fff 02ee 843c c5bf cfff 0374 0375 0375 023f c377 8fff 01e2 072a 06f4 0243 0fff 8243 8fff 8fff 8fff 8fff 0722 0382 0310 0306 0fff 068a 0641 001c 001c 0333 001c 0855 4302 4302 4302 4302 4302 4302 4302 0fff 001c 001c 001c 001c 001c 001c 001c 001c 001c 001c 001c 001c 001c 001c 001c 001c 001c 001c 001c 001c 001c 0301 030a 030b 030c 030d 030d 030e 030f 0303
0fff 0863 005e 036f 005e 036f 0082 0378 8fff 8fff c5bf c85a 0388 0389 0389 038a c38c 8fff 8709 07e6 0081 035a 01b8 035b 8fff 8fff 8fff 8fff 0fff 0fff 0322 0323 0fff 0691 0656 001c 001c 001c 001c 0fff 401c 401c 401c 401c 401c 401c 401c 001c 001c 001c 001c 001c 001c 001c 001c 001c 001c 001c 001c 001c 001c 001c 001c 001c 001c 001c 001c 001c 001c 0317 0095 001c 001c 001c 001c 001c 0fff 0318
0fff 00e3 0fff 00e3 0fff 0fff 02c0 0fff 8fff 802d cfff cfff 026d 026e 026e 0240 cfff 818d 84e6 0081 0083 036f 0370 0371 8036 838d 8470 8081 8036 035a 0020 0fff 0fff 0331 0663 001c 001c 001c 001c 001c 801c 801c 8fff 801c 801c 8199 801c 001c 001c 001c 001c 001c 001c 001c 001c 001c 001c 001c 001c 001c 001c 001c 001c 001c 001c 001c 001c 001c 001c 001c 001c 001c 001c 001c 03cc
0038 035a 0036 035a 038d 0fff 8482 0483 835a 8058 8311 8fff 023e 023f 023f 0240 cfff 81b6 835a 0083 00a4 865f 0384 0385 805e 811a 8fff 8083 805e 036f 001c 001c 001c 001c 001c 001c 001c 001c 001c 001c 801c 801c 8fff 801c 801c 8199 801c 001c 001c 001c 001c 001c 001c 001c 006b 001c 001c 001c 001c 001c 001c 001c 001c 001c 001c 001c 001c 001c 001c 001c 001c 001c 03fb 03e5
0060 036f 005e 036f c11a 887f 849e 849f 036f 0082 0fff 0fff 026d 026e 026e 0240 8fff 01e7 036f 00a4 0fff 0fff 05c6 8fff 4fff 0134 0fff 00a4 0fff 0fff 001c 001c 001c 001c 001c 001c 001c 001c 001c 001c 001c 001c 0fff 001c 001c 001c 001c 001c 01ef 001c 001c 001c 001c 001c 0094 001c 001c 001c 001c 001c 001c 001c 001c 001c 001c 001c 001c 001c 001c 001c 001c 001c 001c 0463
042d 02bc 088a 0fff 0134 8888 0fff 0fff 8fff 8fff 0fff 0fff 026d 026e 026e 0240 8fff 8fff 4625 8fff 0fff 0fff 0fff 8fff 8fff 002d 0fff 018d 0fff 0fff 001c 001c 001c 001c 001c 001c 001c 001c 001c 001c c01c c01c 06fe 001c 0fff c199 c01c 001c 0220
0fff 04e6 0fff 0fff 002d 089b 0888 0fff 0fff 087f 0483 087f 0290 0291 0291 0292 087f 0483 087f 0483 087f 0fff 087f 0483 087f 0058 0fff 0342 0483 087f 001c 001c 001c 001c 001c 001c 001c 001c 001c 001c c01c c01c 001c 0fff 001c c01c c01c
0fff 01b7 08a4 087f 0058 08a5 08a2 0888 08a2 0888 08a2 0888 0fff 08a8 08a8 08a8 0888 08a2 0888 08a2 0888 08a2 0888 08a2 0888 839d 0fff 035f 08a2 0888 001c 001c 001c 001c 001c 001c 001c 001c 001c 001c c01c c01c 001c 001c 001c c01c c01c
01e9 01e8 08a2 0888 039d 08a9 0888 08a2 0888 08a2 0888 08a2 08a8 08a8 08a8 08a8 08a2 0888 08a2 0888 08a2 0888 08a2 0888 08a2 039d 08a5 035f 0888 08a2 001c 001c 001c 001c 001c 001c 001c 001c 001c 001c c01c c01c 001c 001c 001c c01c c01c
01e8 01e9 0888 08a2 039d 08a5 08a2 0888 08a2 0888 08a2 0888 08a8 08a8 08a8 08a8 0888 08a2 0888 08a2 0888 08a2 0888 08a2 0888 039d 08a9 035f 08a2 0888


0fff 0fff 0fff 0fff 0fff 08ab 0fff 0fff
0fff 0fff 0fff 0fff 0fff 08b2 0fff 08b4
0fff 0fff 0fff 0fff 0fff 08ab 0fff 08b0
0fff 0fff 0fff 0fff 0fff 08b2 0fff 08b4

04d7 0469 007c 007d 0fff 04d7 0469 007c 007d
04fa 0fff 0fff 0fff 0fff 04fa 047c 04fb 04fc
0fff 0514 0515 0516 0fff 0513 0514 0515 0516 00c1
